customer_id,first_name,last_name,email,city,state,country,region,acquisition_channel,first_order_date
1,Omar,Jackson,omar.jackson1@example.com,San Diego,CA,USA,West,Paid Social,2024-10-27
2,Emma,Diaz,emma.diaz2@example.com,Cleveland,OH,USA,Midwest,Organic Search,2023-08-05
3,Ahmed,Zhang,ahmed.zhang3@example.com,Philadelphia,PA,USA,Northeast,Paid Social,2024-09-27
4,Mark,Patel,mark.patel4@example.com,San Jose,CA,USA,West,Organic Search,2026-07-20
5,Mia,Gonzalez,mia.gonzalez5@example.com,Minneapolis,MN,USA,Midwest,Paid Social,2026-08-14
6,Priya,Miller,priya.miller6@example.com,Austin,TX,USA,South,Organic Search,2023-12-22
7,Elizabeth,Lopez,elizabeth.lopez7@example.com,Melbourne,VIC,Australia,International,Paid Social,2026-02-28
8,Liam,Torres,liam.torres8@example.com,Vancouver,BC,Canada,International,Direct,2026-07-03
9,Wei,Martinez,wei.martinez9@example.com,Sacramento,CA,USA,West,Organic Search,2025-06-24
10,Vikram,Kim,vikram.kim10@example.com,Houston,TX,USA,South,Paid Social,2023-06-01
11,Liam,Williams,liam.williams11@example.com,Houston,TX,USA,South,Paid Social,2024-08-10
12,Barbara,Nguyen,barbara.nguyen12@example.com,Manchester,,UK,International,Paid Social,2025-08-05
13,Jennifer,Rao,jennifer.rao13@example.com,Vancouver,BC,Canada,International,Direct,2024-10-20
14,Ethan,Martinez,ethan.martinez14@example.com,Houston,TX,USA,South,Paid Social,2024-12-04
15,William,Li,william.li15@example.com,Columbus,OH,USA,Midwest,Organic Search,2025-06-15
16,Amelia,Zhang,amelia.zhang16@example.com,Sydney,NSW,Australia,International,Organic Search,2025-02-02
17,Luis,Nair,luis.nair17@example.com,Miami,FL,USA,South,Direct,2023-04-18
18,Jin,Jones,jin.jones18@example.com,Miami,FL,USA,South,Organic Search,2025-03-02
19,Karen,Patel,karen.patel19@example.com,Philadelphia,PA,USA,Northeast,Direct,2023-10-17
20,Amit,Wright,amit.wright20@example.com,Orlando,FL,USA,South,Organic Search,2023-06-23
21,Ana,Wright,ana.wright21@example.com,Miami,FL,USA,South,Email Marketing,2025-12-14
22,Elena,Li,elena.li22@example.com,Cleveland,OH,USA,Midwest,Organic Search,2024-09-24
23,Margaret,Patel,margaret.patel23@example.com,Baltimore,MD,USA,Northeast,Organic Search,2023-10-09
24,Rajesh,Miller,rajesh.miller24@example.com,Milwaukee,WI,USA,Midwest,Direct,2025-12-14
25,Yuki,Baker,yuki.baker25@example.com,Sydney,NSW,Australia,International,Organic Search,2025-02-10
26,Lisa,Diaz,lisa.diaz26@example.com,Sydney,NSW,Australia,International,Email Marketing,2023-12-06
27,Jennifer,Nair,jennifer.nair27@example.com,Cleveland,OH,USA,Midwest,Direct,2024-05-01
28,Neha,Adams,neha.adams28@example.com,Sacramento,CA,USA,West,Organic Search,2024-05-04
29,Aiden,Gonzalez,aiden.gonzalez29@example.com,Cleveland,OH,USA,Midwest,Direct,2026-03-14
30,Noah,Baker,noah.baker30@example.com,Detroit,MI,USA,Midwest,Direct,2025-10-26
31,Christopher,Gonzalez,christopher.gonzalez31@example.com,Manchester,,UK,International,Organic Search,2024-05-27
32,Sophia,Kumar,sophia.kumar32@example.com,Toronto,ON,Canada,International,Referral,2025-11-22
33,Neha,Garcia,neha.garcia33@example.com,San Jose,CA,USA,West,Organic Search,2025-11-17
34,Chen,Garcia,chen.garcia34@example.com,Seattle,WA,USA,West,Email Marketing,2024-12-16
35,Omar,Brown,omar.brown35@example.com,Orlando,FL,USA,South,Paid Social,2024-04-27
36,William,Kumar,william.kumar36@example.com,Seattle,WA,USA,West,Organic Search,2023-07-22
37,Jin,Martinez,jin.martinez37@example.com,Dallas,TX,USA,South,Organic Search,2025-08-25
38,Sarah,Adams,sarah.adams38@example.com,Las Vegas,NV,USA,West,Paid Social,2023-01-11
39,Robert,Taylor,robert.taylor39@example.com,Indianapolis,IN,USA,Midwest,Email Marketing,2026-01-28
40,Amelia,Iyer,amelia.iyer40@example.com,San Diego,CA,USA,West,Direct,2024-05-01
41,Michael,Thomas,michael.thomas41@example.com,St. Louis,MO,USA,Midwest,Direct,2026-06-29
42,Joseph,Wang,joseph.wang42@example.com,Manchester,,UK,International,Paid Social,2026-07-18
43,Priya,Hill,priya.hill43@example.com,Austin,TX,USA,South,Organic Search,2023-01-04
44,Priya,Tanaka,priya.tanaka44@example.com,St. Louis,MO,USA,Midwest,Organic Search,2023-06-25
45,Maria,Jones,maria.jones45@example.com,Raleigh,NC,USA,South,Paid Social,2025-11-05
46,Luis,Chen,luis.chen46@example.com,Chicago,IL,USA,Midwest,Direct,2025-02-03
47,Robert,Gupta,robert.gupta47@example.com,Phoenix,AZ,USA,West,Paid Social,2026-07-10
48,Jin,Rodriguez,jin.rodriguez48@example.com,Chicago,IL,USA,Midwest,Paid Social,2024-11-24
49,Daniel,Baker,daniel.baker49@example.com,Kansas City,MO,USA,Midwest,Referral,2025-09-07
50,Sarah,Jones,sarah.jones50@example.com,Kansas City,MO,USA,Midwest,Organic Search,2024-02-17
51,Betty,Williams,betty.williams51@example.com,Atlanta,GA,USA,South,Referral,2025-11-21
52,Harper,Chen,harper.chen52@example.com,Boston,MA,USA,Northeast,Organic Search,2026-08-17
53,Carlos,Baker,carlos.baker53@example.com,Houston,TX,USA,South,Email Marketing,2024-11-10
54,Jose,Iyer,jose.iyer54@example.com,Orlando,FL,USA,South,Direct,2025-03-02
55,Lisa,Wang,lisa.wang55@example.com,Baltimore,MD,USA,Northeast,Paid Social,2025-11-29
56,William,Flores,william.flores56@example.com,Pittsburgh,PA,USA,Northeast,Organic Search,2026-05-18
57,Lisa,Liu,lisa.liu57@example.com,Detroit,MI,USA,Midwest,Organic Search,2023-06-13
58,Rajesh,Martin,rajesh.martin58@example.com,Sacramento,CA,USA,West,Direct,2025-05-22
59,Olivia,Gupta,olivia.gupta59@example.com,Sacramento,CA,USA,West,Organic Search,2024-12-23
60,Chen,Moore,chen.moore60@example.com,Melbourne,VIC,Australia,International,Referral,2023-04-28
61,Ahmed,Kumar,ahmed.kumar61@example.com,Milwaukee,WI,USA,Midwest,Email Marketing,2023-11-24
62,Charles,Park,charles.park62@example.com,Sacramento,CA,USA,West,Organic Search,2023-05-18
63,Maria,Kumar,maria.kumar63@example.com,Tampa,FL,USA,South,Referral,2023-03-08
64,Liam,Kumar,liam.kumar64@example.com,Cleveland,OH,USA,Midwest,Paid Social,2023-06-07
65,Amelia,Kumar,amelia.kumar65@example.com,Orlando,FL,USA,South,Organic Search,2024-07-24
66,Joseph,Johnson,joseph.johnson66@example.com,Columbus,OH,USA,Midwest,Paid Social,2025-03-03
67,Jessica,Taylor,jessica.taylor67@example.com,Boston,MA,USA,Northeast,Direct,2024-03-15
68,Neha,Diaz,neha.diaz68@example.com,Baltimore,MD,USA,Northeast,Organic Search,2023-10-05
69,Liam,Lopez,liam.lopez69@example.com,Sacramento,CA,USA,West,Referral,2024-10-16
70,David,Yamamoto,david.yamamoto70@example.com,Salt Lake City,UT,USA,West,Organic Search,2024-09-06
71,Daniel,Kumar,daniel.kumar71@example.com,Milwaukee,WI,USA,Midwest,Organic Search,2024-02-16
72,Priya,Wang,priya.wang72@example.com,Los Angeles,CA,USA,West,Paid Social,2026-03-18
73,Thomas,Nguyen,thomas.nguyen73@example.com,Philadelphia,PA,USA,Northeast,Organic Search,2025-03-26
74,Sophia,Zhang,sophia.zhang74@example.com,St. Louis,MO,USA,Midwest,Direct,2026-03-23
75,Wei,Wright,wei.wright75@example.com,Phoenix,AZ,USA,West,Paid Social,2025-11-25
76,Lisa,Baker,lisa.baker76@example.com,Dallas,TX,USA,South,Paid Social,2023-04-24
77,Mason,Martinez,mason.martinez77@example.com,Portland,OR,USA,West,Organic Search,2024-10-22
78,Mark,Gupta,mark.gupta78@example.com,Raleigh,NC,USA,South,Email Marketing,2023-06-11
79,Vikram,Rodriguez,vikram.rodriguez79@example.com,Melbourne,VIC,Australia,International,Organic Search,2025-12-28
80,Nancy,Kim,nancy.kim80@example.com,London,,UK,International,Organic Search,2026-07-02
81,Yuki,Tanaka,yuki.tanaka81@example.com,Chicago,IL,USA,Midwest,Email Marketing,2023-02-28
82,Rohan,Wright,rohan.wright82@example.com,Indianapolis,IN,USA,Midwest,Direct,2025-05-03
83,Patricia,Wang,patricia.wang83@example.com,Melbourne,VIC,Australia,International,Paid Social,2026-08-07
84,Sophia,Thomas,sophia.thomas84@example.com,Orlando,FL,USA,South,Organic Search,2023-05-30
85,Christopher,Rao,christopher.rao85@example.com,St. Louis,MO,USA,Midwest,Paid Social,2024-02-22
86,Charles,Sharma,charles.sharma86@example.com,Atlanta,GA,USA,South,Direct,2024-12-08
87,Thomas,Adams,thomas.adams87@example.com,Cleveland,OH,USA,Midwest,Paid Social,2023-08-06
88,Noah,Davis,noah.davis88@example.com,Nashville,TN,USA,South,Paid Social,2023-10-16
89,Rajesh,Singh,rajesh.singh89@example.com,Sydney,NSW,Australia,International,Paid Social,2023-11-24
90,Wei,Gonzalez,wei.gonzalez90@example.com,San Jose,CA,USA,West,Paid Social,2025-11-20
91,Amit,Wang,amit.wang91@example.com,Los Angeles,CA,USA,West,Organic Search,2025-03-16
92,Priya,Wilson,priya.wilson92@example.com,London,,UK,International,Paid Social,2023-04-14
93,Aiden,Jackson,aiden.jackson93@example.com,Salt Lake City,UT,USA,West,Organic Search,2023-08-09
94,Rohan,Flores,rohan.flores94@example.com,Cleveland,OH,USA,Midwest,Direct,2025-01-19
95,Michael,Tanaka,michael.tanaka95@example.com,Toronto,ON,Canada,International,Organic Search,2026-02-07
96,Luis,Li,luis.li96@example.com,Sacramento,CA,USA,West,Direct,2024-07-26
97,Jessica,Rodriguez,jessica.rodriguez97@example.com,San Antonio,TX,USA,South,Paid Social,2024-11-25
98,Maria,Adams,maria.adams98@example.com,Austin,TX,USA,South,Organic Search,2025-11-08
99,Jennifer,Williams,jennifer.williams99@example.com,Chicago,IL,USA,Midwest,Organic Search,2024-11-13
100,Mason,Mehta,mason.mehta100@example.com,Austin,TX,USA,South,Direct,2025-11-21
101,Wei,Hernandez,wei.hernandez101@example.com,Orlando,FL,USA,South,Referral,2024-09-04
102,Ethan,Li,ethan.li102@example.com,Salt Lake City,UT,USA,West,Paid Social,2026-02-26
103,Robert,Kumar,robert.kumar103@example.com,Miami,FL,USA,South,Direct,2025-05-03
104,Patricia,Park,patricia.park104@example.com,Las Vegas,NV,USA,West,Organic Search,2026-03-30
105,Michael,Kim,michael.kim105@example.com,Las Vegas,NV,USA,West,Organic Search,2026-07-12
106,Ana,Martinez,ana.martinez106@example.com,Denver,CO,USA,West,Organic Search,2023-08-14
107,Olivia,Sharma,olivia.sharma107@example.com,St. Louis,MO,USA,Midwest,Organic Search,2024-02-22
108,Aiden,Green,aiden.green108@example.com,Houston,TX,USA,South,Direct,2025-11-28
109,Mei,Scott,mei.scott109@example.com,Las Vegas,NV,USA,West,Paid Social,2024-10-04
110,Emma,Liu,emma.liu110@example.com,Miami,FL,USA,South,Paid Social,2026-08-10
111,Rohan,Nguyen,rohan.nguyen111@example.com,Las Vegas,NV,USA,West,Organic Search,2024-05-19
112,Sunita,Anderson,sunita.anderson112@example.com,Portland,OR,USA,West,Direct,2024-02-29
113,Lucas,Sharma,lucas.sharma113@example.com,Las Vegas,NV,USA,West,Paid Social,2024-07-14
114,Harper,Singh,harper.singh114@example.com,Orlando,FL,USA,South,Email Marketing,2023-10-27
115,Neha,Hill,neha.hill115@example.com,Philadelphia,PA,USA,Northeast,Paid Social,2025-06-24
116,Sophia,Wilson,sophia.wilson116@example.com,Charlotte,NC,USA,South,Email Marketing,2024-07-09
117,Kavita,Rodriguez,kavita.rodriguez117@example.com,San Antonio,TX,USA,South,Direct,2026-04-16
118,Michael,Scott,michael.scott118@example.com,Raleigh,NC,USA,South,Organic Search,2024-04-21
119,Sofia,Patel,sofia.patel119@example.com,Las Vegas,NV,USA,West,Organic Search,2023-10-09
120,Christopher,Nair,christopher.nair120@example.com,Las Vegas,NV,USA,West,Paid Social,2024-02-13
121,Neha,Sharma,neha.sharma121@example.com,Detroit,MI,USA,Midwest,Direct,2023-07-03
122,Sandra,Liu,sandra.liu122@example.com,Chicago,IL,USA,Midwest,Referral,2023-12-25
123,Daniel,Williams,daniel.williams123@example.com,Orlando,FL,USA,South,Email Marketing,2024-01-17
124,Rajesh,Williams,rajesh.williams124@example.com,New York,NY,USA,Northeast,Organic Search,2026-05-19
125,Jin,Jackson,jin.jackson125@example.com,Kansas City,MO,USA,Midwest,Referral,2026-01-17
126,Sarah,Li,sarah.li126@example.com,Kansas City,MO,USA,Midwest,Organic Search,2023-08-19
127,Emma,Wright,emma.wright127@example.com,Boston,MA,USA,Northeast,Direct,2023-01-29
128,Rajesh,Tanaka,rajesh.tanaka128@example.com,Charlotte,NC,USA,South,Organic Search,2026-08-01
129,Elena,Li,elena.li129@example.com,Atlanta,GA,USA,South,Organic Search,2023-07-15
130,Sarah,Chen,sarah.chen130@example.com,Atlanta,GA,USA,South,Referral,2023-01-14
131,Priya,Rao,priya.rao131@example.com,Nashville,TN,USA,South,Referral,2024-09-10
132,Mary,Taylor,mary.taylor132@example.com,Cleveland,OH,USA,Midwest,Direct,2023-05-08
133,Noah,Martin,noah.martin133@example.com,San Jose,CA,USA,West,Paid Social,2025-10-26
134,Amit,Diaz,amit.diaz134@example.com,San Diego,CA,USA,West,Direct,2024-08-27
135,Mark,Anderson,mark.anderson135@example.com,Dallas,TX,USA,South,Paid Social,2025-07-20
136,Jose,Nair,jose.nair136@example.com,Toronto,ON,Canada,International,Referral,2026-01-05
137,Margaret,Adams,margaret.adams137@example.com,Denver,CO,USA,West,Direct,2026-05-05
138,William,Zhang,william.zhang138@example.com,Sacramento,CA,USA,West,Paid Social,2025-01-10
139,Joseph,Brown,joseph.brown139@example.com,Toronto,ON,Canada,International,Email Marketing,2024-02-19
140,Karen,Hernandez,karen.hernandez140@example.com,Atlanta,GA,USA,South,Email Marketing,2025-06-23
141,Anthony,Hill,anthony.hill141@example.com,London,,UK,International,Paid Social,2025-11-11
142,Linda,Mehta,linda.mehta142@example.com,Dallas,TX,USA,South,Paid Social,2025-07-24
143,Noah,Torres,noah.torres143@example.com,Portland,OR,USA,West,Direct,2025-03-21
144,James,Green,james.green144@example.com,Indianapolis,IN,USA,Midwest,Paid Social,2023-04-03
145,David,Liu,david.liu145@example.com,Houston,TX,USA,South,Referral,2023-05-22
146,Aiden,Williams,aiden.williams146@example.com,Detroit,MI,USA,Midwest,Paid Social,2023-10-05
147,Omar,Kumar,omar.kumar147@example.com,Tampa,FL,USA,South,Paid Social,2025-02-12
148,Harper,Rodriguez,harper.rodriguez148@example.com,Minneapolis,MN,USA,Midwest,Organic Search,2026-01-05
149,Thomas,Flores,thomas.flores149@example.com,Seattle,WA,USA,West,Email Marketing,2023-02-16
150,Noah,Torres,noah.torres150@example.com,Salt Lake City,UT,USA,West,Paid Social,2025-02-15
151,Arjun,Mehta,arjun.mehta151@example.com,Minneapolis,MN,USA,Midwest,Organic Search,2024-01-22
152,Joseph,Williams,joseph.williams152@example.com,St. Louis,MO,USA,Midwest,Direct,2023-02-02
153,David,Miller,david.miller153@example.com,Manchester,,UK,International,Organic Search,2026-05-09
154,Michael,Thomas,michael.thomas154@example.com,Chicago,IL,USA,Midwest,Paid Social,2024-04-24
155,Linda,Rodriguez,linda.rodriguez155@example.com,Milwaukee,WI,USA,Midwest,Referral,2024-04-24
156,Wei,Tanaka,wei.tanaka156@example.com,Manchester,,UK,International,Direct,2024-10-18
157,Charles,Scott,charles.scott157@example.com,Raleigh,NC,USA,South,Organic Search,2024-09-07
158,Daniel,Kelly,daniel.kelly158@example.com,Pittsburgh,PA,USA,Northeast,Paid Social,2023-04-07
159,Ana,Zhang,ana.zhang159@example.com,Atlanta,GA,USA,South,Direct,2025-04-16
160,Ana,Lopez,ana.lopez160@example.com,Salt Lake City,UT,USA,West,Paid Social,2024-04-06
161,Charles,Mehta,charles.mehta161@example.com,Houston,TX,USA,South,Paid Social,2025-05-03
162,Sarah,Singh,sarah.singh162@example.com,Denver,CO,USA,West,Organic Search,2024-11-07
163,Liam,Kumar,liam.kumar163@example.com,Philadelphia,PA,USA,Northeast,Paid Social,2024-01-26
164,Ana,Torres,ana.torres164@example.com,Manchester,,UK,International,Direct,2023-05-30
165,Margaret,Chen,margaret.chen165@example.com,Indianapolis,IN,USA,Midwest,Email Marketing,2024-11-12
166,Mary,Wilson,mary.wilson166@example.com,Charlotte,NC,USA,South,Referral,2023-08-29
167,Sophia,Thomas,sophia.thomas167@example.com,Manchester,,UK,International,Direct,2025-03-23
168,Mei,Baker,mei.baker168@example.com,Detroit,MI,USA,Midwest,Paid Social,2025-12-28
169,Amit,Taylor,amit.taylor169@example.com,Cleveland,OH,USA,Midwest,Paid Social,2025-10-15
170,Aiden,Adams,aiden.adams170@example.com,Atlanta,GA,USA,South,Referral,2025-01-29
171,Jennifer,Tanaka,jennifer.tanaka171@example.com,Seattle,WA,USA,West,Direct,2023-02-03
172,Omar,Jackson,omar.jackson172@example.com,Austin,TX,USA,South,Organic Search,2024-04-16
173,Arjun,Wang,arjun.wang173@example.com,Toronto,ON,Canada,International,Direct,2024-11-22
174,Lucas,Flores,lucas.flores174@example.com,Baltimore,MD,USA,Northeast,Paid Social,2024-12-22
175,Harper,Wang,harper.wang175@example.com,Columbus,OH,USA,Midwest,Referral,2026-01-15
176,Linda,Zhang,linda.zhang176@example.com,Chicago,IL,USA,Midwest,Email Marketing,2023-06-02
177,Michael,Adams,michael.adams177@example.com,New York,NY,USA,Northeast,Paid Social,2026-07-15
178,Karen,Smith,karen.smith178@example.com,Indianapolis,IN,USA,Midwest,Paid Social,2025-02-03
179,Sophia,Scott,sophia.scott179@example.com,Baltimore,MD,USA,Northeast,Organic Search,2025-12-25
180,Mary,Johnson,mary.johnson180@example.com,Raleigh,NC,USA,South,Direct,2026-01-02
181,Robert,Li,robert.li181@example.com,Pittsburgh,PA,USA,Northeast,Email Marketing,2024-01-03
182,Richard,Zhang,richard.zhang182@example.com,Austin,TX,USA,South,Organic Search,2026-06-23
183,Carlos,Moore,carlos.moore183@example.com,Orlando,FL,USA,South,Organic Search,2025-04-11
184,Arjun,Diaz,arjun.diaz184@example.com,Seattle,WA,USA,West,Organic Search,2023-06-15
185,John,Garcia,john.garcia185@example.com,Orlando,FL,USA,South,Paid Social,2026-02-05
186,Mary,Diaz,mary.diaz186@example.com,San Jose,CA,USA,West,Organic Search,2025-06-07
187,Jin,Tanaka,jin.tanaka187@example.com,San Antonio,TX,USA,South,Email Marketing,2023-03-29
188,Aiden,Moore,aiden.moore188@example.com,Chicago,IL,USA,Midwest,Referral,2024-07-28
189,John,Lopez,john.lopez189@example.com,Atlanta,GA,USA,South,Organic Search,2024-02-29
190,Fatima,Jones,fatima.jones190@example.com,Portland,OR,USA,West,Organic Search,2024-05-07
191,Luis,Torres,luis.torres191@example.com,Salt Lake City,UT,USA,West,Organic Search,2023-10-14
192,William,Li,william.li192@example.com,Minneapolis,MN,USA,Midwest,Organic Search,2025-06-14
193,Elizabeth,Patel,elizabeth.patel193@example.com,Manchester,,UK,International,Direct,2026-05-04
194,Mei,Johnson,mei.johnson194@example.com,Melbourne,VIC,Australia,International,Organic Search,2025-07-11
195,Carlos,Yamamoto,carlos.yamamoto195@example.com,Tampa,FL,USA,South,Paid Social,2026-04-14
196,William,Baker,william.baker196@example.com,Sydney,NSW,Australia,International,Organic Search,2024-05-19
197,William,Moore,william.moore197@example.com,Austin,TX,USA,South,Paid Social,2026-07-22
198,Luis,Sharma,luis.sharma198@example.com,Cleveland,OH,USA,Midwest,Organic Search,2023-01-11
199,Olivia,Kumar,olivia.kumar199@example.com,Nashville,TN,USA,South,Organic Search,2023-06-28
200,Liam,Yamamoto,liam.yamamoto200@example.com,Toronto,ON,Canada,International,Paid Social,2023-07-31
201,Carlos,Yamamoto,carlos.yamamoto201@example.com,Philadelphia,PA,USA,Northeast,Direct,2024-10-26
202,Mary,Jackson,mary.jackson202@example.com,St. Louis,MO,USA,Midwest,Paid Social,2023-06-23
203,Arjun,Tanaka,arjun.tanaka203@example.com,Raleigh,NC,USA,South,Organic Search,2025-02-18
204,Kavita,Martin,kavita.martin204@example.com,Nashville,TN,USA,South,Paid Social,2023-05-10
205,Vikram,Nair,vikram.nair205@example.com,Portland,OR,USA,West,Paid Social,2023-06-07
206,Arjun,Flores,arjun.flores206@example.com,Melbourne,VIC,Australia,International,Paid Social,2026-06-16
207,Susan,Rodriguez,susan.rodriguez207@example.com,Portland,OR,USA,West,Organic Search,2025-03-21
208,Ana,Patel,ana.patel208@example.com,Sacramento,CA,USA,West,Organic Search,2026-08-26
209,Sarah,Martin,sarah.martin209@example.com,Atlanta,GA,USA,South,Direct,2024-02-16
210,Daniel,Reddy,daniel.reddy210@example.com,Atlanta,GA,USA,South,Organic Search,2026-07-20
211,Arjun,Sharma,arjun.sharma211@example.com,Tampa,FL,USA,South,Organic Search,2025-03-15
212,Betty,Kim,betty.kim212@example.com,Salt Lake City,UT,USA,West,Organic Search,2026-01-31
213,Noah,Hill,noah.hill213@example.com,Indianapolis,IN,USA,Midwest,Paid Social,2024-08-19
214,David,Nair,david.nair214@example.com,Baltimore,MD,USA,Northeast,Organic Search,2024-09-12
215,Karen,Hill,karen.hill215@example.com,Pittsburgh,PA,USA,Northeast,Email Marketing,2023-06-01
216,Sophia,Kim,sophia.kim216@example.com,Orlando,FL,USA,South,Paid Social,2025-05-06
217,Maria,Diaz,maria.diaz217@example.com,Salt Lake City,UT,USA,West,Direct,2023-06-24
218,Arjun,Scott,arjun.scott218@example.com,Minneapolis,MN,USA,Midwest,Organic Search,2026-06-08
219,Ahmed,Adams,ahmed.adams219@example.com,Miami,FL,USA,South,Referral,2025-05-31
220,Richard,Taylor,richard.taylor220@example.com,Seattle,WA,USA,West,Paid Social,2025-11-28
221,Mark,Rao,mark.rao221@example.com,Cleveland,OH,USA,Midwest,Paid Social,2026-04-20
222,Karen,Gupta,karen.gupta222@example.com,Los Angeles,CA,USA,West,Paid Social,2024-08-28
223,William,Davis,william.davis223@example.com,Austin,TX,USA,South,Paid Social,2024-12-03
224,Anthony,Zhang,anthony.zhang224@example.com,Las Vegas,NV,USA,West,Paid Social,2023-07-19
225,Liam,Sharma,liam.sharma225@example.com,Phoenix,AZ,USA,West,Organic Search,2023-08-24
226,Yuki,Wright,yuki.wright226@example.com,San Antonio,TX,USA,South,Direct,2023-12-03
227,Arjun,Zhang,arjun.zhang227@example.com,Columbus,OH,USA,Midwest,Paid Social,2024-11-08
228,Noah,Anderson,noah.anderson228@example.com,Orlando,FL,USA,South,Direct,2024-01-17
229,Chen,Reddy,chen.reddy229@example.com,Los Angeles,CA,USA,West,Direct,2024-02-09
230,Elena,Singh,elena.singh230@example.com,New York,NY,USA,Northeast,Direct,2024-02-26
231,David,Tanaka,david.tanaka231@example.com,San Antonio,TX,USA,South,Email Marketing,2026-01-04
232,Mei,Gonzalez,mei.gonzalez232@example.com,Kansas City,MO,USA,Midwest,Organic Search,2025-09-29
233,Wei,Park,wei.park233@example.com,Tampa,FL,USA,South,Direct,2026-04-17
234,Carlos,Mehta,carlos.mehta234@example.com,Sydney,NSW,Australia,International,Organic Search,2024-09-01
235,William,Torres,william.torres235@example.com,Dallas,TX,USA,South,Organic Search,2024-05-03
236,Lisa,Kumar,lisa.kumar236@example.com,Austin,TX,USA,South,Paid Social,2025-05-06
237,Luis,Iyer,luis.iyer237@example.com,Columbus,OH,USA,Midwest,Paid Social,2026-01-05
238,Daniel,Yamamoto,daniel.yamamoto238@example.com,San Jose,CA,USA,West,Paid Social,2023-10-15
239,Liam,Nguyen,liam.nguyen239@example.com,Houston,TX,USA,South,Email Marketing,2023-01-20
240,Matthew,Singh,matthew.singh240@example.com,Toronto,ON,Canada,International,Paid Social,2025-10-10
241,Lucas,Nair,lucas.nair241@example.com,Sacramento,CA,USA,West,Paid Social,2023-06-19
242,Mark,Jackson,mark.jackson242@example.com,Chicago,IL,USA,Midwest,Organic Search,2026-01-06
243,Emma,Tanaka,emma.tanaka243@example.com,Baltimore,MD,USA,Northeast,Paid Social,2023-08-20
244,Kavita,Baker,kavita.baker244@example.com,Salt Lake City,UT,USA,West,Email Marketing,2025-01-21
245,Jennifer,Adams,jennifer.adams245@example.com,Sacramento,CA,USA,West,Paid Social,2025-05-20
246,Arjun,Martin,arjun.martin246@example.com,Chicago,IL,USA,Midwest,Paid Social,2024-12-14
247,Barbara,Rao,barbara.rao247@example.com,San Diego,CA,USA,West,Direct,2024-04-30
248,Hiroshi,Hill,hiroshi.hill248@example.com,Sydney,NSW,Australia,International,Direct,2023-12-06
249,Anthony,Wilson,anthony.wilson249@example.com,Houston,TX,USA,South,Paid Social,2025-12-26
250,Logan,Hernandez,logan.hernandez250@example.com,Atlanta,GA,USA,South,Referral,2024-08-22
251,Kavita,Li,kavita.li251@example.com,San Antonio,TX,USA,South,Organic Search,2025-04-22
252,Vikram,Wright,vikram.wright252@example.com,Dallas,TX,USA,South,Direct,2023-09-29
253,Mei,Thomas,mei.thomas253@example.com,Orlando,FL,USA,South,Paid Social,2026-03-28
254,Omar,Singh,omar.singh254@example.com,Sacramento,CA,USA,West,Organic Search,2023-07-10
255,Vikram,Diaz,vikram.diaz255@example.com,Cleveland,OH,USA,Midwest,Paid Social,2025-09-26
256,James,Baker,james.baker256@example.com,Philadelphia,PA,USA,Northeast,Direct,2025-07-27
257,Carlos,Jones,carlos.jones257@example.com,Salt Lake City,UT,USA,West,Paid Social,2025-05-29
258,Isabella,Moore,isabella.moore258@example.com,Atlanta,GA,USA,South,Email Marketing,2024-11-22
259,Thomas,Tanaka,thomas.tanaka259@example.com,Baltimore,MD,USA,Northeast,Email Marketing,2023-04-10
260,Emma,Johnson,emma.johnson260@example.com,San Diego,CA,USA,West,Referral,2023-11-20
261,James,Iyer,james.iyer261@example.com,Charlotte,NC,USA,South,Referral,2023-09-28
262,Sunita,Hernandez,sunita.hernandez262@example.com,Nashville,TN,USA,South,Organic Search,2025-01-08
263,Jose,Scott,jose.scott263@example.com,San Jose,CA,USA,West,Organic Search,2026-07-05
264,Sandra,Iyer,sandra.iyer264@example.com,Philadelphia,PA,USA,Northeast,Direct,2023-01-03
265,Elizabeth,Rodriguez,elizabeth.rodriguez265@example.com,London,,UK,International,Organic Search,2025-06-30
266,Yuki,Davis,yuki.davis266@example.com,Pittsburgh,PA,USA,Northeast,Direct,2025-09-05
267,Luis,Garcia,luis.garcia267@example.com,San Antonio,TX,USA,South,Organic Search,2025-01-22
268,Sarah,Singh,sarah.singh268@example.com,Dallas,TX,USA,South,Direct,2023-10-20
269,Mary,Nguyen,mary.nguyen269@example.com,San Jose,CA,USA,West,Paid Social,2024-03-12
270,Karen,Nair,karen.nair270@example.com,Sydney,NSW,Australia,International,Direct,2024-03-20
271,Richard,Rodriguez,richard.rodriguez271@example.com,San Diego,CA,USA,West,Direct,2025-02-25
272,Elena,Sharma,elena.sharma272@example.com,Dallas,TX,USA,South,Organic Search,2026-08-13
273,Neha,Baker,neha.baker273@example.com,Los Angeles,CA,USA,West,Email Marketing,2024-09-09
274,Mia,Gonzalez,mia.gonzalez274@example.com,Orlando,FL,USA,South,Organic Search,2023-04-22
275,Priya,Wang,priya.wang275@example.com,Tampa,FL,USA,South,Organic Search,2025-10-20
276,Elizabeth,Zhang,elizabeth.zhang276@example.com,New York,NY,USA,Northeast,Referral,2024-10-10
277,Omar,Kumar,omar.kumar277@example.com,Salt Lake City,UT,USA,West,Direct,2025-08-22
278,Elizabeth,Johnson,elizabeth.johnson278@example.com,London,,UK,International,Organic Search,2024-06-20
279,Linda,Reddy,linda.reddy279@example.com,Milwaukee,WI,USA,Midwest,Organic Search,2025-10-23
280,Elena,Diaz,elena.diaz280@example.com,Orlando,FL,USA,South,Organic Search,2026-01-03
281,Karen,Moore,karen.moore281@example.com,Philadelphia,PA,USA,Northeast,Organic Search,2025-11-13
282,Karen,Liu,karen.liu282@example.com,Atlanta,GA,USA,South,Paid Social,2026-07-23
283,David,Martin,david.martin283@example.com,Pittsburgh,PA,USA,Northeast,Direct,2024-05-03
284,Barbara,Iyer,barbara.iyer284@example.com,San Diego,CA,USA,West,Paid Social,2026-05-31
285,Daniel,Davis,daniel.davis285@example.com,New York,NY,USA,Northeast,Direct,2023-01-24
286,Hiroshi,Zhang,hiroshi.zhang286@example.com,Raleigh,NC,USA,South,Email Marketing,2024-06-14
287,Thomas,Green,thomas.green287@example.com,Nashville,TN,USA,South,Direct,2023-08-30
288,Patricia,Patel,patricia.patel288@example.com,Pittsburgh,PA,USA,Northeast,Organic Search,2023-05-11
289,Elizabeth,Wang,elizabeth.wang289@example.com,Kansas City,MO,USA,Midwest,Paid Social,2023-04-24
290,Nancy,Kumar,nancy.kumar290@example.com,San Jose,CA,USA,West,Organic Search,2023-07-30
291,Joseph,Anderson,joseph.anderson291@example.com,Milwaukee,WI,USA,Midwest,Organic Search,2023-01-26
292,Aiden,Kumar,aiden.kumar292@example.com,Tampa,FL,USA,South,Referral,2024-01-02
293,John,Yamamoto,john.yamamoto293@example.com,St. Louis,MO,USA,Midwest,Organic Search,2024-05-23
294,Wei,Moore,wei.moore294@example.com,Phoenix,AZ,USA,West,Paid Social,2023-09-02
295,Michael,Lopez,michael.lopez295@example.com,Seattle,WA,USA,West,Email Marketing,2023-04-05
296,David,Mehta,david.mehta296@example.com,Detroit,MI,USA,Midwest,Direct,2024-09-28
297,Emma,Smith,emma.smith297@example.com,Cleveland,OH,USA,Midwest,Organic Search,2026-02-28
298,Arjun,Mehta,arjun.mehta298@example.com,Cleveland,OH,USA,Midwest,Direct,2025-10-07
299,Betty,Flores,betty.flores299@example.com,Salt Lake City,UT,USA,West,Direct,2024-05-17
300,Sofia,Johnson,sofia.johnson300@example.com,Seattle,WA,USA,West,Paid Social,2026-07-26
301,Mary,Patel,mary.patel301@example.com,New York,NY,USA,Northeast,Direct,2025-02-09
302,Amit,Miller,amit.miller302@example.com,Indianapolis,IN,USA,Midwest,Paid Social,2024-05-02
303,Linda,Martinez,linda.martinez303@example.com,Nashville,TN,USA,South,Organic Search,2024-04-19
304,Mason,Nair,mason.nair304@example.com,Cleveland,OH,USA,Midwest,Paid Social,2023-06-23
305,Ethan,Rodriguez,ethan.rodriguez305@example.com,Melbourne,VIC,Australia,International,Email Marketing,2023-06-03
306,Linda,Iyer,linda.iyer306@example.com,Dallas,TX,USA,South,Organic Search,2024-06-18
307,Fatima,Diaz,fatima.diaz307@example.com,Atlanta,GA,USA,South,Organic Search,2024-07-10
308,Betty,Rodriguez,betty.rodriguez308@example.com,London,,UK,International,Organic Search,2023-08-05
309,Noah,Sharma,noah.sharma309@example.com,St. Louis,MO,USA,Midwest,Organic Search,2025-01-03
310,Anthony,Rao,anthony.rao310@example.com,Portland,OR,USA,West,Paid Social,2023-09-03
311,Sunita,Hill,sunita.hill311@example.com,Manchester,,UK,International,Organic Search,2024-11-02
312,Arjun,Gupta,arjun.gupta312@example.com,Orlando,FL,USA,South,Paid Social,2024-09-04
313,Daniel,Johnson,daniel.johnson313@example.com,Orlando,FL,USA,South,Email Marketing,2026-02-12
314,Arjun,Miller,arjun.miller314@example.com,Kansas City,MO,USA,Midwest,Organic Search,2023-10-14
315,Linda,Baker,linda.baker315@example.com,Seattle,WA,USA,West,Organic Search,2025-03-31
316,William,Kim,william.kim316@example.com,London,,UK,International,Organic Search,2023-06-03
317,David,Gonzalez,david.gonzalez317@example.com,Sacramento,CA,USA,West,Email Marketing,2023-07-08
318,Jin,Davis,jin.davis318@example.com,Chicago,IL,USA,Midwest,Referral,2023-04-14
319,Chen,Flores,chen.flores319@example.com,Orlando,FL,USA,South,Paid Social,2025-02-22
320,Daniel,Gupta,daniel.gupta320@example.com,Indianapolis,IN,USA,Midwest,Email Marketing,2024-07-17
321,Karen,Williams,karen.williams321@example.com,Sydney,NSW,Australia,International,Direct,2024-05-18
322,Isabella,Nair,isabella.nair322@example.com,Toronto,ON,Canada,International,Paid Social,2023-06-29
323,Sarah,Nair,sarah.nair323@example.com,Charlotte,NC,USA,South,Direct,2025-12-12
324,Harper,Johnson,harper.johnson324@example.com,Tampa,FL,USA,South,Email Marketing,2025-01-05
325,Lucas,Gupta,lucas.gupta325@example.com,Vancouver,BC,Canada,International,Paid Social,2025-03-06
326,Patricia,Sharma,patricia.sharma326@example.com,Manchester,,UK,International,Organic Search,2024-07-29
327,Aiden,Zhang,aiden.zhang327@example.com,Minneapolis,MN,USA,Midwest,Direct,2024-04-21
328,Richard,Thomas,richard.thomas328@example.com,Denver,CO,USA,West,Organic Search,2023-04-25
329,Mark,Tanaka,mark.tanaka329@example.com,Tampa,FL,USA,South,Paid Social,2023-12-22
330,Wei,Green,wei.green330@example.com,Minneapolis,MN,USA,Midwest,Referral,2023-02-27
331,Carlos,Tanaka,carlos.tanaka331@example.com,Vancouver,BC,Canada,International,Organic Search,2024-01-21
332,Isabella,Liu,isabella.liu332@example.com,Portland,OR,USA,West,Organic Search,2023-03-19
333,Sandra,Park,sandra.park333@example.com,Seattle,WA,USA,West,Organic Search,2025-09-05
334,Betty,Rodriguez,betty.rodriguez334@example.com,Miami,FL,USA,South,Direct,2024-10-24
335,Charles,Kim,charles.kim335@example.com,Austin,TX,USA,South,Direct,2025-12-13
336,Elizabeth,Kumar,elizabeth.kumar336@example.com,Orlando,FL,USA,South,Direct,2024-11-20
337,Sarah,Hernandez,sarah.hernandez337@example.com,Pittsburgh,PA,USA,Northeast,Email Marketing,2025-09-24
338,Daniel,Hill,daniel.hill338@example.com,Toronto,ON,Canada,International,Direct,2026-06-10
339,Mark,Scott,mark.scott339@example.com,London,,UK,International,Email Marketing,2025-02-13
340,Rajesh,Rodriguez,rajesh.rodriguez340@example.com,Columbus,OH,USA,Midwest,Direct,2026-03-19
341,John,Lopez,john.lopez341@example.com,Manchester,,UK,International,Organic Search,2026-06-06
342,Susan,Wang,susan.wang342@example.com,Austin,TX,USA,South,Organic Search,2023-06-09
343,Wei,Hernandez,wei.hernandez343@example.com,Melbourne,VIC,Australia,International,Email Marketing,2023-07-01
344,Jin,Rao,jin.rao344@example.com,New York,NY,USA,Northeast,Organic Search,2024-05-26
345,Hiroshi,Taylor,hiroshi.taylor345@example.com,San Antonio,TX,USA,South,Direct,2023-04-09
346,Omar,Hernandez,omar.hernandez346@example.com,St. Louis,MO,USA,Midwest,Paid Social,2025-02-14
347,Ana,Miller,ana.miller347@example.com,Las Vegas,NV,USA,West,Email Marketing,2026-03-29
348,Mark,Hernandez,mark.hernandez348@example.com,Sacramento,CA,USA,West,Organic Search,2023-03-10
349,Wei,Taylor,wei.taylor349@example.com,San Antonio,TX,USA,South,Organic Search,2023-12-15
350,Christopher,Flores,christopher.flores350@example.com,Phoenix,AZ,USA,West,Paid Social,2023-07-10
351,Sophia,Hill,sophia.hill351@example.com,Los Angeles,CA,USA,West,Paid Social,2023-12-04
352,Chen,Hernandez,chen.hernandez352@example.com,Houston,TX,USA,South,Organic Search,2024-02-25
353,Sofia,Diaz,sofia.diaz353@example.com,Toronto,ON,Canada,International,Direct,2026-01-11
354,Neha,Martin,neha.martin354@example.com,Denver,CO,USA,West,Organic Search,2025-03-15
355,Lucas,Martinez,lucas.martinez355@example.com,Houston,TX,USA,South,Paid Social,2025-05-25
356,Sophia,Gonzalez,sophia.gonzalez356@example.com,San Antonio,TX,USA,South,Organic Search,2023-12-16
357,William,Chen,william.chen357@example.com,San Diego,CA,USA,West,Organic Search,2025-03-25
358,Rohan,Garcia,rohan.garcia358@example.com,Salt Lake City,UT,USA,West,Paid Social,2025-01-29
359,Jose,Lopez,jose.lopez359@example.com,Sacramento,CA,USA,West,Organic Search,2025-06-19
360,Mark,Moore,mark.moore360@example.com,Vancouver,BC,Canada,International,Organic Search,2023-07-18
361,Hiroshi,Liu,hiroshi.liu361@example.com,St. Louis,MO,USA,Midwest,Referral,2026-04-22
362,Linda,Singh,linda.singh362@example.com,Raleigh,NC,USA,South,Paid Social,2026-01-01
363,Aiden,Tanaka,aiden.tanaka363@example.com,Denver,CO,USA,West,Paid Social,2023-06-11
364,John,Li,john.li364@example.com,Vancouver,BC,Canada,International,Email Marketing,2026-03-16
365,Charles,Davis,charles.davis365@example.com,Sacramento,CA,USA,West,Organic Search,2023-12-09
366,Matthew,Rodriguez,matthew.rodriguez366@example.com,Chicago,IL,USA,Midwest,Paid Social,2025-06-10
367,Charles,Park,charles.park367@example.com,Boston,MA,USA,Northeast,Organic Search,2023-05-18
368,Fatima,Yamamoto,fatima.yamamoto368@example.com,Atlanta,GA,USA,South,Email Marketing,2025-11-30
369,Mary,Diaz,mary.diaz369@example.com,Sydney,NSW,Australia,International,Direct,2025-05-09
370,Karen,Martinez,karen.martinez370@example.com,Vancouver,BC,Canada,International,Direct,2023-07-25
371,Richard,Jackson,richard.jackson371@example.com,Salt Lake City,UT,USA,West,Email Marketing,2025-04-21
372,Lucas,Tanaka,lucas.tanaka372@example.com,Manchester,,UK,International,Paid Social,2023-12-19
373,Charles,Nguyen,charles.nguyen373@example.com,Manchester,,UK,International,Direct,2025-04-02
374,Jin,Diaz,jin.diaz374@example.com,Denver,CO,USA,West,Organic Search,2025-08-31
375,Jose,Johnson,jose.johnson375@example.com,Miami,FL,USA,South,Email Marketing,2024-09-12
376,Lucas,Diaz,lucas.diaz376@example.com,San Antonio,TX,USA,South,Referral,2024-04-11
377,Olivia,Baker,olivia.baker377@example.com,Atlanta,GA,USA,South,Organic Search,2025-05-03
378,Barbara,Gonzalez,barbara.gonzalez378@example.com,Sacramento,CA,USA,West,Organic Search,2025-04-13
379,Mason,Kumar,mason.kumar379@example.com,Houston,TX,USA,South,Paid Social,2023-11-22
380,Ethan,Reddy,ethan.reddy380@example.com,Dallas,TX,USA,South,Email Marketing,2025-12-09
381,Patricia,Lopez,patricia.lopez381@example.com,Charlotte,NC,USA,South,Email Marketing,2024-02-16
382,Arjun,Williams,arjun.williams382@example.com,Kansas City,MO,USA,Midwest,Organic Search,2025-01-08
383,Vikram,Kumar,vikram.kumar383@example.com,Kansas City,MO,USA,Midwest,Paid Social,2026-07-25
384,Patricia,Thomas,patricia.thomas384@example.com,Cleveland,OH,USA,Midwest,Paid Social,2025-07-02
385,Aiden,Kim,aiden.kim385@example.com,Toronto,ON,Canada,International,Paid Social,2023-12-01
386,Rohan,Green,rohan.green386@example.com,Philadelphia,PA,USA,Northeast,Organic Search,2025-03-02
387,Margaret,Anderson,margaret.anderson387@example.com,Seattle,WA,USA,West,Direct,2024-07-05
388,Mia,Johnson,mia.johnson388@example.com,New York,NY,USA,Northeast,Paid Social,2023-09-28
389,Mary,Anderson,mary.anderson389@example.com,Boston,MA,USA,Northeast,Direct,2024-09-17
390,Vikram,Iyer,vikram.iyer390@example.com,Tampa,FL,USA,South,Email Marketing,2025-07-29
391,Noah,Martin,noah.martin391@example.com,Raleigh,NC,USA,South,Email Marketing,2025-03-24
392,James,Li,james.li392@example.com,Cleveland,OH,USA,Midwest,Paid Social,2026-05-01
393,Sunita,Torres,sunita.torres393@example.com,San Antonio,TX,USA,South,Paid Social,2024-11-19
394,Mei,Moore,mei.moore394@example.com,Boston,MA,USA,Northeast,Direct,2026-08-27
395,Karen,Zhang,karen.zhang395@example.com,Denver,CO,USA,West,Email Marketing,2026-05-13
396,Wei,Torres,wei.torres396@example.com,Dallas,TX,USA,South,Direct,2025-10-15
397,Rohan,Nair,rohan.nair397@example.com,Orlando,FL,USA,South,Paid Social,2023-03-14
398,Matthew,Patel,matthew.patel398@example.com,Seattle,WA,USA,West,Direct,2026-07-31
399,Carlos,Li,carlos.li399@example.com,Portland,OR,USA,West,Email Marketing,2026-02-17
400,Richard,Chen,richard.chen400@example.com,Dallas,TX,USA,South,Direct,2026-02-18
401,Lisa,Torres,lisa.torres401@example.com,Miami,FL,USA,South,Direct,2024-03-31
402,Amit,Nair,amit.nair402@example.com,Miami,FL,USA,South,Paid Social,2026-04-14
403,Jessica,Chen,jessica.chen403@example.com,Houston,TX,USA,South,Email Marketing,2026-04-10
404,Elizabeth,Chen,elizabeth.chen404@example.com,Charlotte,NC,USA,South,Paid Social,2025-02-20
405,Sofia,Brown,sofia.brown405@example.com,Austin,TX,USA,South,Organic Search,2024-02-15
406,Emma,Martinez,emma.martinez406@example.com,Atlanta,GA,USA,South,Email Marketing,2024-01-05
407,Lucas,Patel,lucas.patel407@example.com,Melbourne,VIC,Australia,International,Referral,2024-10-03
408,James,Rao,james.rao408@example.com,Nashville,TN,USA,South,Organic Search,2023-12-12
409,Christopher,Wang,christopher.wang409@example.com,Philadelphia,PA,USA,Northeast,Organic Search,2025-06-07
410,Ahmed,Iyer,ahmed.iyer410@example.com,Las Vegas,NV,USA,West,Paid Social,2023-03-19
411,Jose,Smith,jose.smith411@example.com,Atlanta,GA,USA,South,Direct,2025-12-23
412,James,Kelly,james.kelly412@example.com,Denver,CO,USA,West,Organic Search,2024-12-06
413,Susan,Singh,susan.singh413@example.com,Milwaukee,WI,USA,Midwest,Direct,2023-12-09
414,Jennifer,Martin,jennifer.martin414@example.com,Detroit,MI,USA,Midwest,Paid Social,2025-12-01
415,Yuki,Iyer,yuki.iyer415@example.com,Dallas,TX,USA,South,Paid Social,2025-09-30
416,Matthew,Hernandez,matthew.hernandez416@example.com,Orlando,FL,USA,South,Organic Search,2024-04-04
417,Thomas,Wilson,thomas.wilson417@example.com,Los Angeles,CA,USA,West,Direct,2023-12-13
418,John,Singh,john.singh418@example.com,Melbourne,VIC,Australia,International,Organic Search,2025-12-31
419,Michael,Scott,michael.scott419@example.com,San Antonio,TX,USA,South,Direct,2023-02-10
420,Joseph,Nair,joseph.nair420@example.com,Sacramento,CA,USA,West,Paid Social,2026-01-25
421,Karen,Wilson,karen.wilson421@example.com,Melbourne,VIC,Australia,International,Organic Search,2025-05-11
422,Mason,Moore,mason.moore422@example.com,Sydney,NSW,Australia,International,Direct,2023-10-08
423,Susan,Li,susan.li423@example.com,Sydney,NSW,Australia,International,Organic Search,2023-08-22
424,Isabella,Gonzalez,isabella.gonzalez424@example.com,Manchester,,UK,International,Organic Search,2024-06-22
425,Betty,Gupta,betty.gupta425@example.com,St. Louis,MO,USA,Midwest,Organic Search,2023-03-22
426,Anthony,Diaz,anthony.diaz426@example.com,Las Vegas,NV,USA,West,Organic Search,2023-01-06
427,Barbara,Davis,barbara.davis427@example.com,Vancouver,BC,Canada,International,Direct,2023-11-02
428,Mia,Jones,mia.jones428@example.com,San Antonio,TX,USA,South,Email Marketing,2026-08-12
429,Rajesh,Taylor,rajesh.taylor429@example.com,Kansas City,MO,USA,Midwest,Organic Search,2023-12-24
430,Rajesh,Kumar,rajesh.kumar430@example.com,Atlanta,GA,USA,South,Paid Social,2023-08-26
431,Jennifer,Smith,jennifer.smith431@example.com,Dallas,TX,USA,South,Direct,2023-12-16
432,Olivia,Nguyen,olivia.nguyen432@example.com,Nashville,TN,USA,South,Email Marketing,2023-07-10
433,Yuki,Lopez,yuki.lopez433@example.com,San Diego,CA,USA,West,Paid Social,2025-07-23
434,Luis,Diaz,luis.diaz434@example.com,Las Vegas,NV,USA,West,Email Marketing,2026-08-21
435,Nancy,Davis,nancy.davis435@example.com,Dallas,TX,USA,South,Direct,2023-05-01
436,Christopher,Miller,christopher.miller436@example.com,St. Louis,MO,USA,Midwest,Referral,2025-09-15
437,Olivia,Lopez,olivia.lopez437@example.com,Sydney,NSW,Australia,International,Paid Social,2025-01-04
438,Thomas,Chen,thomas.chen438@example.com,Baltimore,MD,USA,Northeast,Organic Search,2025-04-22
439,David,Taylor,david.taylor439@example.com,Atlanta,GA,USA,South,Organic Search,2025-12-10
440,Mark,Scott,mark.scott440@example.com,Miami,FL,USA,South,Paid Social,2026-06-20
441,Arjun,Chen,arjun.chen441@example.com,Minneapolis,MN,USA,Midwest,Direct,2026-08-06
442,Michael,Smith,michael.smith442@example.com,San Jose,CA,USA,West,Paid Social,2025-08-19
443,Nancy,Jones,nancy.jones443@example.com,Baltimore,MD,USA,Northeast,Organic Search,2024-11-08
444,Michael,Li,michael.li444@example.com,Seattle,WA,USA,West,Paid Social,2025-02-14
445,Priya,Garcia,priya.garcia445@example.com,Kansas City,MO,USA,Midwest,Paid Social,2026-03-19
446,Isabella,Rao,isabella.rao446@example.com,Atlanta,GA,USA,South,Organic Search,2025-10-15
447,Robert,Miller,robert.miller447@example.com,Orlando,FL,USA,South,Paid Social,2026-02-15
448,Barbara,Park,barbara.park448@example.com,Sydney,NSW,Australia,International,Direct,2025-11-07
449,Emma,Patel,emma.patel449@example.com,Cleveland,OH,USA,Midwest,Email Marketing,2024-04-01
450,Jin,Yamamoto,jin.yamamoto450@example.com,Sydney,NSW,Australia,International,Direct,2025-01-14
451,Joseph,Miller,joseph.miller451@example.com,Seattle,WA,USA,West,Organic Search,2024-12-28
452,Rajesh,Yamamoto,rajesh.yamamoto452@example.com,Raleigh,NC,USA,South,Paid Social,2023-08-06
453,Nancy,Wang,nancy.wang453@example.com,Dallas,TX,USA,South,Email Marketing,2025-04-18
454,Betty,Gonzalez,betty.gonzalez454@example.com,San Diego,CA,USA,West,Referral,2025-03-15
455,Matthew,Hill,matthew.hill455@example.com,Miami,FL,USA,South,Organic Search,2025-04-28
456,Jessica,Baker,jessica.baker456@example.com,Sacramento,CA,USA,West,Paid Social,2026-04-21
457,Sarah,Wang,sarah.wang457@example.com,New York,NY,USA,Northeast,Paid Social,2023-04-10
458,Chen,Kim,chen.kim458@example.com,Las Vegas,NV,USA,West,Referral,2023-12-29
459,Daniel,Flores,daniel.flores459@example.com,Dallas,TX,USA,South,Organic Search,2026-05-14
460,Mei,Li,mei.li460@example.com,Tampa,FL,USA,South,Paid Social,2026-06-01
461,Arjun,Moore,arjun.moore461@example.com,Orlando,FL,USA,South,Referral,2024-08-25
462,Sarah,Rodriguez,sarah.rodriguez462@example.com,St. Louis,MO,USA,Midwest,Direct,2025-11-15
463,Wei,Hill,wei.hill463@example.com,Toronto,ON,Canada,International,Direct,2024-02-16
464,Rajesh,Torres,rajesh.torres464@example.com,Minneapolis,MN,USA,Midwest,Referral,2023-09-29
465,Daniel,Li,daniel.li465@example.com,Salt Lake City,UT,USA,West,Direct,2024-10-22
466,Carlos,Yamamoto,carlos.yamamoto466@example.com,Las Vegas,NV,USA,West,Direct,2025-05-04
467,Logan,Jackson,logan.jackson467@example.com,Pittsburgh,PA,USA,Northeast,Email Marketing,2025-12-06
468,Ana,Martinez,ana.martinez468@example.com,Houston,TX,USA,South,Direct,2024-02-14
469,Christopher,Jackson,christopher.jackson469@example.com,Boston,MA,USA,Northeast,Organic Search,2023-05-08
470,Rajesh,Wilson,rajesh.wilson470@example.com,Salt Lake City,UT,USA,West,Organic Search,2025-07-15
471,Mark,Green,mark.green471@example.com,Toronto,ON,Canada,International,Paid Social,2025-11-12
472,Neha,Diaz,neha.diaz472@example.com,Houston,TX,USA,South,Referral,2025-03-04
473,Wei,Yamamoto,wei.yamamoto473@example.com,Houston,TX,USA,South,Organic Search,2024-05-29
474,Olivia,Anderson,olivia.anderson474@example.com,Melbourne,VIC,Australia,International,Direct,2026-08-19
475,Harper,Green,harper.green475@example.com,Manchester,,UK,International,Organic Search,2024-02-01
476,Daniel,Torres,daniel.torres476@example.com,Phoenix,AZ,USA,West,Organic Search,2023-12-22
477,Jessica,Singh,jessica.singh477@example.com,Chicago,IL,USA,Midwest,Paid Social,2026-02-13
478,Christopher,Kim,christopher.kim478@example.com,Boston,MA,USA,Northeast,Organic Search,2025-08-13
479,Karen,Williams,karen.williams479@example.com,Austin,TX,USA,South,Referral,2026-05-07
480,Sunita,Wang,sunita.wang480@example.com,Vancouver,BC,Canada,International,Paid Social,2023-05-30
481,Wei,Zhang,wei.zhang481@example.com,Seattle,WA,USA,West,Referral,2025-12-02
482,Ethan,Hernandez,ethan.hernandez482@example.com,St. Louis,MO,USA,Midwest,Paid Social,2025-04-06
483,Mark,Wilson,mark.wilson483@example.com,Miami,FL,USA,South,Organic Search,2024-08-24
484,Amelia,Chen,amelia.chen484@example.com,Toronto,ON,Canada,International,Email Marketing,2026-08-22
485,Hiroshi,Rao,hiroshi.rao485@example.com,Denver,CO,USA,West,Email Marketing,2026-06-10
486,Arjun,Williams,arjun.williams486@example.com,Atlanta,GA,USA,South,Paid Social,2023-08-21
487,Harper,Flores,harper.flores487@example.com,Detroit,MI,USA,Midwest,Organic Search,2025-11-24
488,Jose,Li,jose.li488@example.com,Milwaukee,WI,USA,Midwest,Paid Social,2023-03-31
489,Matthew,Sharma,matthew.sharma489@example.com,Milwaukee,WI,USA,Midwest,Organic Search,2023-07-16
490,Logan,Liu,logan.liu490@example.com,New York,NY,USA,Northeast,Direct,2024-03-07
491,Margaret,Torres,margaret.torres491@example.com,Pittsburgh,PA,USA,Northeast,Email Marketing,2024-02-26
492,Chen,Wright,chen.wright492@example.com,Phoenix,AZ,USA,West,Direct,2023-11-11
493,Jin,Williams,jin.williams493@example.com,Philadelphia,PA,USA,Northeast,Organic Search,2023-12-31
494,Elizabeth,Tanaka,elizabeth.tanaka494@example.com,Seattle,WA,USA,West,Referral,2025-04-14
495,Ahmed,Iyer,ahmed.iyer495@example.com,Atlanta,GA,USA,South,Organic Search,2023-08-31
496,David,Adams,david.adams496@example.com,London,,UK,International,Organic Search,2023-05-29
497,Ethan,Miller,ethan.miller497@example.com,Detroit,MI,USA,Midwest,Email Marketing,2024-09-09
498,Neha,Adams,neha.adams498@example.com,Sacramento,CA,USA,West,Paid Social,2023-03-05
499,Logan,Anderson,logan.anderson499@example.com,Dallas,TX,USA,South,Direct,2026-01-22
500,Charles,Martin,charles.martin500@example.com,Cleveland,OH,USA,Midwest,Referral,2023-01-23
501,Charles,Davis,charles.davis501@example.com,Chicago,IL,USA,Midwest,Organic Search,2026-05-06
502,William,Martin,william.martin502@example.com,Indianapolis,IN,USA,Midwest,Direct,2024-12-05
503,Mia,Martinez,mia.martinez503@example.com,San Jose,CA,USA,West,Organic Search,2026-06-17
504,Matthew,Davis,matthew.davis504@example.com,Columbus,OH,USA,Midwest,Direct,2026-03-07
505,Noah,Wright,noah.wright505@example.com,Toronto,ON,Canada,International,Organic Search,2023-05-18
506,Betty,Flores,betty.flores506@example.com,London,,UK,International,Paid Social,2024-11-08
507,Priya,Miller,priya.miller507@example.com,Detroit,MI,USA,Midwest,Direct,2024-02-01
508,Liam,Patel,liam.patel508@example.com,Sydney,NSW,Australia,International,Direct,2026-04-11
509,Maria,Sharma,maria.sharma509@example.com,Pittsburgh,PA,USA,Northeast,Organic Search,2024-10-03
510,Mark,Hill,mark.hill510@example.com,Pittsburgh,PA,USA,Northeast,Organic Search,2025-01-06
511,Jin,Chen,jin.chen511@example.com,Kansas City,MO,USA,Midwest,Paid Social,2024-09-17
512,Susan,Lopez,susan.lopez512@example.com,Manchester,,UK,International,Organic Search,2024-07-28
513,Sarah,Liu,sarah.liu513@example.com,Charlotte,NC,USA,South,Organic Search,2026-07-07
514,Elizabeth,Johnson,elizabeth.johnson514@example.com,Milwaukee,WI,USA,Midwest,Direct,2026-04-06
515,Margaret,Williams,margaret.williams515@example.com,Toronto,ON,Canada,International,Organic Search,2026-01-10
516,Karen,Kumar,karen.kumar516@example.com,Orlando,FL,USA,South,Organic Search,2026-04-22
517,Rajesh,Rodriguez,rajesh.rodriguez517@example.com,Kansas City,MO,USA,Midwest,Paid Social,2023-07-05
518,Ethan,Smith,ethan.smith518@example.com,Denver,CO,USA,West,Email Marketing,2026-06-11
519,Mia,Rodriguez,mia.rodriguez519@example.com,Sacramento,CA,USA,West,Organic Search,2026-03-05
520,Charles,Green,charles.green520@example.com,Las Vegas,NV,USA,West,Referral,2023-03-24
521,Lucas,Anderson,lucas.anderson521@example.com,Phoenix,AZ,USA,West,Organic Search,2024-04-24
522,Anthony,Zhang,anthony.zhang522@example.com,Cleveland,OH,USA,Midwest,Paid Social,2025-07-20
523,Jennifer,Wright,jennifer.wright523@example.com,Atlanta,GA,USA,South,Organic Search,2025-12-03
524,Vikram,Green,vikram.green524@example.com,Boston,MA,USA,Northeast,Paid Social,2026-03-13
525,Ana,Kumar,ana.kumar525@example.com,London,,UK,International,Direct,2023-06-09
526,Ana,Anderson,ana.anderson526@example.com,Raleigh,NC,USA,South,Paid Social,2024-12-07
527,Sophia,Park,sophia.park527@example.com,New York,NY,USA,Northeast,Paid Social,2023-10-12
528,Sandra,Jones,sandra.jones528@example.com,Milwaukee,WI,USA,Midwest,Direct,2024-03-09
529,Christopher,Kumar,christopher.kumar529@example.com,Manchester,,UK,International,Direct,2023-08-31
530,Omar,Patel,omar.patel530@example.com,San Diego,CA,USA,West,Paid Social,2025-09-07
531,Christopher,Wright,christopher.wright531@example.com,St. Louis,MO,USA,Midwest,Organic Search,2023-03-30
532,Christopher,Rodriguez,christopher.rodriguez532@example.com,Melbourne,VIC,Australia,International,Paid Social,2026-03-18
533,Nancy,Taylor,nancy.taylor533@example.com,Columbus,OH,USA,Midwest,Paid Social,2025-04-10
534,Robert,Flores,robert.flores534@example.com,Detroit,MI,USA,Midwest,Referral,2024-03-19
535,Aiden,Chen,aiden.chen535@example.com,San Jose,CA,USA,West,Organic Search,2025-04-21
536,Lisa,Nguyen,lisa.nguyen536@example.com,Milwaukee,WI,USA,Midwest,Organic Search,2024-12-02
537,David,Anderson,david.anderson537@example.com,Tampa,FL,USA,South,Paid Social,2023-08-11
538,Mason,Li,mason.li538@example.com,St. Louis,MO,USA,Midwest,Email Marketing,2026-05-25
539,Aiden,Nguyen,aiden.nguyen539@example.com,Manchester,,UK,International,Organic Search,2025-12-24
540,Jessica,Garcia,jessica.garcia540@example.com,Las Vegas,NV,USA,West,Direct,2026-05-20
541,James,Baker,james.baker541@example.com,Pittsburgh,PA,USA,Northeast,Paid Social,2025-01-28
542,Amelia,Iyer,amelia.iyer542@example.com,Seattle,WA,USA,West,Referral,2025-09-14
543,Ana,Gupta,ana.gupta543@example.com,London,,UK,International,Email Marketing,2026-03-25
544,Sarah,Taylor,sarah.taylor544@example.com,Las Vegas,NV,USA,West,Direct,2023-06-21
545,Harper,Nair,harper.nair545@example.com,Boston,MA,USA,Northeast,Organic Search,2023-01-15
546,Jessica,Zhang,jessica.zhang546@example.com,New York,NY,USA,Northeast,Paid Social,2024-02-25
547,Wei,Nair,wei.nair547@example.com,Cleveland,OH,USA,Midwest,Organic Search,2025-05-22
548,Ananya,Taylor,ananya.taylor548@example.com,Salt Lake City,UT,USA,West,Paid Social,2025-01-18
549,Fatima,Adams,fatima.adams549@example.com,Indianapolis,IN,USA,Midwest,Paid Social,2026-02-15
550,Jose,Yamamoto,jose.yamamoto550@example.com,Toronto,ON,Canada,International,Paid Social,2024-09-20
551,Fatima,Green,fatima.green551@example.com,Dallas,TX,USA,South,Email Marketing,2023-09-01
552,Liam,Diaz,liam.diaz552@example.com,San Jose,CA,USA,West,Organic Search,2025-11-07
553,Yuki,Yamamoto,yuki.yamamoto553@example.com,Sydney,NSW,Australia,International,Direct,2023-04-17
554,James,Garcia,james.garcia554@example.com,Austin,TX,USA,South,Paid Social,2026-05-14
555,David,Taylor,david.taylor555@example.com,Seattle,WA,USA,West,Paid Social,2026-06-01
556,Luis,Reddy,luis.reddy556@example.com,Sydney,NSW,Australia,International,Direct,2024-08-09
557,Linda,Baker,linda.baker557@example.com,Columbus,OH,USA,Midwest,Direct,2025-06-18
558,Mason,Jackson,mason.jackson558@example.com,Charlotte,NC,USA,South,Organic Search,2026-05-12
559,Sandra,Nguyen,sandra.nguyen559@example.com,San Jose,CA,USA,West,Direct,2025-01-06
560,James,Hernandez,james.hernandez560@example.com,Philadelphia,PA,USA,Northeast,Referral,2025-03-29
561,Fatima,Reddy,fatima.reddy561@example.com,London,,UK,International,Organic Search,2023-02-01
562,David,Garcia,david.garcia562@example.com,Toronto,ON,Canada,International,Organic Search,2026-02-19
563,Hiroshi,Gupta,hiroshi.gupta563@example.com,Nashville,TN,USA,South,Organic Search,2024-02-03
564,Ahmed,Tanaka,ahmed.tanaka564@example.com,New York,NY,USA,Northeast,Organic Search,2025-04-13
565,Elizabeth,Li,elizabeth.li565@example.com,Detroit,MI,USA,Midwest,Organic Search,2023-08-28
566,Ananya,Liu,ananya.liu566@example.com,Vancouver,BC,Canada,International,Organic Search,2025-06-25
567,Sophia,Baker,sophia.baker567@example.com,Denver,CO,USA,West,Direct,2025-07-28
568,Patricia,Chen,patricia.chen568@example.com,San Diego,CA,USA,West,Organic Search,2025-02-22
569,Mark,Torres,mark.torres569@example.com,Seattle,WA,USA,West,Email Marketing,2025-04-24
570,Mason,Liu,mason.liu570@example.com,New York,NY,USA,Northeast,Direct,2024-06-23
571,Barbara,Reddy,barbara.reddy571@example.com,Miami,FL,USA,South,Organic Search,2024-01-01
572,Carlos,Wilson,carlos.wilson572@example.com,Vancouver,BC,Canada,International,Organic Search,2024-01-25
573,Betty,Thomas,betty.thomas573@example.com,Denver,CO,USA,West,Email Marketing,2024-02-28
574,Arjun,Nguyen,arjun.nguyen574@example.com,Minneapolis,MN,USA,Midwest,Organic Search,2023-08-07
575,William,Torres,william.torres575@example.com,Baltimore,MD,USA,Northeast,Direct,2026-01-13
576,Sophia,Kumar,sophia.kumar576@example.com,Sydney,NSW,Australia,International,Organic Search,2026-03-22
577,Lucas,Lopez,lucas.lopez577@example.com,Milwaukee,WI,USA,Midwest,Organic Search,2024-03-30
578,Thomas,Brown,thomas.brown578@example.com,Raleigh,NC,USA,South,Email Marketing,2025-09-06
579,John,Li,john.li579@example.com,Minneapolis,MN,USA,Midwest,Paid Social,2023-12-24
580,Jessica,Diaz,jessica.diaz580@example.com,Raleigh,NC,USA,South,Paid Social,2023-01-18
581,Anthony,Singh,anthony.singh581@example.com,London,,UK,International,Organic Search,2025-01-10
582,Rohan,Lopez,rohan.lopez582@example.com,Toronto,ON,Canada,International,Organic Search,2024-07-05
583,Yuki,Kumar,yuki.kumar583@example.com,Columbus,OH,USA,Midwest,Paid Social,2024-03-07
584,Jose,Kumar,jose.kumar584@example.com,Orlando,FL,USA,South,Organic Search,2024-01-04
585,Sandra,Miller,sandra.miller585@example.com,Nashville,TN,USA,South,Email Marketing,2026-02-11
586,Ana,Gonzalez,ana.gonzalez586@example.com,Austin,TX,USA,South,Email Marketing,2023-11-03
587,Mary,Lopez,mary.lopez587@example.com,St. Louis,MO,USA,Midwest,Paid Social,2026-07-15
588,Wei,Wang,wei.wang588@example.com,Portland,OR,USA,West,Organic Search,2026-03-08
589,Richard,Diaz,richard.diaz589@example.com,San Jose,CA,USA,West,Organic Search,2024-06-04
590,Richard,Rao,richard.rao590@example.com,Miami,FL,USA,South,Organic Search,2025-01-07
591,Ananya,Gupta,ananya.gupta591@example.com,Los Angeles,CA,USA,West,Paid Social,2024-12-20
592,Betty,Tanaka,betty.tanaka592@example.com,Vancouver,BC,Canada,International,Direct,2026-01-07
593,Neha,Gupta,neha.gupta593@example.com,Atlanta,GA,USA,South,Direct,2025-09-25
594,Liam,Garcia,liam.garcia594@example.com,Tampa,FL,USA,South,Direct,2025-08-07
595,Charles,Hernandez,charles.hernandez595@example.com,Melbourne,VIC,Australia,International,Email Marketing,2024-11-21
596,Ahmed,Jones,ahmed.jones596@example.com,Philadelphia,PA,USA,Northeast,Organic Search,2024-04-12
597,Rajesh,Hill,rajesh.hill597@example.com,Nashville,TN,USA,South,Direct,2025-03-20
598,Olivia,Baker,olivia.baker598@example.com,Cleveland,OH,USA,Midwest,Direct,2025-12-02
599,Sofia,Hernandez,sofia.hernandez599@example.com,Columbus,OH,USA,Midwest,Email Marketing,2023-09-14
600,Ananya,Green,ananya.green600@example.com,Philadelphia,PA,USA,Northeast,Organic Search,2025-03-24
601,David,Chen,david.chen601@example.com,Toronto,ON,Canada,International,Organic Search,2025-03-24
602,William,Miller,william.miller602@example.com,Boston,MA,USA,Northeast,Direct,2023-06-22
603,Luis,Martin,luis.martin603@example.com,Seattle,WA,USA,West,Organic Search,2024-08-04
604,Thomas,Rodriguez,thomas.rodriguez604@example.com,Raleigh,NC,USA,South,Email Marketing,2023-02-28
605,Carlos,Sharma,carlos.sharma605@example.com,Las Vegas,NV,USA,West,Paid Social,2026-01-12
606,Olivia,Rodriguez,olivia.rodriguez606@example.com,Salt Lake City,UT,USA,West,Organic Search,2026-05-08
607,Chen,Zhang,chen.zhang607@example.com,Melbourne,VIC,Australia,International,Direct,2024-09-26
608,Sophia,Liu,sophia.liu608@example.com,Seattle,WA,USA,West,Email Marketing,2025-06-23
609,Sofia,Taylor,sofia.taylor609@example.com,Austin,TX,USA,South,Organic Search,2023-01-01
610,Sarah,Gupta,sarah.gupta610@example.com,Detroit,MI,USA,Midwest,Paid Social,2023-01-18
611,Lucas,Adams,lucas.adams611@example.com,Las Vegas,NV,USA,West,Organic Search,2025-05-31
612,Sandra,Smith,sandra.smith612@example.com,Toronto,ON,Canada,International,Paid Social,2025-04-23
613,Chen,Reddy,chen.reddy613@example.com,Denver,CO,USA,West,Organic Search,2026-08-15
614,Ana,Anderson,ana.anderson614@example.com,Boston,MA,USA,Northeast,Organic Search,2026-07-04
615,Kavita,Jackson,kavita.jackson615@example.com,Salt Lake City,UT,USA,West,Email Marketing,2025-04-25
616,David,Lopez,david.lopez616@example.com,Dallas,TX,USA,South,Organic Search,2026-07-28
617,Liam,Moore,liam.moore617@example.com,Sydney,NSW,Australia,International,Paid Social,2024-10-18
618,Michael,Liu,michael.liu618@example.com,Los Angeles,CA,USA,West,Organic Search,2023-07-29
619,Thomas,Hill,thomas.hill619@example.com,Sacramento,CA,USA,West,Direct,2024-04-21
620,Mary,Wang,mary.wang620@example.com,Indianapolis,IN,USA,Midwest,Paid Social,2024-09-30
621,Isabella,Kumar,isabella.kumar621@example.com,Kansas City,MO,USA,Midwest,Direct,2023-03-06
622,Charles,Brown,charles.brown622@example.com,Nashville,TN,USA,South,Direct,2023-05-27
623,Lisa,Gonzalez,lisa.gonzalez623@example.com,Boston,MA,USA,Northeast,Email Marketing,2023-01-26
624,Arjun,Singh,arjun.singh624@example.com,Sacramento,CA,USA,West,Organic Search,2023-03-10
625,Richard,Zhang,richard.zhang625@example.com,Indianapolis,IN,USA,Midwest,Paid Social,2024-10-01
626,Christopher,Kelly,christopher.kelly626@example.com,Chicago,IL,USA,Midwest,Direct,2026-01-30
627,Ananya,Chen,ananya.chen627@example.com,Melbourne,VIC,Australia,International,Organic Search,2025-01-08
628,Margaret,Davis,margaret.davis628@example.com,Denver,CO,USA,West,Direct,2024-10-26
629,Vikram,Kim,vikram.kim629@example.com,San Diego,CA,USA,West,Paid Social,2024-05-12
630,Jennifer,Kim,jennifer.kim630@example.com,Las Vegas,NV,USA,West,Direct,2023-11-14
631,Barbara,Thomas,barbara.thomas631@example.com,San Jose,CA,USA,West,Paid Social,2026-06-20
632,Linda,Brown,linda.brown632@example.com,Minneapolis,MN,USA,Midwest,Direct,2026-01-03
633,Thomas,Wang,thomas.wang633@example.com,Seattle,WA,USA,West,Organic Search,2026-02-17
634,Hiroshi,Rao,hiroshi.rao634@example.com,Charlotte,NC,USA,South,Organic Search,2025-02-12
635,Sarah,Taylor,sarah.taylor635@example.com,Chicago,IL,USA,Midwest,Paid Social,2025-06-15
636,Harper,Diaz,harper.diaz636@example.com,Baltimore,MD,USA,Northeast,Organic Search,2024-01-18
637,Mei,Flores,mei.flores637@example.com,Kansas City,MO,USA,Midwest,Organic Search,2026-05-11
638,Christopher,Jones,christopher.jones638@example.com,Raleigh,NC,USA,South,Organic Search,2024-08-28
639,Harper,Kumar,harper.kumar639@example.com,Kansas City,MO,USA,Midwest,Organic Search,2026-07-30
640,Lisa,Johnson,lisa.johnson640@example.com,Sydney,NSW,Australia,International,Email Marketing,2026-06-24
641,David,Scott,david.scott641@example.com,Salt Lake City,UT,USA,West,Email Marketing,2024-01-24
642,Isabella,Baker,isabella.baker642@example.com,Toronto,ON,Canada,International,Organic Search,2024-08-02
643,Mei,Davis,mei.davis643@example.com,San Antonio,TX,USA,South,Paid Social,2023-05-17
644,Thomas,Lopez,thomas.lopez644@example.com,Chicago,IL,USA,Midwest,Organic Search,2025-09-21
645,John,Tanaka,john.tanaka645@example.com,Tampa,FL,USA,South,Direct,2025-12-12
646,Ananya,Brown,ananya.brown646@example.com,Cleveland,OH,USA,Midwest,Organic Search,2023-05-26
647,Anthony,Wright,anthony.wright647@example.com,Baltimore,MD,USA,Northeast,Referral,2023-06-13
648,Linda,Kumar,linda.kumar648@example.com,Toronto,ON,Canada,International,Direct,2025-05-01
649,Linda,Nguyen,linda.nguyen649@example.com,Nashville,TN,USA,South,Paid Social,2023-05-25
650,Elizabeth,Wilson,elizabeth.wilson650@example.com,Raleigh,NC,USA,South,Organic Search,2024-04-18
651,Matthew,Gonzalez,matthew.gonzalez651@example.com,Raleigh,NC,USA,South,Direct,2026-03-13
652,Daniel,Yamamoto,daniel.yamamoto652@example.com,Toronto,ON,Canada,International,Paid Social,2023-08-05
653,Carlos,Torres,carlos.torres653@example.com,Kansas City,MO,USA,Midwest,Direct,2025-05-24
654,Nancy,Lopez,nancy.lopez654@example.com,Toronto,ON,Canada,International,Paid Social,2024-11-22
655,Logan,Park,logan.park655@example.com,Sacramento,CA,USA,West,Referral,2024-10-07
656,Mei,Kumar,mei.kumar656@example.com,St. Louis,MO,USA,Midwest,Direct,2025-05-31
657,Mei,Park,mei.park657@example.com,Denver,CO,USA,West,Paid Social,2024-03-14
658,Ananya,Kumar,ananya.kumar658@example.com,Sacramento,CA,USA,West,Paid Social,2025-03-24
659,John,Jackson,john.jackson659@example.com,Manchester,,UK,International,Organic Search,2023-10-04
660,Sunita,Smith,sunita.smith660@example.com,Portland,OR,USA,West,Referral,2024-03-15
661,Robert,Baker,robert.baker661@example.com,Nashville,TN,USA,South,Referral,2025-11-13
662,Karen,Miller,karen.miller662@example.com,Chicago,IL,USA,Midwest,Paid Social,2023-11-16
663,Maria,Kim,maria.kim663@example.com,Denver,CO,USA,West,Organic Search,2024-09-07
664,Ahmed,Tanaka,ahmed.tanaka664@example.com,Indianapolis,IN,USA,Midwest,Direct,2024-10-26
665,Daniel,Wang,daniel.wang665@example.com,Vancouver,BC,Canada,International,Email Marketing,2023-07-15
666,Sunita,Williams,sunita.williams666@example.com,Vancouver,BC,Canada,International,Paid Social,2023-04-25
667,Jin,Gupta,jin.gupta667@example.com,Pittsburgh,PA,USA,Northeast,Paid Social,2023-09-04
668,Sandra,Green,sandra.green668@example.com,Manchester,,UK,International,Referral,2026-07-22
669,Ana,Brown,ana.brown669@example.com,Portland,OR,USA,West,Paid Social,2024-10-15
670,Karen,Sharma,karen.sharma670@example.com,Milwaukee,WI,USA,Midwest,Direct,2023-11-10
671,Fatima,Rao,fatima.rao671@example.com,Manchester,,UK,International,Paid Social,2023-07-04
672,Rajesh,Reddy,rajesh.reddy672@example.com,Austin,TX,USA,South,Organic Search,2023-06-19
673,Michael,Yamamoto,michael.yamamoto673@example.com,Orlando,FL,USA,South,Organic Search,2025-03-27
674,Thomas,Adams,thomas.adams674@example.com,Dallas,TX,USA,South,Paid Social,2024-02-10
675,Betty,Yamamoto,betty.yamamoto675@example.com,Sydney,NSW,Australia,International,Referral,2025-12-09
676,Elizabeth,Moore,elizabeth.moore676@example.com,Pittsburgh,PA,USA,Northeast,Organic Search,2026-03-25
677,Sofia,Iyer,sofia.iyer677@example.com,Cleveland,OH,USA,Midwest,Paid Social,2024-10-18
678,Patricia,Baker,patricia.baker678@example.com,Portland,OR,USA,West,Organic Search,2024-12-17
679,Olivia,Nguyen,olivia.nguyen679@example.com,Austin,TX,USA,South,Paid Social,2024-04-23
680,Jose,Martinez,jose.martinez680@example.com,Philadelphia,PA,USA,Northeast,Organic Search,2023-04-22
681,Charles,Jackson,charles.jackson681@example.com,New York,NY,USA,Northeast,Paid Social,2023-08-16
682,Aiden,Johnson,aiden.johnson682@example.com,Miami,FL,USA,South,Organic Search,2026-01-06
683,Harper,Zhang,harper.zhang683@example.com,Boston,MA,USA,Northeast,Paid Social,2026-06-29
684,Charles,Diaz,charles.diaz684@example.com,Los Angeles,CA,USA,West,Paid Social,2025-12-14
685,Nancy,Brown,nancy.brown685@example.com,Detroit,MI,USA,Midwest,Organic Search,2026-06-19
686,Noah,Wright,noah.wright686@example.com,New York,NY,USA,Northeast,Organic Search,2024-07-09
687,Maria,Miller,maria.miller687@example.com,Los Angeles,CA,USA,West,Organic Search,2026-08-22
688,Ana,Li,ana.li688@example.com,San Antonio,TX,USA,South,Email Marketing,2025-09-19
689,Logan,Garcia,logan.garcia689@example.com,Columbus,OH,USA,Midwest,Organic Search,2025-07-26
690,Robert,Williams,robert.williams690@example.com,Denver,CO,USA,West,Referral,2024-09-16
691,Fatima,Green,fatima.green691@example.com,San Jose,CA,USA,West,Organic Search,2024-12-21
692,Sunita,Thomas,sunita.thomas692@example.com,Milwaukee,WI,USA,Midwest,Organic Search,2023-05-07
693,Luis,Johnson,luis.johnson693@example.com,Toronto,ON,Canada,International,Referral,2024-04-06
694,Fatima,Scott,fatima.scott694@example.com,Dallas,TX,USA,South,Organic Search,2025-02-21
695,Sandra,Nair,sandra.nair695@example.com,Denver,CO,USA,West,Paid Social,2025-05-23
696,Jin,Rao,jin.rao696@example.com,Salt Lake City,UT,USA,West,Organic Search,2026-08-29
697,Harper,Torres,harper.torres697@example.com,Charlotte,NC,USA,South,Email Marketing,2024-09-24
698,Amelia,Rodriguez,amelia.rodriguez698@example.com,Pittsburgh,PA,USA,Northeast,Referral,2023-10-25
699,Christopher,Sharma,christopher.sharma699@example.com,Phoenix,AZ,USA,West,Paid Social,2023-08-31
700,Charles,Flores,charles.flores700@example.com,Los Angeles,CA,USA,West,Direct,2025-04-27
701,Sunita,Rao,sunita.rao701@example.com,Melbourne,VIC,Australia,International,Referral,2024-07-14
702,Matthew,Miller,matthew.miller702@example.com,Dallas,TX,USA,South,Organic Search,2026-06-07
703,Sandra,Park,sandra.park703@example.com,Seattle,WA,USA,West,Organic Search,2023-02-23
704,Sophia,Rodriguez,sophia.rodriguez704@example.com,Milwaukee,WI,USA,Midwest,Email Marketing,2025-08-18
705,Jose,Lopez,jose.lopez705@example.com,Tampa,FL,USA,South,Paid Social,2023-10-09
706,Mark,Williams,mark.williams706@example.com,St. Louis,MO,USA,Midwest,Direct,2023-01-31
707,Sofia,Anderson,sofia.anderson707@example.com,Charlotte,NC,USA,South,Direct,2023-05-16
708,Olivia,Nguyen,olivia.nguyen708@example.com,Baltimore,MD,USA,Northeast,Direct,2025-07-26
709,Elena,Reddy,elena.reddy709@example.com,Chicago,IL,USA,Midwest,Direct,2025-02-18
710,Fatima,Nguyen,fatima.nguyen710@example.com,Vancouver,BC,Canada,International,Direct,2025-12-11
711,John,Zhang,john.zhang711@example.com,San Antonio,TX,USA,South,Paid Social,2023-03-28
712,Arjun,Zhang,arjun.zhang712@example.com,Salt Lake City,UT,USA,West,Paid Social,2023-03-22
713,Mason,Adams,mason.adams713@example.com,Melbourne,VIC,Australia,International,Referral,2024-01-24
714,Fatima,Martin,fatima.martin714@example.com,Detroit,MI,USA,Midwest,Paid Social,2025-05-15
715,Michael,Diaz,michael.diaz715@example.com,Raleigh,NC,USA,South,Email Marketing,2025-08-07
716,Liam,Garcia,liam.garcia716@example.com,Milwaukee,WI,USA,Midwest,Organic Search,2026-04-13
717,Harper,Rodriguez,harper.rodriguez717@example.com,Orlando,FL,USA,South,Paid Social,2025-07-12
718,Emma,Kim,emma.kim718@example.com,Charlotte,NC,USA,South,Email Marketing,2023-07-04
719,Christopher,Hill,christopher.hill719@example.com,San Diego,CA,USA,West,Organic Search,2025-07-09
720,William,Zhang,william.zhang720@example.com,Tampa,FL,USA,South,Direct,2025-11-13
721,Christopher,Singh,christopher.singh721@example.com,Toronto,ON,Canada,International,Paid Social,2023-12-16
722,Karen,Hernandez,karen.hernandez722@example.com,Austin,TX,USA,South,Organic Search,2023-04-16
723,Amit,Flores,amit.flores723@example.com,Sacramento,CA,USA,West,Organic Search,2024-01-06
724,Thomas,Gonzalez,thomas.gonzalez724@example.com,New York,NY,USA,Northeast,Direct,2024-06-02
725,Isabella,Wang,isabella.wang725@example.com,Salt Lake City,UT,USA,West,Email Marketing,2026-05-30
726,Priya,Wilson,priya.wilson726@example.com,London,,UK,International,Direct,2025-07-18
727,William,Park,william.park727@example.com,Manchester,,UK,International,Organic Search,2026-01-25
728,Anthony,Brown,anthony.brown728@example.com,Columbus,OH,USA,Midwest,Organic Search,2026-08-30
729,Charles,Williams,charles.williams729@example.com,Vancouver,BC,Canada,International,Email Marketing,2024-09-03
730,Barbara,Brown,barbara.brown730@example.com,San Antonio,TX,USA,South,Paid Social,2024-01-01
731,Neha,Nguyen,neha.nguyen731@example.com,Manchester,,UK,International,Paid Social,2026-02-25
732,Emma,Green,emma.green732@example.com,London,,UK,International,Paid Social,2023-03-15
733,Sunita,Sharma,sunita.sharma733@example.com,Cleveland,OH,USA,Midwest,Email Marketing,2023-05-19
734,David,Jackson,david.jackson734@example.com,Las Vegas,NV,USA,West,Organic Search,2024-07-16
735,Sofia,Zhang,sofia.zhang735@example.com,Indianapolis,IN,USA,Midwest,Direct,2026-06-07
736,Amelia,Garcia,amelia.garcia736@example.com,Las Vegas,NV,USA,West,Direct,2026-05-23
737,Neha,Iyer,neha.iyer737@example.com,Manchester,,UK,International,Email Marketing,2024-06-15
738,Carlos,Rodriguez,carlos.rodriguez738@example.com,Sydney,NSW,Australia,International,Paid Social,2025-11-30
739,Isabella,Wang,isabella.wang739@example.com,Columbus,OH,USA,Midwest,Email Marketing,2024-04-21
740,Matthew,Smith,matthew.smith740@example.com,San Diego,CA,USA,West,Organic Search,2026-07-04
741,Anthony,Nguyen,anthony.nguyen741@example.com,St. Louis,MO,USA,Midwest,Paid Social,2024-11-14
742,Margaret,Smith,margaret.smith742@example.com,Melbourne,VIC,Australia,International,Organic Search,2024-07-30
743,David,Martin,david.martin743@example.com,Portland,OR,USA,West,Paid Social,2024-10-25
744,Joseph,Torres,joseph.torres744@example.com,Miami,FL,USA,South,Paid Social,2026-03-11
745,Patricia,Lopez,patricia.lopez745@example.com,Charlotte,NC,USA,South,Organic Search,2024-11-23
746,Sophia,Chen,sophia.chen746@example.com,Chicago,IL,USA,Midwest,Direct,2025-09-13
747,Emma,Liu,emma.liu747@example.com,Miami,FL,USA,South,Paid Social,2025-04-27
748,Linda,Zhang,linda.zhang748@example.com,Portland,OR,USA,West,Paid Social,2024-10-08
749,Robert,Wilson,robert.wilson749@example.com,Vancouver,BC,Canada,International,Direct,2024-12-25
750,Karen,Moore,karen.moore750@example.com,Los Angeles,CA,USA,West,Organic Search,2025-02-07
751,Nancy,Tanaka,nancy.tanaka751@example.com,Manchester,,UK,International,Paid Social,2026-05-03
752,Amit,Hill,amit.hill752@example.com,Atlanta,GA,USA,South,Direct,2024-07-10
753,Isabella,Thomas,isabella.thomas753@example.com,Cleveland,OH,USA,Midwest,Paid Social,2024-09-11
754,Sunita,Lopez,sunita.lopez754@example.com,San Diego,CA,USA,West,Paid Social,2023-03-18
755,Barbara,Rao,barbara.rao755@example.com,Milwaukee,WI,USA,Midwest,Organic Search,2025-09-15
756,Karen,Gonzalez,karen.gonzalez756@example.com,Miami,FL,USA,South,Referral,2025-12-08
757,Mei,Martinez,mei.martinez757@example.com,San Antonio,TX,USA,South,Email Marketing,2025-11-23
758,Thomas,Wilson,thomas.wilson758@example.com,Chicago,IL,USA,Midwest,Paid Social,2025-12-05
759,Amit,Williams,amit.williams759@example.com,Manchester,,UK,International,Email Marketing,2024-11-13
760,Jennifer,Miller,jennifer.miller760@example.com,Raleigh,NC,USA,South,Direct,2024-10-01
761,Amit,Kelly,amit.kelly761@example.com,Indianapolis,IN,USA,Midwest,Organic Search,2024-01-30
762,Logan,Sharma,logan.sharma762@example.com,Sacramento,CA,USA,West,Direct,2024-07-12
763,Vikram,Davis,vikram.davis763@example.com,New York,NY,USA,Northeast,Referral,2026-02-20
764,Anthony,Liu,anthony.liu764@example.com,Minneapolis,MN,USA,Midwest,Paid Social,2024-07-09
765,Neha,Tanaka,neha.tanaka765@example.com,Denver,CO,USA,West,Organic Search,2024-09-29
766,Yuki,Liu,yuki.liu766@example.com,Sacramento,CA,USA,West,Organic Search,2023-03-01
767,Michael,Miller,michael.miller767@example.com,Tampa,FL,USA,South,Organic Search,2025-05-23
768,Liam,Nguyen,liam.nguyen768@example.com,Minneapolis,MN,USA,Midwest,Organic Search,2024-02-10
769,Logan,Garcia,logan.garcia769@example.com,Kansas City,MO,USA,Midwest,Paid Social,2023-07-10
770,Noah,Miller,noah.miller770@example.com,Kansas City,MO,USA,Midwest,Organic Search,2026-08-12
771,Noah,Chen,noah.chen771@example.com,Seattle,WA,USA,West,Referral,2023-10-22
772,Rohan,Kumar,rohan.kumar772@example.com,Orlando,FL,USA,South,Organic Search,2024-11-07
773,Mei,Mehta,mei.mehta773@example.com,Baltimore,MD,USA,Northeast,Organic Search,2025-08-31
774,Sophia,Mehta,sophia.mehta774@example.com,San Jose,CA,USA,West,Organic Search,2024-12-14
775,Thomas,Li,thomas.li775@example.com,San Antonio,TX,USA,South,Paid Social,2023-08-08
776,Elizabeth,Martin,elizabeth.martin776@example.com,Salt Lake City,UT,USA,West,Paid Social,2026-04-24
777,Arjun,Yamamoto,arjun.yamamoto777@example.com,San Jose,CA,USA,West,Referral,2025-02-25
778,Anthony,Diaz,anthony.diaz778@example.com,London,,UK,International,Paid Social,2025-06-10
779,Yuki,Liu,yuki.liu779@example.com,Denver,CO,USA,West,Organic Search,2023-06-09
780,Lucas,Davis,lucas.davis780@example.com,London,,UK,International,Direct,2024-10-28
781,Olivia,Lopez,olivia.lopez781@example.com,Portland,OR,USA,West,Referral,2023-05-23
782,Ana,Sharma,ana.sharma782@example.com,Baltimore,MD,USA,Northeast,Direct,2023-05-06
783,Sarah,Kim,sarah.kim783@example.com,Melbourne,VIC,Australia,International,Email Marketing,2023-10-28
784,Liam,Liu,liam.liu784@example.com,Detroit,MI,USA,Midwest,Paid Social,2026-03-29
785,Anthony,Torres,anthony.torres785@example.com,Atlanta,GA,USA,South,Organic Search,2024-09-15
786,Chen,Hill,chen.hill786@example.com,Minneapolis,MN,USA,Midwest,Referral,2026-04-08
787,Mia,Reddy,mia.reddy787@example.com,Dallas,TX,USA,South,Email Marketing,2023-05-08
788,Michael,Smith,michael.smith788@example.com,Toronto,ON,Canada,International,Email Marketing,2025-01-05
789,Neha,Johnson,neha.johnson789@example.com,Denver,CO,USA,West,Paid Social,2026-04-23
790,Wei,Hill,wei.hill790@example.com,Tampa,FL,USA,South,Paid Social,2025-06-10
791,Daniel,Chen,daniel.chen791@example.com,Dallas,TX,USA,South,Organic Search,2025-02-26
792,Maria,Nair,maria.nair792@example.com,Austin,TX,USA,South,Organic Search,2023-09-15
793,Elizabeth,Wright,elizabeth.wright793@example.com,Los Angeles,CA,USA,West,Organic Search,2025-09-23
794,Sarah,Garcia,sarah.garcia794@example.com,Dallas,TX,USA,South,Direct,2025-05-01
795,Elena,Nguyen,elena.nguyen795@example.com,Columbus,OH,USA,Midwest,Paid Social,2025-05-18
796,Liam,Singh,liam.singh796@example.com,Minneapolis,MN,USA,Midwest,Organic Search,2025-05-19
797,Isabella,Flores,isabella.flores797@example.com,Denver,CO,USA,West,Direct,2024-07-05
798,Harper,Tanaka,harper.tanaka798@example.com,Cleveland,OH,USA,Midwest,Organic Search,2023-03-19
799,Jose,Davis,jose.davis799@example.com,London,,UK,International,Paid Social,2023-06-13
800,Amelia,Adams,amelia.adams800@example.com,Nashville,TN,USA,South,Paid Social,2023-06-10
801,Barbara,Thomas,barbara.thomas801@example.com,Las Vegas,NV,USA,West,Direct,2023-06-09
802,Harper,Kim,harper.kim802@example.com,Portland,OR,USA,West,Direct,2024-12-04
803,Mary,Chen,mary.chen803@example.com,Kansas City,MO,USA,Midwest,Paid Social,2025-08-18
804,Jin,Nair,jin.nair804@example.com,Minneapolis,MN,USA,Midwest,Referral,2024-08-26
805,John,Diaz,john.diaz805@example.com,Manchester,,UK,International,Direct,2026-02-28
806,Aiden,Kim,aiden.kim806@example.com,San Jose,CA,USA,West,Paid Social,2024-08-20
807,Patricia,Jackson,patricia.jackson807@example.com,Baltimore,MD,USA,Northeast,Organic Search,2025-11-01
808,Vikram,Taylor,vikram.taylor808@example.com,Dallas,TX,USA,South,Direct,2024-07-17
809,Mary,Green,mary.green809@example.com,San Diego,CA,USA,West,Direct,2026-04-26
810,Liam,Kumar,liam.kumar810@example.com,Columbus,OH,USA,Midwest,Organic Search,2024-04-28
811,Amelia,Williams,amelia.williams811@example.com,Miami,FL,USA,South,Referral,2023-10-25
812,Karen,Wang,karen.wang812@example.com,St. Louis,MO,USA,Midwest,Direct,2024-05-02
813,Nancy,Wilson,nancy.wilson813@example.com,Vancouver,BC,Canada,International,Direct,2024-12-07
814,Rohan,Adams,rohan.adams814@example.com,San Diego,CA,USA,West,Organic Search,2025-08-08
815,Sunita,Chen,sunita.chen815@example.com,Salt Lake City,UT,USA,West,Organic Search,2025-03-09
816,Charles,Zhang,charles.zhang816@example.com,Pittsburgh,PA,USA,Northeast,Organic Search,2025-07-08
817,Wei,Zhang,wei.zhang817@example.com,Chicago,IL,USA,Midwest,Organic Search,2025-12-24
818,Chen,Nguyen,chen.nguyen818@example.com,Nashville,TN,USA,South,Organic Search,2024-06-30
819,Ananya,Wright,ananya.wright819@example.com,London,,UK,International,Paid Social,2024-05-10
820,Matthew,Zhang,matthew.zhang820@example.com,Miami,FL,USA,South,Direct,2024-01-04
821,Mary,Torres,mary.torres821@example.com,New York,NY,USA,Northeast,Email Marketing,2023-01-25
822,Amelia,Miller,amelia.miller822@example.com,Sacramento,CA,USA,West,Paid Social,2024-08-03
823,John,Johnson,john.johnson823@example.com,Sydney,NSW,Australia,International,Organic Search,2026-05-01
824,Margaret,Park,margaret.park824@example.com,Melbourne,VIC,Australia,International,Organic Search,2023-09-03
825,Thomas,Singh,thomas.singh825@example.com,Vancouver,BC,Canada,International,Email Marketing,2024-01-14
826,Lisa,Taylor,lisa.taylor826@example.com,Detroit,MI,USA,Midwest,Paid Social,2023-06-05
827,Vikram,Baker,vikram.baker827@example.com,Pittsburgh,PA,USA,Northeast,Direct,2024-10-24
828,Elizabeth,Moore,elizabeth.moore828@example.com,Houston,TX,USA,South,Paid Social,2024-11-12
829,Rohan,Taylor,rohan.taylor829@example.com,Columbus,OH,USA,Midwest,Paid Social,2025-10-04
830,Betty,Nguyen,betty.nguyen830@example.com,Orlando,FL,USA,South,Organic Search,2025-10-04
831,Harper,Baker,harper.baker831@example.com,Pittsburgh,PA,USA,Northeast,Organic Search,2026-08-10
832,Olivia,Hill,olivia.hill832@example.com,Boston,MA,USA,Northeast,Organic Search,2023-05-30
833,Ananya,Baker,ananya.baker833@example.com,Sacramento,CA,USA,West,Organic Search,2025-10-16
834,James,Williams,james.williams834@example.com,Tampa,FL,USA,South,Organic Search,2024-11-06
835,James,Li,james.li835@example.com,Baltimore,MD,USA,Northeast,Paid Social,2025-04-07
836,David,Liu,david.liu836@example.com,Seattle,WA,USA,West,Organic Search,2025-09-14
837,Logan,Gupta,logan.gupta837@example.com,Miami,FL,USA,South,Direct,2025-03-31
838,Barbara,Kumar,barbara.kumar838@example.com,Salt Lake City,UT,USA,West,Email Marketing,2024-11-27
839,Emma,Adams,emma.adams839@example.com,Detroit,MI,USA,Midwest,Direct,2023-12-28
840,Luis,Scott,luis.scott840@example.com,Charlotte,NC,USA,South,Organic Search,2025-03-09
841,Carlos,Wang,carlos.wang841@example.com,Philadelphia,PA,USA,Northeast,Email Marketing,2025-06-15
842,Sarah,Williams,sarah.williams842@example.com,Charlotte,NC,USA,South,Organic Search,2026-04-29
843,Luis,Jones,luis.jones843@example.com,Salt Lake City,UT,USA,West,Direct,2025-10-20
844,Liam,Johnson,liam.johnson844@example.com,Chicago,IL,USA,Midwest,Organic Search,2024-11-22
845,Jennifer,Reddy,jennifer.reddy845@example.com,San Diego,CA,USA,West,Organic Search,2025-12-07
846,Logan,Martinez,logan.martinez846@example.com,London,,UK,International,Organic Search,2023-05-28
847,Charles,Wang,charles.wang847@example.com,Los Angeles,CA,USA,West,Paid Social,2026-06-20
848,Thomas,Smith,thomas.smith848@example.com,Columbus,OH,USA,Midwest,Direct,2024-09-21
849,Richard,Mehta,richard.mehta849@example.com,Sydney,NSW,Australia,International,Organic Search,2026-04-25
850,Susan,Davis,susan.davis850@example.com,Baltimore,MD,USA,Northeast,Direct,2026-06-14
851,Betty,Iyer,betty.iyer851@example.com,Miami,FL,USA,South,Email Marketing,2025-04-03
852,Harper,Rodriguez,harper.rodriguez852@example.com,Atlanta,GA,USA,South,Email Marketing,2024-03-12
853,Daniel,Patel,daniel.patel853@example.com,Phoenix,AZ,USA,West,Organic Search,2023-10-17
854,Nancy,Diaz,nancy.diaz854@example.com,Cleveland,OH,USA,Midwest,Paid Social,2025-06-17
855,Jennifer,Rodriguez,jennifer.rodriguez855@example.com,San Antonio,TX,USA,South,Email Marketing,2026-07-18
856,Christopher,Johnson,christopher.johnson856@example.com,Baltimore,MD,USA,Northeast,Organic Search,2023-01-15
857,Barbara,Hill,barbara.hill857@example.com,London,,UK,International,Email Marketing,2025-05-02
858,Aiden,Diaz,aiden.diaz858@example.com,Dallas,TX,USA,South,Organic Search,2026-08-03
859,Liam,Nair,liam.nair859@example.com,Denver,CO,USA,West,Referral,2026-06-04
860,Lisa,Hill,lisa.hill860@example.com,Baltimore,MD,USA,Northeast,Direct,2023-06-30
861,Sunita,Gupta,sunita.gupta861@example.com,St. Louis,MO,USA,Midwest,Organic Search,2024-04-27
862,Amelia,Miller,amelia.miller862@example.com,Sydney,NSW,Australia,International,Paid Social,2026-01-10
863,Noah,Baker,noah.baker863@example.com,Melbourne,VIC,Australia,International,Direct,2024-07-20
864,Joseph,Martinez,joseph.martinez864@example.com,Las Vegas,NV,USA,West,Paid Social,2023-11-24
865,Jennifer,Brown,jennifer.brown865@example.com,Cleveland,OH,USA,Midwest,Organic Search,2025-06-09
866,Emma,Williams,emma.williams866@example.com,San Antonio,TX,USA,South,Direct,2026-01-05
867,Patricia,Wang,patricia.wang867@example.com,Milwaukee,WI,USA,Midwest,Organic Search,2024-04-26
868,Mei,Nair,mei.nair868@example.com,Charlotte,NC,USA,South,Direct,2024-10-29
869,Joseph,Sharma,joseph.sharma869@example.com,Seattle,WA,USA,West,Organic Search,2025-04-24
870,Ana,Anderson,ana.anderson870@example.com,Phoenix,AZ,USA,West,Paid Social,2025-09-19
871,Chen,Martinez,chen.martinez871@example.com,Indianapolis,IN,USA,Midwest,Referral,2025-07-20
872,Jose,Rodriguez,jose.rodriguez872@example.com,Kansas City,MO,USA,Midwest,Direct,2026-07-18
873,Kavita,Gonzalez,kavita.gonzalez873@example.com,Miami,FL,USA,South,Organic Search,2026-03-10
874,Sarah,Davis,sarah.davis874@example.com,Kansas City,MO,USA,Midwest,Paid Social,2023-12-17
875,Mark,Jackson,mark.jackson875@example.com,Manchester,,UK,International,Organic Search,2026-07-30
876,Nancy,Tanaka,nancy.tanaka876@example.com,Toronto,ON,Canada,International,Email Marketing,2023-06-27
877,Mason,Wang,mason.wang877@example.com,Indianapolis,IN,USA,Midwest,Direct,2025-08-05
878,Elena,Green,elena.green878@example.com,Denver,CO,USA,West,Organic Search,2025-06-08
879,Karen,Tanaka,karen.tanaka879@example.com,New York,NY,USA,Northeast,Paid Social,2023-04-01
880,Aiden,Flores,aiden.flores880@example.com,Milwaukee,WI,USA,Midwest,Organic Search,2025-12-23
881,Richard,Rao,richard.rao881@example.com,Baltimore,MD,USA,Northeast,Organic Search,2026-02-17
882,Sofia,Wilson,sofia.wilson882@example.com,Dallas,TX,USA,South,Paid Social,2024-05-04
883,Barbara,Johnson,barbara.johnson883@example.com,Las Vegas,NV,USA,West,Direct,2023-11-28
884,Patricia,Mehta,patricia.mehta884@example.com,Kansas City,MO,USA,Midwest,Direct,2025-04-10
885,Jose,Kelly,jose.kelly885@example.com,Kansas City,MO,USA,Midwest,Direct,2023-01-03
886,Elizabeth,Singh,elizabeth.singh886@example.com,Miami,FL,USA,South,Paid Social,2024-08-30
887,Kavita,Diaz,kavita.diaz887@example.com,Sydney,NSW,Australia,International,Paid Social,2024-02-29
888,William,Nguyen,william.nguyen888@example.com,Miami,FL,USA,South,Direct,2023-04-23
889,Maria,Brown,maria.brown889@example.com,San Diego,CA,USA,West,Paid Social,2025-08-11
890,Maria,Kumar,maria.kumar890@example.com,Columbus,OH,USA,Midwest,Direct,2023-05-18
891,Anthony,Rodriguez,anthony.rodriguez891@example.com,Miami,FL,USA,South,Organic Search,2023-08-21
892,Anthony,Adams,anthony.adams892@example.com,Seattle,WA,USA,West,Organic Search,2024-07-01
893,Elena,Moore,elena.moore893@example.com,Houston,TX,USA,South,Organic Search,2024-12-08
894,Ethan,Zhang,ethan.zhang894@example.com,San Diego,CA,USA,West,Paid Social,2025-12-25
895,Logan,Jackson,logan.jackson895@example.com,Sacramento,CA,USA,West,Direct,2023-05-15
896,Emma,Garcia,emma.garcia896@example.com,Philadelphia,PA,USA,Northeast,Paid Social,2024-01-02
897,Elizabeth,Miller,elizabeth.miller897@example.com,San Jose,CA,USA,West,Organic Search,2023-10-31
898,Anthony,Zhang,anthony.zhang898@example.com,Melbourne,VIC,Australia,International,Organic Search,2025-05-03
899,Harper,Rodriguez,harper.rodriguez899@example.com,Las Vegas,NV,USA,West,Paid Social,2025-06-28
900,Robert,Jackson,robert.jackson900@example.com,Charlotte,NC,USA,South,Organic Search,2024-04-20
901,Mason,Wright,mason.wright901@example.com,Miami,FL,USA,South,Paid Social,2024-12-03
902,Mei,Wang,mei.wang902@example.com,London,,UK,International,Direct,2025-12-21
903,Olivia,Mehta,olivia.mehta903@example.com,Portland,OR,USA,West,Paid Social,2024-09-19
904,Rohan,Anderson,rohan.anderson904@example.com,Las Vegas,NV,USA,West,Paid Social,2024-08-13
905,Michael,Martinez,michael.martinez905@example.com,Minneapolis,MN,USA,Midwest,Organic Search,2023-12-07
906,Christopher,Hill,christopher.hill906@example.com,Salt Lake City,UT,USA,West,Organic Search,2023-12-26
907,Karen,Hernandez,karen.hernandez907@example.com,Denver,CO,USA,West,Organic Search,2024-10-10
908,Olivia,Taylor,olivia.taylor908@example.com,Cleveland,OH,USA,Midwest,Organic Search,2026-02-25
909,Wei,Gupta,wei.gupta909@example.com,Austin,TX,USA,South,Paid Social,2026-01-10
910,Logan,Martin,logan.martin910@example.com,San Diego,CA,USA,West,Referral,2025-04-08
911,Charles,Mehta,charles.mehta911@example.com,Atlanta,GA,USA,South,Organic Search,2026-01-23
912,Jin,Wright,jin.wright912@example.com,Detroit,MI,USA,Midwest,Paid Social,2024-08-16
913,Charles,Tanaka,charles.tanaka913@example.com,Sacramento,CA,USA,West,Organic Search,2023-08-19
914,Jennifer,Rodriguez,jennifer.rodriguez914@example.com,Toronto,ON,Canada,International,Organic Search,2023-02-20
915,Mark,Rao,mark.rao915@example.com,Minneapolis,MN,USA,Midwest,Organic Search,2023-04-23
916,Matthew,Kim,matthew.kim916@example.com,Raleigh,NC,USA,South,Organic Search,2024-07-23
917,William,Liu,william.liu917@example.com,Sacramento,CA,USA,West,Direct,2023-06-28
918,Fatima,Gonzalez,fatima.gonzalez918@example.com,Baltimore,MD,USA,Northeast,Organic Search,2026-05-24
919,Linda,Scott,linda.scott919@example.com,Cleveland,OH,USA,Midwest,Paid Social,2025-05-25
920,Jose,Smith,jose.smith920@example.com,Detroit,MI,USA,Midwest,Paid Social,2024-09-22
921,Barbara,Wilson,barbara.wilson921@example.com,Sacramento,CA,USA,West,Direct,2025-05-01
922,Neha,Hernandez,neha.hernandez922@example.com,Pittsburgh,PA,USA,Northeast,Direct,2025-04-28
923,Barbara,Martinez,barbara.martinez923@example.com,Indianapolis,IN,USA,Midwest,Organic Search,2025-12-11
924,David,Kim,david.kim924@example.com,Tampa,FL,USA,South,Organic Search,2025-04-18
925,Kavita,Nair,kavita.nair925@example.com,Columbus,OH,USA,Midwest,Paid Social,2026-03-09
926,Sarah,Gonzalez,sarah.gonzalez926@example.com,Columbus,OH,USA,Midwest,Email Marketing,2024-08-15
927,Jennifer,Martin,jennifer.martin927@example.com,London,,UK,International,Organic Search,2026-02-19
928,Mark,Johnson,mark.johnson928@example.com,New York,NY,USA,Northeast,Organic Search,2024-09-06
929,Aiden,Davis,aiden.davis929@example.com,Detroit,MI,USA,Midwest,Paid Social,2025-10-04
930,Arjun,Johnson,arjun.johnson930@example.com,San Diego,CA,USA,West,Direct,2025-10-06
931,David,Park,david.park931@example.com,Cleveland,OH,USA,Midwest,Direct,2026-03-04
932,Rohan,Kelly,rohan.kelly932@example.com,Las Vegas,NV,USA,West,Referral,2023-09-02
933,Robert,Taylor,robert.taylor933@example.com,San Jose,CA,USA,West,Direct,2023-10-27
934,Sarah,Gupta,sarah.gupta934@example.com,San Jose,CA,USA,West,Organic Search,2025-01-09
935,Carlos,Brown,carlos.brown935@example.com,Detroit,MI,USA,Midwest,Organic Search,2026-08-01
936,Mia,Gonzalez,mia.gonzalez936@example.com,Melbourne,VIC,Australia,International,Organic Search,2023-07-13
937,Nancy,Liu,nancy.liu937@example.com,Atlanta,GA,USA,South,Email Marketing,2024-09-08
938,Maria,Miller,maria.miller938@example.com,Salt Lake City,UT,USA,West,Direct,2023-10-22
939,Mason,Jackson,mason.jackson939@example.com,Cleveland,OH,USA,Midwest,Direct,2025-04-23
940,Christopher,Miller,christopher.miller940@example.com,Indianapolis,IN,USA,Midwest,Organic Search,2024-03-28
941,Amelia,Liu,amelia.liu941@example.com,Toronto,ON,Canada,International,Direct,2023-08-22
942,Elizabeth,Davis,elizabeth.davis942@example.com,Dallas,TX,USA,South,Referral,2025-09-09
943,Maria,Rodriguez,maria.rodriguez943@example.com,Sacramento,CA,USA,West,Email Marketing,2026-05-08
944,Yuki,Lopez,yuki.lopez944@example.com,Portland,OR,USA,West,Organic Search,2023-08-31
945,Charles,Diaz,charles.diaz945@example.com,Seattle,WA,USA,West,Organic Search,2024-03-05
946,William,Iyer,william.iyer946@example.com,San Diego,CA,USA,West,Organic Search,2025-09-18
947,Jennifer,Gonzalez,jennifer.gonzalez947@example.com,San Antonio,TX,USA,South,Organic Search,2025-11-17
948,Aiden,Davis,aiden.davis948@example.com,Boston,MA,USA,Northeast,Organic Search,2024-09-09
949,Richard,Davis,richard.davis949@example.com,Manchester,,UK,International,Organic Search,2024-02-14
950,Hiroshi,Johnson,hiroshi.johnson950@example.com,Philadelphia,PA,USA,Northeast,Organic Search,2024-07-22
951,Hiroshi,Gupta,hiroshi.gupta951@example.com,San Jose,CA,USA,West,Email Marketing,2026-06-09
952,David,Miller,david.miller952@example.com,London,,UK,International,Direct,2025-12-19
953,Matthew,Jackson,matthew.jackson953@example.com,San Jose,CA,USA,West,Email Marketing,2026-01-05
954,Richard,Wilson,richard.wilson954@example.com,Milwaukee,WI,USA,Midwest,Email Marketing,2025-08-30
955,Lisa,Rao,lisa.rao955@example.com,San Antonio,TX,USA,South,Organic Search,2024-12-27
956,Elena,Wilson,elena.wilson956@example.com,Milwaukee,WI,USA,Midwest,Organic Search,2023-08-20
957,Wei,Davis,wei.davis957@example.com,Kansas City,MO,USA,Midwest,Organic Search,2023-10-06
958,Maria,Hill,maria.hill958@example.com,Detroit,MI,USA,Midwest,Paid Social,2023-03-25
959,Isabella,Davis,isabella.davis959@example.com,Tampa,FL,USA,South,Organic Search,2026-05-14
960,Olivia,Anderson,olivia.anderson960@example.com,Toronto,ON,Canada,International,Paid Social,2025-05-26
961,David,Chen,david.chen961@example.com,Cleveland,OH,USA,Midwest,Organic Search,2025-10-03
962,Fatima,Rao,fatima.rao962@example.com,Raleigh,NC,USA,South,Direct,2023-06-24
963,Fatima,Reddy,fatima.reddy963@example.com,London,,UK,International,Referral,2023-12-12
964,Betty,Patel,betty.patel964@example.com,Charlotte,NC,USA,South,Direct,2025-04-07
965,Elena,Flores,elena.flores965@example.com,Baltimore,MD,USA,Northeast,Organic Search,2026-04-06
966,Ahmed,Gupta,ahmed.gupta966@example.com,Las Vegas,NV,USA,West,Direct,2025-04-08
967,Mia,Moore,mia.moore967@example.com,Austin,TX,USA,South,Direct,2023-08-10
968,Lucas,Wang,lucas.wang968@example.com,Seattle,WA,USA,West,Direct,2023-10-03
969,Michael,Jones,michael.jones969@example.com,Baltimore,MD,USA,Northeast,Direct,2024-01-02
970,Mei,Martinez,mei.martinez970@example.com,Portland,OR,USA,West,Direct,2023-07-17
971,Mason,Baker,mason.baker971@example.com,Baltimore,MD,USA,Northeast,Email Marketing,2024-02-18
972,Isabella,Wang,isabella.wang972@example.com,Milwaukee,WI,USA,Midwest,Organic Search,2024-12-04
973,Harper,Liu,harper.liu973@example.com,Los Angeles,CA,USA,West,Referral,2023-03-06
974,Jessica,Singh,jessica.singh974@example.com,Sacramento,CA,USA,West,Organic Search,2025-02-09
975,John,Williams,john.williams975@example.com,Columbus,OH,USA,Midwest,Paid Social,2024-09-12
976,Nancy,Wang,nancy.wang976@example.com,Pittsburgh,PA,USA,Northeast,Organic Search,2025-03-07
977,Joseph,Tanaka,joseph.tanaka977@example.com,Baltimore,MD,USA,Northeast,Direct,2026-01-09
978,Aiden,Yamamoto,aiden.yamamoto978@example.com,San Jose,CA,USA,West,Paid Social,2025-03-12
979,Ana,Nguyen,ana.nguyen979@example.com,Minneapolis,MN,USA,Midwest,Direct,2024-08-05
980,Patricia,Kim,patricia.kim980@example.com,Chicago,IL,USA,Midwest,Organic Search,2025-01-20
981,Patricia,Adams,patricia.adams981@example.com,Melbourne,VIC,Australia,International,Paid Social,2023-07-19
982,Carlos,Nair,carlos.nair982@example.com,Minneapolis,MN,USA,Midwest,Organic Search,2024-05-15
983,Amit,Kim,amit.kim983@example.com,Philadelphia,PA,USA,Northeast,Referral,2023-05-15
984,Joseph,Patel,joseph.patel984@example.com,San Jose,CA,USA,West,Organic Search,2024-10-29
985,Elena,Tanaka,elena.tanaka985@example.com,Milwaukee,WI,USA,Midwest,Email Marketing,2024-06-30
986,Aiden,Kim,aiden.kim986@example.com,Los Angeles,CA,USA,West,Referral,2025-02-12
987,Mei,Tanaka,mei.tanaka987@example.com,San Antonio,TX,USA,South,Email Marketing,2023-07-24
988,Anthony,Patel,anthony.patel988@example.com,Baltimore,MD,USA,Northeast,Paid Social,2024-11-26
989,Sunita,Kumar,sunita.kumar989@example.com,Pittsburgh,PA,USA,Northeast,Organic Search,2026-07-25
990,Elizabeth,Liu,elizabeth.liu990@example.com,Indianapolis,IN,USA,Midwest,Organic Search,2023-04-08
991,Ahmed,Anderson,ahmed.anderson991@example.com,Sydney,NSW,Australia,International,Direct,2023-07-08
992,Richard,Kim,richard.kim992@example.com,Miami,FL,USA,South,Organic Search,2026-03-06
993,Aiden,Iyer,aiden.iyer993@example.com,Indianapolis,IN,USA,Midwest,Paid Social,2023-06-07
994,Sunita,Li,sunita.li994@example.com,Portland,OR,USA,West,Paid Social,2026-01-10
995,Omar,Reddy,omar.reddy995@example.com,Boston,MA,USA,Northeast,Direct,2025-07-17
996,Lisa,Johnson,lisa.johnson996@example.com,Melbourne,VIC,Australia,International,Direct,2024-01-18
997,Margaret,Scott,margaret.scott997@example.com,Kansas City,MO,USA,Midwest,Organic Search,2026-07-30
998,Chen,Tanaka,chen.tanaka998@example.com,Melbourne,VIC,Australia,International,Organic Search,2024-02-15
999,Charles,Thomas,charles.thomas999@example.com,Austin,TX,USA,South,Direct,2024-09-06
1000,Sofia,Sharma,sofia.sharma1000@example.com,Phoenix,AZ,USA,West,Direct,2025-04-24
1001,Neha,Wright,neha.wright1001@example.com,San Jose,CA,USA,West,Organic Search,2026-05-16
1002,Priya,Davis,priya.davis1002@example.com,Austin,TX,USA,South,Organic Search,2024-05-17
1003,Amit,Mehta,amit.mehta1003@example.com,Baltimore,MD,USA,Northeast,Paid Social,2025-06-12
1004,John,Gonzalez,john.gonzalez1004@example.com,San Jose,CA,USA,West,Organic Search,2023-03-01
1005,Vikram,Scott,vikram.scott1005@example.com,Toronto,ON,Canada,International,Organic Search,2023-03-28
1006,Lucas,Johnson,lucas.johnson1006@example.com,Houston,TX,USA,South,Email Marketing,2023-06-21
1007,Sunita,Jones,sunita.jones1007@example.com,St. Louis,MO,USA,Midwest,Email Marketing,2023-07-04
1008,Sarah,Thomas,sarah.thomas1008@example.com,San Diego,CA,USA,West,Paid Social,2025-10-21
1009,Mason,Scott,mason.scott1009@example.com,London,,UK,International,Referral,2025-12-11
1010,Barbara,Thomas,barbara.thomas1010@example.com,Manchester,,UK,International,Organic Search,2024-10-03
1011,Luis,Green,luis.green1011@example.com,Denver,CO,USA,West,Referral,2024-03-22
1012,Daniel,Wilson,daniel.wilson1012@example.com,Nashville,TN,USA,South,Paid Social,2024-06-04
1013,Linda,Wang,linda.wang1013@example.com,Salt Lake City,UT,USA,West,Paid Social,2023-08-20
1014,Elena,Chen,elena.chen1014@example.com,Denver,CO,USA,West,Referral,2023-10-24
1015,Jose,Martin,jose.martin1015@example.com,Los Angeles,CA,USA,West,Direct,2026-05-25
1016,Michael,Diaz,michael.diaz1016@example.com,Denver,CO,USA,West,Organic Search,2025-02-26
1017,Maria,Torres,maria.torres1017@example.com,San Diego,CA,USA,West,Paid Social,2024-04-29
1018,Luis,Smith,luis.smith1018@example.com,Orlando,FL,USA,South,Referral,2024-06-07
1019,Priya,Martin,priya.martin1019@example.com,Indianapolis,IN,USA,Midwest,Email Marketing,2023-11-25
1020,Wei,Baker,wei.baker1020@example.com,St. Louis,MO,USA,Midwest,Email Marketing,2024-07-15
1021,Lucas,Chen,lucas.chen1021@example.com,St. Louis,MO,USA,Midwest,Referral,2024-11-12
1022,Richard,Hernandez,richard.hernandez1022@example.com,Boston,MA,USA,Northeast,Paid Social,2024-12-21
1023,Mei,Mehta,mei.mehta1023@example.com,Los Angeles,CA,USA,West,Direct,2026-08-06
1024,Olivia,Wright,olivia.wright1024@example.com,Dallas,TX,USA,South,Organic Search,2024-02-14
1025,Wei,Tanaka,wei.tanaka1025@example.com,Philadelphia,PA,USA,Northeast,Organic Search,2024-05-26
1026,Thomas,Park,thomas.park1026@example.com,St. Louis,MO,USA,Midwest,Email Marketing,2024-10-16
1027,Sarah,Taylor,sarah.taylor1027@example.com,Columbus,OH,USA,Midwest,Direct,2024-11-01
1028,Betty,Garcia,betty.garcia1028@example.com,St. Louis,MO,USA,Midwest,Paid Social,2025-03-16
1029,Mark,Johnson,mark.johnson1029@example.com,Los Angeles,CA,USA,West,Referral,2026-08-18
1030,Sandra,Garcia,sandra.garcia1030@example.com,Kansas City,MO,USA,Midwest,Organic Search,2023-12-12
1031,Elena,Park,elena.park1031@example.com,Boston,MA,USA,Northeast,Organic Search,2025-01-23
1032,Jessica,Smith,jessica.smith1032@example.com,Raleigh,NC,USA,South,Paid Social,2025-07-18
1033,Isabella,Davis,isabella.davis1033@example.com,Seattle,WA,USA,West,Direct,2024-01-26
1034,Kavita,Jackson,kavita.jackson1034@example.com,Baltimore,MD,USA,Northeast,Paid Social,2025-06-02
1035,Margaret,Jackson,margaret.jackson1035@example.com,Charlotte,NC,USA,South,Paid Social,2025-04-16
1036,Patricia,Jackson,patricia.jackson1036@example.com,Boston,MA,USA,Northeast,Organic Search,2025-07-12
1037,Jose,Kim,jose.kim1037@example.com,Kansas City,MO,USA,Midwest,Organic Search,2025-08-18
1038,Mei,Diaz,mei.diaz1038@example.com,Orlando,FL,USA,South,Direct,2025-02-24
1039,Ananya,Jones,ananya.jones1039@example.com,San Antonio,TX,USA,South,Paid Social,2023-04-17
1040,Priya,Chen,priya.chen1040@example.com,Minneapolis,MN,USA,Midwest,Referral,2026-05-10
1041,Jennifer,Smith,jennifer.smith1041@example.com,Boston,MA,USA,Northeast,Paid Social,2025-02-19
1042,Fatima,Scott,fatima.scott1042@example.com,Cleveland,OH,USA,Midwest,Organic Search,2026-02-19
1043,Daniel,Taylor,daniel.taylor1043@example.com,San Jose,CA,USA,West,Paid Social,2024-11-25
1044,Thomas,Garcia,thomas.garcia1044@example.com,Atlanta,GA,USA,South,Direct,2025-06-05
1045,Joseph,Sharma,joseph.sharma1045@example.com,Chicago,IL,USA,Midwest,Referral,2025-10-19
1046,Vikram,Green,vikram.green1046@example.com,Cleveland,OH,USA,Midwest,Referral,2024-08-02
1047,Rohan,Nguyen,rohan.nguyen1047@example.com,Boston,MA,USA,Northeast,Paid Social,2025-06-11
1048,Wei,Green,wei.green1048@example.com,Baltimore,MD,USA,Northeast,Direct,2023-11-06
1049,Olivia,Brown,olivia.brown1049@example.com,Charlotte,NC,USA,South,Organic Search,2024-04-15
1050,Aiden,Taylor,aiden.taylor1050@example.com,San Jose,CA,USA,West,Direct,2025-06-12
1051,Isabella,Williams,isabella.williams1051@example.com,Sacramento,CA,USA,West,Paid Social,2026-02-22
1052,Isabella,Davis,isabella.davis1052@example.com,Austin,TX,USA,South,Organic Search,2023-07-11
1053,Neha,Lopez,neha.lopez1053@example.com,San Jose,CA,USA,West,Direct,2024-07-12
1054,Margaret,Kim,margaret.kim1054@example.com,New York,NY,USA,Northeast,Paid Social,2026-03-14
1055,Elizabeth,Thomas,elizabeth.thomas1055@example.com,Baltimore,MD,USA,Northeast,Direct,2024-11-04
1056,Jessica,Reddy,jessica.reddy1056@example.com,Cleveland,OH,USA,Midwest,Direct,2023-08-06
1057,Karen,Johnson,karen.johnson1057@example.com,Philadelphia,PA,USA,Northeast,Paid Social,2025-09-09
1058,Kavita,Park,kavita.park1058@example.com,New York,NY,USA,Northeast,Organic Search,2023-03-31
1059,Liam,Sharma,liam.sharma1059@example.com,Vancouver,BC,Canada,International,Organic Search,2023-04-10
1060,Neha,Sharma,neha.sharma1060@example.com,Houston,TX,USA,South,Direct,2026-01-25
1061,Ana,Garcia,ana.garcia1061@example.com,Orlando,FL,USA,South,Organic Search,2024-05-06
1062,Ahmed,Garcia,ahmed.garcia1062@example.com,Los Angeles,CA,USA,West,Email Marketing,2023-11-30
1063,Ahmed,Jackson,ahmed.jackson1063@example.com,Austin,TX,USA,South,Organic Search,2025-10-02
1064,Amit,Torres,amit.torres1064@example.com,Manchester,,UK,International,Organic Search,2023-07-16
1065,Mia,Gonzalez,mia.gonzalez1065@example.com,Baltimore,MD,USA,Northeast,Paid Social,2025-03-05
1066,Elena,Garcia,elena.garcia1066@example.com,Pittsburgh,PA,USA,Northeast,Email Marketing,2026-06-11
1067,Elena,Garcia,elena.garcia1067@example.com,Chicago,IL,USA,Midwest,Paid Social,2025-08-07
1068,Karen,Wang,karen.wang1068@example.com,Raleigh,NC,USA,South,Direct,2025-12-10
1069,Noah,Iyer,noah.iyer1069@example.com,Philadelphia,PA,USA,Northeast,Email Marketing,2025-09-05
1070,Thomas,Torres,thomas.torres1070@example.com,Portland,OR,USA,West,Email Marketing,2025-12-07
1071,Michael,Yamamoto,michael.yamamoto1071@example.com,Phoenix,AZ,USA,West,Referral,2025-11-17
1072,Elena,Nair,elena.nair1072@example.com,San Antonio,TX,USA,South,Paid Social,2026-03-10
1073,Carlos,Taylor,carlos.taylor1073@example.com,London,,UK,International,Organic Search,2025-10-28
1074,Noah,Lopez,noah.lopez1074@example.com,Columbus,OH,USA,Midwest,Email Marketing,2023-04-03
1075,Sunita,Sharma,sunita.sharma1075@example.com,London,,UK,International,Direct,2025-07-10
1076,Rohan,Patel,rohan.patel1076@example.com,Columbus,OH,USA,Midwest,Organic Search,2023-06-10
1077,Rohan,Torres,rohan.torres1077@example.com,San Antonio,TX,USA,South,Paid Social,2023-02-06
1078,Joseph,Smith,joseph.smith1078@example.com,San Jose,CA,USA,West,Direct,2025-07-31
1079,Lucas,Martin,lucas.martin1079@example.com,Sydney,NSW,Australia,International,Email Marketing,2026-06-17
1080,Fatima,Martin,fatima.martin1080@example.com,Philadelphia,PA,USA,Northeast,Organic Search,2023-01-29
1081,Robert,Diaz,robert.diaz1081@example.com,Charlotte,NC,USA,South,Email Marketing,2024-03-04
1082,Charles,Wright,charles.wright1082@example.com,Denver,CO,USA,West,Paid Social,2026-07-06
1083,Logan,Gonzalez,logan.gonzalez1083@example.com,Philadelphia,PA,USA,Northeast,Organic Search,2025-08-07
1084,Elena,Johnson,elena.johnson1084@example.com,San Diego,CA,USA,West,Organic Search,2023-11-09
1085,Olivia,Wang,olivia.wang1085@example.com,Las Vegas,NV,USA,West,Organic Search,2025-07-09
1086,Betty,Jackson,betty.jackson1086@example.com,Vancouver,BC,Canada,International,Email Marketing,2025-03-13
1087,Mary,Miller,mary.miller1087@example.com,Melbourne,VIC,Australia,International,Email Marketing,2025-06-03
1088,Isabella,Green,isabella.green1088@example.com,London,,UK,International,Direct,2026-02-09
1089,John,Wang,john.wang1089@example.com,Orlando,FL,USA,South,Paid Social,2026-04-25
1090,Lucas,Anderson,lucas.anderson1090@example.com,Houston,TX,USA,South,Paid Social,2025-05-14
1091,David,Moore,david.moore1091@example.com,St. Louis,MO,USA,Midwest,Email Marketing,2023-08-28
1092,Hiroshi,Rao,hiroshi.rao1092@example.com,Pittsburgh,PA,USA,Northeast,Organic Search,2024-08-12
1093,Aiden,Gupta,aiden.gupta1093@example.com,Sacramento,CA,USA,West,Organic Search,2024-03-25
1094,Yuki,Park,yuki.park1094@example.com,Kansas City,MO,USA,Midwest,Organic Search,2024-08-23
1095,Luis,Nair,luis.nair1095@example.com,Cleveland,OH,USA,Midwest,Email Marketing,2023-11-28
1096,Neha,Diaz,neha.diaz1096@example.com,Philadelphia,PA,USA,Northeast,Direct,2023-09-22
1097,Christopher,Park,christopher.park1097@example.com,Baltimore,MD,USA,Northeast,Organic Search,2025-05-01
1098,Isabella,Martin,isabella.martin1098@example.com,Denver,CO,USA,West,Organic Search,2023-04-07
1099,Carlos,Taylor,carlos.taylor1099@example.com,Minneapolis,MN,USA,Midwest,Direct,2023-12-24
1100,Ethan,Williams,ethan.williams1100@example.com,Phoenix,AZ,USA,West,Organic Search,2023-08-22
1101,Jessica,Yamamoto,jessica.yamamoto1101@example.com,Seattle,WA,USA,West,Paid Social,2024-11-27
1102,Jennifer,Baker,jennifer.baker1102@example.com,Toronto,ON,Canada,International,Organic Search,2023-11-06
1103,Mia,Park,mia.park1103@example.com,San Antonio,TX,USA,South,Direct,2025-06-15
1104,Joseph,Miller,joseph.miller1104@example.com,Sydney,NSW,Australia,International,Direct,2023-07-28
1105,Jennifer,Li,jennifer.li1105@example.com,San Antonio,TX,USA,South,Organic Search,2023-08-30
1106,Maria,Hernandez,maria.hernandez1106@example.com,Detroit,MI,USA,Midwest,Direct,2025-11-02
1107,Richard,Martinez,richard.martinez1107@example.com,Cleveland,OH,USA,Midwest,Organic Search,2023-10-10
1108,Betty,Rao,betty.rao1108@example.com,St. Louis,MO,USA,Midwest,Direct,2023-01-14
1109,Aiden,Patel,aiden.patel1109@example.com,Detroit,MI,USA,Midwest,Paid Social,2023-06-24
1110,Omar,Kumar,omar.kumar1110@example.com,Melbourne,VIC,Australia,International,Direct,2023-11-07
1111,Amelia,Nair,amelia.nair1111@example.com,Seattle,WA,USA,West,Organic Search,2025-05-28
1112,Sofia,Mehta,sofia.mehta1112@example.com,Raleigh,NC,USA,South,Email Marketing,2025-01-10
1113,Olivia,Martinez,olivia.martinez1113@example.com,New York,NY,USA,Northeast,Direct,2025-11-25
1114,William,Patel,william.patel1114@example.com,Atlanta,GA,USA,South,Paid Social,2023-12-03
1115,Fatima,Adams,fatima.adams1115@example.com,Chicago,IL,USA,Midwest,Direct,2026-08-06
1116,Linda,Kelly,linda.kelly1116@example.com,Raleigh,NC,USA,South,Referral,2025-05-08
1117,Sunita,Flores,sunita.flores1117@example.com,Atlanta,GA,USA,South,Email Marketing,2023-01-17
1118,Amelia,Nguyen,amelia.nguyen1118@example.com,Austin,TX,USA,South,Direct,2025-07-02
1119,Harper,Nguyen,harper.nguyen1119@example.com,Sydney,NSW,Australia,International,Direct,2024-12-08
1120,Ahmed,Baker,ahmed.baker1120@example.com,Charlotte,NC,USA,South,Email Marketing,2023-06-22
1121,Jin,Singh,jin.singh1121@example.com,Dallas,TX,USA,South,Paid Social,2026-01-12
1122,Barbara,Li,barbara.li1122@example.com,Toronto,ON,Canada,International,Organic Search,2024-11-28
1123,Christopher,Johnson,christopher.johnson1123@example.com,Los Angeles,CA,USA,West,Email Marketing,2026-01-10
1124,Priya,Baker,priya.baker1124@example.com,Portland,OR,USA,West,Direct,2025-10-31
1125,Linda,Kumar,linda.kumar1125@example.com,Boston,MA,USA,Northeast,Direct,2024-12-26
1126,Jessica,Rao,jessica.rao1126@example.com,Portland,OR,USA,West,Paid Social,2023-01-11
1127,Priya,Green,priya.green1127@example.com,London,,UK,International,Paid Social,2026-07-09
1128,Sandra,Gupta,sandra.gupta1128@example.com,Portland,OR,USA,West,Organic Search,2026-03-19
1129,Ana,Zhang,ana.zhang1129@example.com,Denver,CO,USA,West,Organic Search,2025-11-23
1130,Maria,Mehta,maria.mehta1130@example.com,San Antonio,TX,USA,South,Organic Search,2025-05-21
1131,William,Garcia,william.garcia1131@example.com,Houston,TX,USA,South,Paid Social,2023-09-24
1132,Liam,Jones,liam.jones1132@example.com,Cleveland,OH,USA,Midwest,Direct,2025-04-04
1133,Mason,Baker,mason.baker1133@example.com,Orlando,FL,USA,South,Email Marketing,2026-04-11
1134,Elena,Rao,elena.rao1134@example.com,Baltimore,MD,USA,Northeast,Direct,2025-05-03
1135,Charles,Li,charles.li1135@example.com,Dallas,TX,USA,South,Paid Social,2025-07-26
1136,Mia,Zhang,mia.zhang1136@example.com,San Diego,CA,USA,West,Direct,2025-07-21
1137,Christopher,Yamamoto,christopher.yamamoto1137@example.com,Cleveland,OH,USA,Midwest,Referral,2023-09-01
1138,Sofia,Davis,sofia.davis1138@example.com,San Diego,CA,USA,West,Paid Social,2024-08-16
1139,Karen,Davis,karen.davis1139@example.com,Cleveland,OH,USA,Midwest,Organic Search,2025-02-05
1140,Lucas,Johnson,lucas.johnson1140@example.com,Austin,TX,USA,South,Organic Search,2026-04-22
1141,Amit,Jackson,amit.jackson1141@example.com,Indianapolis,IN,USA,Midwest,Organic Search,2025-09-28
1142,Hiroshi,Jones,hiroshi.jones1142@example.com,Chicago,IL,USA,Midwest,Paid Social,2026-03-19
1143,Liam,Patel,liam.patel1143@example.com,Tampa,FL,USA,South,Paid Social,2026-05-25
1144,Sarah,Li,sarah.li1144@example.com,Melbourne,VIC,Australia,International,Paid Social,2025-07-10
1145,Karen,Flores,karen.flores1145@example.com,Atlanta,GA,USA,South,Organic Search,2026-07-03
1146,Sofia,Singh,sofia.singh1146@example.com,Seattle,WA,USA,West,Email Marketing,2024-11-25
1147,Olivia,Green,olivia.green1147@example.com,Nashville,TN,USA,South,Direct,2023-12-06
1148,Amit,Yamamoto,amit.yamamoto1148@example.com,San Diego,CA,USA,West,Direct,2023-06-24
1149,Harper,Tanaka,harper.tanaka1149@example.com,Houston,TX,USA,South,Referral,2025-12-04
1150,Aiden,Li,aiden.li1150@example.com,Los Angeles,CA,USA,West,Organic Search,2025-12-25
1151,Robert,Moore,robert.moore1151@example.com,Indianapolis,IN,USA,Midwest,Organic Search,2026-04-01
1152,Logan,Park,logan.park1152@example.com,Atlanta,GA,USA,South,Paid Social,2023-04-03
1153,Robert,Patel,robert.patel1153@example.com,Pittsburgh,PA,USA,Northeast,Organic Search,2023-02-19
1154,Wei,Singh,wei.singh1154@example.com,Boston,MA,USA,Northeast,Organic Search,2023-07-23
1155,Neha,Martinez,neha.martinez1155@example.com,Columbus,OH,USA,Midwest,Organic Search,2023-07-03
1156,Sofia,Torres,sofia.torres1156@example.com,San Jose,CA,USA,West,Organic Search,2024-10-28
1157,Linda,Martin,linda.martin1157@example.com,Tampa,FL,USA,South,Organic Search,2023-10-19
1158,Mei,Taylor,mei.taylor1158@example.com,Tampa,FL,USA,South,Referral,2023-09-05
1159,Priya,Adams,priya.adams1159@example.com,Manchester,,UK,International,Direct,2025-10-06
1160,Ethan,Singh,ethan.singh1160@example.com,San Diego,CA,USA,West,Organic Search,2024-10-13
1161,Sofia,Jones,sofia.jones1161@example.com,Las Vegas,NV,USA,West,Organic Search,2026-07-21
1162,Robert,Moore,robert.moore1162@example.com,Toronto,ON,Canada,International,Referral,2023-07-27
1163,Thomas,Martin,thomas.martin1163@example.com,Vancouver,BC,Canada,International,Paid Social,2023-06-21
1164,Ethan,Wilson,ethan.wilson1164@example.com,Austin,TX,USA,South,Paid Social,2023-12-11
1165,Logan,Iyer,logan.iyer1165@example.com,Toronto,ON,Canada,International,Paid Social,2023-01-03
1166,Rajesh,Wright,rajesh.wright1166@example.com,San Jose,CA,USA,West,Organic Search,2025-09-14
1167,Ananya,Torres,ananya.torres1167@example.com,Tampa,FL,USA,South,Referral,2026-07-18
1168,Mia,Jackson,mia.jackson1168@example.com,Chicago,IL,USA,Midwest,Organic Search,2025-12-29
1169,Sunita,Garcia,sunita.garcia1169@example.com,Orlando,FL,USA,South,Direct,2023-10-14
1170,Vikram,Iyer,vikram.iyer1170@example.com,Indianapolis,IN,USA,Midwest,Direct,2024-10-13
1171,Yuki,Kelly,yuki.kelly1171@example.com,Boston,MA,USA,Northeast,Referral,2025-07-16
1172,Mei,Patel,mei.patel1172@example.com,Indianapolis,IN,USA,Midwest,Paid Social,2026-05-12
1173,Sarah,Wright,sarah.wright1173@example.com,New York,NY,USA,Northeast,Direct,2023-01-09
1174,Daniel,Nair,daniel.nair1174@example.com,Toronto,ON,Canada,International,Email Marketing,2025-09-28
1175,Logan,Garcia,logan.garcia1175@example.com,Phoenix,AZ,USA,West,Paid Social,2025-06-30
1176,Carlos,Singh,carlos.singh1176@example.com,Manchester,,UK,International,Paid Social,2023-12-29
1177,Mary,Davis,mary.davis1177@example.com,Kansas City,MO,USA,Midwest,Paid Social,2024-01-31
1178,Mark,Green,mark.green1178@example.com,Los Angeles,CA,USA,West,Direct,2025-01-02
1179,Sunita,Hill,sunita.hill1179@example.com,Seattle,WA,USA,West,Organic Search,2025-10-08
1180,John,Moore,john.moore1180@example.com,Baltimore,MD,USA,Northeast,Email Marketing,2026-05-26
1181,Betty,Kelly,betty.kelly1181@example.com,Orlando,FL,USA,South,Organic Search,2024-07-22
1182,Isabella,Hernandez,isabella.hernandez1182@example.com,Toronto,ON,Canada,International,Organic Search,2026-03-04
1183,Daniel,Jones,daniel.jones1183@example.com,London,,UK,International,Organic Search,2023-05-14
1184,Sandra,Zhang,sandra.zhang1184@example.com,Nashville,TN,USA,South,Organic Search,2023-02-17
1185,Logan,Nguyen,logan.nguyen1185@example.com,Boston,MA,USA,Northeast,Direct,2025-07-18
1186,Elena,Wright,elena.wright1186@example.com,Houston,TX,USA,South,Email Marketing,2024-10-23
1187,Sofia,Moore,sofia.moore1187@example.com,San Diego,CA,USA,West,Direct,2025-08-13
1188,Mason,Adams,mason.adams1188@example.com,Chicago,IL,USA,Midwest,Email Marketing,2024-04-04
1189,Omar,Liu,omar.liu1189@example.com,Sacramento,CA,USA,West,Organic Search,2025-03-13
1190,William,Tanaka,william.tanaka1190@example.com,Los Angeles,CA,USA,West,Referral,2024-04-07
1191,Elena,Jones,elena.jones1191@example.com,Denver,CO,USA,West,Organic Search,2024-11-05
1192,Richard,Johnson,richard.johnson1192@example.com,Las Vegas,NV,USA,West,Paid Social,2023-02-19
1193,Jin,Taylor,jin.taylor1193@example.com,Denver,CO,USA,West,Organic Search,2024-05-03
1194,Michael,Patel,michael.patel1194@example.com,Raleigh,NC,USA,South,Email Marketing,2023-05-30
1195,Olivia,Adams,olivia.adams1195@example.com,San Antonio,TX,USA,South,Direct,2026-03-31
1196,Linda,Williams,linda.williams1196@example.com,Tampa,FL,USA,South,Organic Search,2023-05-14
1197,Linda,Rao,linda.rao1197@example.com,Houston,TX,USA,South,Organic Search,2026-07-06
1198,Susan,Torres,susan.torres1198@example.com,Houston,TX,USA,South,Paid Social,2024-08-26
1199,Ahmed,Miller,ahmed.miller1199@example.com,Sydney,NSW,Australia,International,Direct,2024-04-22
1200,Mary,Mehta,mary.mehta1200@example.com,Tampa,FL,USA,South,Paid Social,2025-05-26
1201,Richard,Patel,richard.patel1201@example.com,Los Angeles,CA,USA,West,Paid Social,2024-11-03
1202,Susan,Miller,susan.miller1202@example.com,New York,NY,USA,Northeast,Direct,2023-05-19
1203,Matthew,Tanaka,matthew.tanaka1203@example.com,Dallas,TX,USA,South,Direct,2024-06-08
1204,Sophia,Flores,sophia.flores1204@example.com,Sydney,NSW,Australia,International,Paid Social,2024-05-12
1205,Jennifer,Brown,jennifer.brown1205@example.com,Dallas,TX,USA,South,Organic Search,2025-06-11
1206,Carlos,Martin,carlos.martin1206@example.com,London,,UK,International,Email Marketing,2023-10-26
1207,Amit,Park,amit.park1207@example.com,Miami,FL,USA,South,Organic Search,2023-01-17
1208,Charles,Brown,charles.brown1208@example.com,Denver,CO,USA,West,Paid Social,2026-02-19
1209,Elena,Gupta,elena.gupta1209@example.com,Charlotte,NC,USA,South,Referral,2026-08-04
1210,David,Patel,david.patel1210@example.com,Charlotte,NC,USA,South,Direct,2025-08-15
1211,Jin,Kim,jin.kim1211@example.com,Vancouver,BC,Canada,International,Referral,2026-06-15
1212,Jin,Hernandez,jin.hernandez1212@example.com,San Antonio,TX,USA,South,Paid Social,2023-03-28
1213,James,Kelly,james.kelly1213@example.com,Seattle,WA,USA,West,Direct,2025-08-13
1214,Priya,Chen,priya.chen1214@example.com,Miami,FL,USA,South,Email Marketing,2025-02-08
1215,Lisa,Smith,lisa.smith1215@example.com,Cleveland,OH,USA,Midwest,Organic Search,2025-01-02
1216,Joseph,Martinez,joseph.martinez1216@example.com,Detroit,MI,USA,Midwest,Paid Social,2026-07-16
1217,Maria,Williams,maria.williams1217@example.com,Los Angeles,CA,USA,West,Organic Search,2024-08-04
1218,Rohan,Flores,rohan.flores1218@example.com,Columbus,OH,USA,Midwest,Organic Search,2026-02-09
1219,Betty,Johnson,betty.johnson1219@example.com,Columbus,OH,USA,Midwest,Email Marketing,2023-07-27
1220,Sarah,Singh,sarah.singh1220@example.com,San Diego,CA,USA,West,Organic Search,2024-03-06
1221,Priya,Kumar,priya.kumar1221@example.com,Cleveland,OH,USA,Midwest,Direct,2025-12-15
1222,Chen,Hill,chen.hill1222@example.com,Phoenix,AZ,USA,West,Organic Search,2023-09-25
1223,Matthew,Liu,matthew.liu1223@example.com,Tampa,FL,USA,South,Direct,2024-10-13
1224,Arjun,Williams,arjun.williams1224@example.com,Sydney,NSW,Australia,International,Direct,2026-01-01
1225,Karen,Sharma,karen.sharma1225@example.com,Denver,CO,USA,West,Organic Search,2024-07-27
1226,Mia,Kim,mia.kim1226@example.com,Baltimore,MD,USA,Northeast,Organic Search,2023-06-16
1227,David,Hernandez,david.hernandez1227@example.com,Milwaukee,WI,USA,Midwest,Paid Social,2026-08-14
1228,Jose,Wang,jose.wang1228@example.com,Raleigh,NC,USA,South,Paid Social,2024-10-21
1229,Amelia,Diaz,amelia.diaz1229@example.com,Las Vegas,NV,USA,West,Direct,2025-10-10
1230,Ahmed,Kelly,ahmed.kelly1230@example.com,London,,UK,International,Direct,2024-02-29
1231,Betty,Rao,betty.rao1231@example.com,Denver,CO,USA,West,Paid Social,2024-09-18
1232,Ana,Tanaka,ana.tanaka1232@example.com,San Jose,CA,USA,West,Referral,2025-02-05
1233,William,Rodriguez,william.rodriguez1233@example.com,Philadelphia,PA,USA,Northeast,Organic Search,2025-11-28
1234,Jennifer,Mehta,jennifer.mehta1234@example.com,Milwaukee,WI,USA,Midwest,Direct,2025-05-22
1235,Chen,Nair,chen.nair1235@example.com,Cleveland,OH,USA,Midwest,Email Marketing,2024-10-11
1236,Patricia,Lopez,patricia.lopez1236@example.com,Sacramento,CA,USA,West,Organic Search,2026-08-14
1237,William,Jackson,william.jackson1237@example.com,Milwaukee,WI,USA,Midwest,Paid Social,2026-08-11
1238,Vikram,Anderson,vikram.anderson1238@example.com,San Antonio,TX,USA,South,Organic Search,2025-01-07
1239,Betty,Patel,betty.patel1239@example.com,Charlotte,NC,USA,South,Direct,2024-05-27
1240,Vikram,Gonzalez,vikram.gonzalez1240@example.com,Manchester,,UK,International,Referral,2026-01-17
1241,Mary,Baker,mary.baker1241@example.com,Portland,OR,USA,West,Organic Search,2024-12-10
1242,Ahmed,Reddy,ahmed.reddy1242@example.com,London,,UK,International,Direct,2023-01-25
1243,Mia,Adams,mia.adams1243@example.com,Austin,TX,USA,South,Email Marketing,2024-04-11
1244,Anthony,Chen,anthony.chen1244@example.com,Seattle,WA,USA,West,Paid Social,2026-02-05
1245,Noah,Patel,noah.patel1245@example.com,Philadelphia,PA,USA,Northeast,Organic Search,2024-01-20
1246,Omar,Wilson,omar.wilson1246@example.com,Sacramento,CA,USA,West,Paid Social,2026-02-17
1247,Sarah,Tanaka,sarah.tanaka1247@example.com,Dallas,TX,USA,South,Organic Search,2023-01-20
1248,Carlos,Patel,carlos.patel1248@example.com,Seattle,WA,USA,West,Paid Social,2025-04-06
1249,Logan,Martin,logan.martin1249@example.com,Atlanta,GA,USA,South,Direct,2026-03-08
1250,Sarah,Martinez,sarah.martinez1250@example.com,Miami,FL,USA,South,Paid Social,2026-05-19
1251,Fatima,Singh,fatima.singh1251@example.com,Indianapolis,IN,USA,Midwest,Referral,2023-05-11
1252,Matthew,Chen,matthew.chen1252@example.com,San Antonio,TX,USA,South,Organic Search,2025-07-13
1253,Sunita,Garcia,sunita.garcia1253@example.com,San Jose,CA,USA,West,Organic Search,2026-02-06
1254,Lucas,Johnson,lucas.johnson1254@example.com,Columbus,OH,USA,Midwest,Organic Search,2025-03-01
1255,Sandra,Jackson,sandra.jackson1255@example.com,Raleigh,NC,USA,South,Organic Search,2023-04-28
1256,Mary,Hernandez,mary.hernandez1256@example.com,Atlanta,GA,USA,South,Email Marketing,2025-04-21
1257,Joseph,Rodriguez,joseph.rodriguez1257@example.com,Salt Lake City,UT,USA,West,Paid Social,2023-05-21
1258,Anthony,Rodriguez,anthony.rodriguez1258@example.com,Indianapolis,IN,USA,Midwest,Organic Search,2025-08-30
1259,Amit,Kim,amit.kim1259@example.com,Charlotte,NC,USA,South,Paid Social,2025-07-28
1260,James,Martinez,james.martinez1260@example.com,Sacramento,CA,USA,West,Organic Search,2025-03-28
1261,Arjun,Zhang,arjun.zhang1261@example.com,Miami,FL,USA,South,Referral,2025-10-02
1262,Jennifer,Green,jennifer.green1262@example.com,Philadelphia,PA,USA,Northeast,Organic Search,2025-07-23
1263,Sunita,Reddy,sunita.reddy1263@example.com,Sydney,NSW,Australia,International,Email Marketing,2023-12-25
1264,Daniel,Nguyen,daniel.nguyen1264@example.com,Pittsburgh,PA,USA,Northeast,Paid Social,2024-01-11
1265,Richard,Reddy,richard.reddy1265@example.com,Chicago,IL,USA,Midwest,Organic Search,2023-11-20
1266,Logan,Jackson,logan.jackson1266@example.com,Phoenix,AZ,USA,West,Direct,2024-03-20
1267,Sofia,Adams,sofia.adams1267@example.com,Toronto,ON,Canada,International,Organic Search,2025-01-25
1268,Susan,Li,susan.li1268@example.com,Atlanta,GA,USA,South,Paid Social,2023-12-04
1269,Ethan,Williams,ethan.williams1269@example.com,Kansas City,MO,USA,Midwest,Organic Search,2026-08-01
1270,Noah,Singh,noah.singh1270@example.com,Miami,FL,USA,South,Direct,2024-02-03
1271,Mary,Taylor,mary.taylor1271@example.com,San Diego,CA,USA,West,Direct,2023-10-07
1272,Noah,Wang,noah.wang1272@example.com,Kansas City,MO,USA,Midwest,Organic Search,2026-01-28
1273,Olivia,Rodriguez,olivia.rodriguez1273@example.com,Las Vegas,NV,USA,West,Email Marketing,2023-11-27
1274,Robert,Park,robert.park1274@example.com,San Antonio,TX,USA,South,Organic Search,2023-09-12
1275,Fatima,Hernandez,fatima.hernandez1275@example.com,Phoenix,AZ,USA,West,Direct,2023-01-23
1276,Karen,Rao,karen.rao1276@example.com,Minneapolis,MN,USA,Midwest,Organic Search,2023-03-12
1277,Logan,Wilson,logan.wilson1277@example.com,Sacramento,CA,USA,West,Direct,2026-07-24
1278,Susan,Singh,susan.singh1278@example.com,Portland,OR,USA,West,Paid Social,2026-05-10
1279,Ana,Baker,ana.baker1279@example.com,Charlotte,NC,USA,South,Referral,2025-02-06
1280,Betty,Garcia,betty.garcia1280@example.com,Los Angeles,CA,USA,West,Paid Social,2023-01-30
1281,Matthew,Torres,matthew.torres1281@example.com,Phoenix,AZ,USA,West,Organic Search,2023-07-17
1282,Nancy,Flores,nancy.flores1282@example.com,San Jose,CA,USA,West,Organic Search,2025-11-15
1283,Mei,Sharma,mei.sharma1283@example.com,Toronto,ON,Canada,International,Direct,2026-07-03
1284,Harper,Reddy,harper.reddy1284@example.com,Pittsburgh,PA,USA,Northeast,Organic Search,2024-03-13
1285,Mei,Lopez,mei.lopez1285@example.com,New York,NY,USA,Northeast,Paid Social,2024-10-09
1286,Margaret,Mehta,margaret.mehta1286@example.com,Seattle,WA,USA,West,Organic Search,2024-07-24
1287,Jose,Williams,jose.williams1287@example.com,Phoenix,AZ,USA,West,Email Marketing,2025-04-21
1288,Isabella,Miller,isabella.miller1288@example.com,Salt Lake City,UT,USA,West,Email Marketing,2026-03-11
1289,Richard,Park,richard.park1289@example.com,Atlanta,GA,USA,South,Referral,2025-03-06
1290,Sarah,Patel,sarah.patel1290@example.com,Columbus,OH,USA,Midwest,Direct,2024-10-13
1291,Sophia,Jones,sophia.jones1291@example.com,Miami,FL,USA,South,Organic Search,2026-04-13
1292,Mia,Kelly,mia.kelly1292@example.com,Seattle,WA,USA,West,Paid Social,2023-01-28
1293,Jessica,Martin,jessica.martin1293@example.com,Denver,CO,USA,West,Direct,2024-05-13
1294,Linda,Rodriguez,linda.rodriguez1294@example.com,Cleveland,OH,USA,Midwest,Paid Social,2024-02-18
1295,Anthony,Wright,anthony.wright1295@example.com,Chicago,IL,USA,Midwest,Organic Search,2026-05-09
1296,Olivia,Green,olivia.green1296@example.com,Miami,FL,USA,South,Organic Search,2024-10-12
1297,Jennifer,Zhang,jennifer.zhang1297@example.com,St. Louis,MO,USA,Midwest,Direct,2024-08-13
1298,Sandra,Flores,sandra.flores1298@example.com,Miami,FL,USA,South,Paid Social,2024-02-26
1299,Arjun,Torres,arjun.torres1299@example.com,Seattle,WA,USA,West,Direct,2025-02-20
1300,Lisa,Rao,lisa.rao1300@example.com,Melbourne,VIC,Australia,International,Organic Search,2025-10-03
1301,Matthew,Brown,matthew.brown1301@example.com,Melbourne,VIC,Australia,International,Referral,2024-02-23
1302,Daniel,Kim,daniel.kim1302@example.com,Toronto,ON,Canada,International,Email Marketing,2024-02-23
1303,William,Iyer,william.iyer1303@example.com,Kansas City,MO,USA,Midwest,Organic Search,2024-02-09
1304,Daniel,Park,daniel.park1304@example.com,Denver,CO,USA,West,Organic Search,2026-03-26
1305,Betty,Moore,betty.moore1305@example.com,Las Vegas,NV,USA,West,Organic Search,2025-01-06
1306,Nancy,Chen,nancy.chen1306@example.com,Sacramento,CA,USA,West,Paid Social,2026-06-02
1307,Karen,Chen,karen.chen1307@example.com,Los Angeles,CA,USA,West,Direct,2025-05-25
1308,Sunita,Park,sunita.park1308@example.com,Salt Lake City,UT,USA,West,Organic Search,2023-12-26
1309,Noah,Martin,noah.martin1309@example.com,Kansas City,MO,USA,Midwest,Organic Search,2026-02-25
1310,Elizabeth,Patel,elizabeth.patel1310@example.com,Dallas,TX,USA,South,Direct,2024-02-05
1311,Matthew,Smith,matthew.smith1311@example.com,New York,NY,USA,Northeast,Email Marketing,2025-02-05
1312,Omar,Reddy,omar.reddy1312@example.com,Cleveland,OH,USA,Midwest,Paid Social,2024-09-22
1313,Elizabeth,Nair,elizabeth.nair1313@example.com,Chicago,IL,USA,Midwest,Referral,2023-09-12
1314,Christopher,Gonzalez,christopher.gonzalez1314@example.com,Pittsburgh,PA,USA,Northeast,Referral,2024-12-14
1315,Lucas,Kelly,lucas.kelly1315@example.com,Cleveland,OH,USA,Midwest,Direct,2026-08-26
1316,Elena,Green,elena.green1316@example.com,Denver,CO,USA,West,Organic Search,2023-03-12
1317,Maria,Kelly,maria.kelly1317@example.com,Los Angeles,CA,USA,West,Direct,2026-08-14
1318,Emma,Torres,emma.torres1318@example.com,Austin,TX,USA,South,Organic Search,2026-05-18
1319,Christopher,Smith,christopher.smith1319@example.com,San Diego,CA,USA,West,Direct,2026-08-12
1320,Luis,Reddy,luis.reddy1320@example.com,London,,UK,International,Referral,2023-06-14
1321,Matthew,Iyer,matthew.iyer1321@example.com,San Jose,CA,USA,West,Email Marketing,2024-06-01
1322,Ethan,Liu,ethan.liu1322@example.com,Tampa,FL,USA,South,Direct,2025-04-22
1323,Barbara,Miller,barbara.miller1323@example.com,Melbourne,VIC,Australia,International,Paid Social,2024-12-06
1324,Kavita,Green,kavita.green1324@example.com,Indianapolis,IN,USA,Midwest,Referral,2025-03-26
1325,James,Hernandez,james.hernandez1325@example.com,Baltimore,MD,USA,Northeast,Organic Search,2023-05-24
1326,Omar,Zhang,omar.zhang1326@example.com,St. Louis,MO,USA,Midwest,Direct,2025-06-01
1327,Jose,Lopez,jose.lopez1327@example.com,Dallas,TX,USA,South,Organic Search,2024-01-08
1328,Joseph,Rao,joseph.rao1328@example.com,Vancouver,BC,Canada,International,Email Marketing,2024-01-16
1329,Lisa,Adams,lisa.adams1329@example.com,Charlotte,NC,USA,South,Organic Search,2025-04-17
1330,Susan,Kelly,susan.kelly1330@example.com,San Jose,CA,USA,West,Organic Search,2023-06-25
1331,Vikram,Jones,vikram.jones1331@example.com,Miami,FL,USA,South,Organic Search,2024-04-25
1332,Richard,Smith,richard.smith1332@example.com,Houston,TX,USA,South,Organic Search,2023-01-15
1333,Jennifer,Miller,jennifer.miller1333@example.com,Indianapolis,IN,USA,Midwest,Paid Social,2023-01-15
1334,Mason,Adams,mason.adams1334@example.com,Nashville,TN,USA,South,Referral,2025-08-27
1335,Elena,Patel,elena.patel1335@example.com,Cleveland,OH,USA,Midwest,Direct,2024-12-03
1336,Priya,Kumar,priya.kumar1336@example.com,Orlando,FL,USA,South,Paid Social,2023-04-28
1337,Jin,Miller,jin.miller1337@example.com,New York,NY,USA,Northeast,Paid Social,2025-04-02
1338,Sarah,Johnson,sarah.johnson1338@example.com,Manchester,,UK,International,Organic Search,2025-12-22
1339,Arjun,Kumar,arjun.kumar1339@example.com,Sacramento,CA,USA,West,Direct,2025-08-31
1340,Matthew,Smith,matthew.smith1340@example.com,Melbourne,VIC,Australia,International,Referral,2024-10-21
1341,Maria,Williams,maria.williams1341@example.com,Atlanta,GA,USA,South,Direct,2024-04-23
1342,Ahmed,Green,ahmed.green1342@example.com,Sydney,NSW,Australia,International,Email Marketing,2024-12-14
1343,Aiden,Scott,aiden.scott1343@example.com,San Antonio,TX,USA,South,Direct,2024-08-24
1344,Charles,Zhang,charles.zhang1344@example.com,Vancouver,BC,Canada,International,Email Marketing,2025-10-30
1345,Isabella,Garcia,isabella.garcia1345@example.com,Portland,OR,USA,West,Email Marketing,2026-01-28
1346,Noah,Hernandez,noah.hernandez1346@example.com,Sacramento,CA,USA,West,Referral,2025-09-14
1347,Priya,Thomas,priya.thomas1347@example.com,Indianapolis,IN,USA,Midwest,Organic Search,2023-07-03
1348,Patricia,Hernandez,patricia.hernandez1348@example.com,Atlanta,GA,USA,South,Email Marketing,2024-07-28
1349,Ananya,Scott,ananya.scott1349@example.com,Las Vegas,NV,USA,West,Referral,2023-09-10
1350,Logan,Kelly,logan.kelly1350@example.com,Baltimore,MD,USA,Northeast,Organic Search,2024-11-12
1351,David,Wright,david.wright1351@example.com,Miami,FL,USA,South,Paid Social,2025-02-20
1352,Chen,Anderson,chen.anderson1352@example.com,Seattle,WA,USA,West,Organic Search,2024-08-18
1353,Barbara,Patel,barbara.patel1353@example.com,London,,UK,International,Referral,2023-08-26
1354,Thomas,Sharma,thomas.sharma1354@example.com,Tampa,FL,USA,South,Paid Social,2023-01-04
1355,Logan,Gonzalez,logan.gonzalez1355@example.com,Tampa,FL,USA,South,Referral,2024-10-16
1356,Thomas,Zhang,thomas.zhang1356@example.com,Manchester,,UK,International,Direct,2023-08-07
1357,Logan,Mehta,logan.mehta1357@example.com,Atlanta,GA,USA,South,Organic Search,2024-08-30
1358,Isabella,Torres,isabella.torres1358@example.com,Kansas City,MO,USA,Midwest,Organic Search,2024-08-03
1359,John,Park,john.park1359@example.com,Atlanta,GA,USA,South,Organic Search,2023-09-10
1360,Sophia,Kelly,sophia.kelly1360@example.com,Indianapolis,IN,USA,Midwest,Paid Social,2025-02-10
1361,Jin,Martinez,jin.martinez1361@example.com,Indianapolis,IN,USA,Midwest,Email Marketing,2024-04-05
1362,Michael,Baker,michael.baker1362@example.com,Columbus,OH,USA,Midwest,Email Marketing,2025-03-13
1363,Christopher,Johnson,christopher.johnson1363@example.com,Toronto,ON,Canada,International,Paid Social,2025-05-15
1364,Hiroshi,Adams,hiroshi.adams1364@example.com,Orlando,FL,USA,South,Paid Social,2025-12-17
1365,Neha,Diaz,neha.diaz1365@example.com,Charlotte,NC,USA,South,Direct,2026-01-27
1366,Thomas,Sharma,thomas.sharma1366@example.com,London,,UK,International,Email Marketing,2023-04-21
1367,Sunita,Mehta,sunita.mehta1367@example.com,San Jose,CA,USA,West,Paid Social,2025-06-23
1368,Rajesh,Martinez,rajesh.martinez1368@example.com,Indianapolis,IN,USA,Midwest,Organic Search,2024-02-05
1369,Mary,Kumar,mary.kumar1369@example.com,Vancouver,BC,Canada,International,Organic Search,2023-10-30
1370,Elena,Torres,elena.torres1370@example.com,San Jose,CA,USA,West,Referral,2023-07-16
1371,Aiden,Lopez,aiden.lopez1371@example.com,Houston,TX,USA,South,Organic Search,2025-11-21
1372,Chen,Martinez,chen.martinez1372@example.com,Melbourne,VIC,Australia,International,Direct,2024-05-16
1373,Priya,Reddy,priya.reddy1373@example.com,Baltimore,MD,USA,Northeast,Organic Search,2026-05-05
1374,Ana,Baker,ana.baker1374@example.com,Philadelphia,PA,USA,Northeast,Direct,2026-08-24
1375,Olivia,Kumar,olivia.kumar1375@example.com,New York,NY,USA,Northeast,Organic Search,2023-06-19
1376,Mia,Anderson,mia.anderson1376@example.com,Los Angeles,CA,USA,West,Direct,2026-03-18
1377,Richard,Kim,richard.kim1377@example.com,Columbus,OH,USA,Midwest,Paid Social,2026-08-13
1378,Sunita,Tanaka,sunita.tanaka1378@example.com,Dallas,TX,USA,South,Organic Search,2023-05-11
1379,Logan,Lopez,logan.lopez1379@example.com,Orlando,FL,USA,South,Email Marketing,2023-02-10
1380,Logan,Zhang,logan.zhang1380@example.com,Baltimore,MD,USA,Northeast,Organic Search,2026-04-12
1381,Jessica,Adams,jessica.adams1381@example.com,Indianapolis,IN,USA,Midwest,Referral,2023-08-29
1382,Lisa,Smith,lisa.smith1382@example.com,Toronto,ON,Canada,International,Paid Social,2024-10-05
1383,Thomas,Tanaka,thomas.tanaka1383@example.com,Indianapolis,IN,USA,Midwest,Direct,2023-06-29
1384,John,Garcia,john.garcia1384@example.com,San Diego,CA,USA,West,Paid Social,2025-01-14
1385,Nancy,Iyer,nancy.iyer1385@example.com,New York,NY,USA,Northeast,Organic Search,2023-04-05
1386,Mason,Jackson,mason.jackson1386@example.com,Salt Lake City,UT,USA,West,Paid Social,2026-03-27
1387,Wei,Zhang,wei.zhang1387@example.com,Minneapolis,MN,USA,Midwest,Direct,2025-11-11
1388,Richard,Scott,richard.scott1388@example.com,Chicago,IL,USA,Midwest,Organic Search,2024-01-21
1389,Margaret,Rodriguez,margaret.rodriguez1389@example.com,Manchester,,UK,International,Paid Social,2026-04-26
1390,Thomas,Flores,thomas.flores1390@example.com,Sydney,NSW,Australia,International,Paid Social,2026-01-31
1391,Ana,Wright,ana.wright1391@example.com,San Jose,CA,USA,West,Paid Social,2023-06-20
1392,Elena,Diaz,elena.diaz1392@example.com,Austin,TX,USA,South,Paid Social,2023-05-25
1393,Kavita,Kelly,kavita.kelly1393@example.com,Charlotte,NC,USA,South,Direct,2026-02-28
1394,Mia,Park,mia.park1394@example.com,San Jose,CA,USA,West,Paid Social,2023-11-11
1395,Chen,Singh,chen.singh1395@example.com,Los Angeles,CA,USA,West,Referral,2024-05-21
1396,Jessica,Liu,jessica.liu1396@example.com,San Diego,CA,USA,West,Direct,2025-04-13
1397,Barbara,Kumar,barbara.kumar1397@example.com,Miami,FL,USA,South,Direct,2023-10-27
1398,Mark,Moore,mark.moore1398@example.com,New York,NY,USA,Northeast,Organic Search,2024-03-31
1399,Susan,Davis,susan.davis1399@example.com,Columbus,OH,USA,Midwest,Paid Social,2024-09-19
1400,Lucas,Miller,lucas.miller1400@example.com,Raleigh,NC,USA,South,Paid Social,2026-03-17
1401,Kavita,Park,kavita.park1401@example.com,San Antonio,TX,USA,South,Email Marketing,2023-12-16
1402,Luis,Lopez,luis.lopez1402@example.com,Minneapolis,MN,USA,Midwest,Email Marketing,2025-12-24
1403,Ahmed,Chen,ahmed.chen1403@example.com,London,,UK,International,Organic Search,2023-01-20
1404,Karen,Scott,karen.scott1404@example.com,Dallas,TX,USA,South,Organic Search,2026-03-08
1405,Michael,Flores,michael.flores1405@example.com,Melbourne,VIC,Australia,International,Referral,2024-05-25
1406,Omar,Hill,omar.hill1406@example.com,Kansas City,MO,USA,Midwest,Organic Search,2024-12-25
1407,Ethan,Jackson,ethan.jackson1407@example.com,Nashville,TN,USA,South,Referral,2025-12-02
1408,Sandra,Martin,sandra.martin1408@example.com,Melbourne,VIC,Australia,International,Email Marketing,2024-09-17
1409,Wei,Garcia,wei.garcia1409@example.com,Melbourne,VIC,Australia,International,Organic Search,2024-05-06
1410,Nancy,Tanaka,nancy.tanaka1410@example.com,Houston,TX,USA,South,Organic Search,2024-08-08
1411,Isabella,Smith,isabella.smith1411@example.com,Pittsburgh,PA,USA,Northeast,Direct,2023-10-07
1412,Mia,Torres,mia.torres1412@example.com,Salt Lake City,UT,USA,West,Direct,2025-04-10
1413,Matthew,Green,matthew.green1413@example.com,New York,NY,USA,Northeast,Direct,2025-12-30
1414,Arjun,Green,arjun.green1414@example.com,Raleigh,NC,USA,South,Direct,2023-03-28
1415,Nancy,Torres,nancy.torres1415@example.com,Raleigh,NC,USA,South,Email Marketing,2023-12-25
1416,Sarah,Li,sarah.li1416@example.com,Minneapolis,MN,USA,Midwest,Referral,2025-05-15
1417,Nancy,Kumar,nancy.kumar1417@example.com,San Diego,CA,USA,West,Organic Search,2024-05-26
1418,Jessica,Jackson,jessica.jackson1418@example.com,Portland,OR,USA,West,Paid Social,2024-06-26
1419,Fatima,Wilson,fatima.wilson1419@example.com,Portland,OR,USA,West,Referral,2026-08-09
1420,John,Mehta,john.mehta1420@example.com,Sydney,NSW,Australia,International,Email Marketing,2023-04-28
1421,Emma,Patel,emma.patel1421@example.com,Portland,OR,USA,West,Paid Social,2023-01-11
1422,Lisa,Reddy,lisa.reddy1422@example.com,Minneapolis,MN,USA,Midwest,Organic Search,2025-06-01
1423,William,Zhang,william.zhang1423@example.com,Milwaukee,WI,USA,Midwest,Email Marketing,2025-04-21
1424,Lucas,Smith,lucas.smith1424@example.com,Austin,TX,USA,South,Direct,2024-05-27
1425,Fatima,Kumar,fatima.kumar1425@example.com,Portland,OR,USA,West,Paid Social,2024-01-09
1426,Kavita,Miller,kavita.miller1426@example.com,Sacramento,CA,USA,West,Direct,2025-06-18
1427,Carlos,Green,carlos.green1427@example.com,Pittsburgh,PA,USA,Northeast,Organic Search,2024-02-11
1428,Neha,Williams,neha.williams1428@example.com,Dallas,TX,USA,South,Paid Social,2024-11-09
1429,Christopher,Scott,christopher.scott1429@example.com,Charlotte,NC,USA,South,Referral,2024-06-28
1430,Lucas,Yamamoto,lucas.yamamoto1430@example.com,Baltimore,MD,USA,Northeast,Email Marketing,2023-09-18
1431,Ahmed,Li,ahmed.li1431@example.com,Tampa,FL,USA,South,Organic Search,2023-08-09
1432,Thomas,Martinez,thomas.martinez1432@example.com,Minneapolis,MN,USA,Midwest,Paid Social,2024-04-29
1433,Yuki,Iyer,yuki.iyer1433@example.com,Manchester,,UK,International,Direct,2025-06-08
1434,Neha,Wang,neha.wang1434@example.com,Philadelphia,PA,USA,Northeast,Direct,2024-05-22
1435,Mia,Lopez,mia.lopez1435@example.com,Denver,CO,USA,West,Organic Search,2023-08-24
1436,Arjun,Scott,arjun.scott1436@example.com,Pittsburgh,PA,USA,Northeast,Organic Search,2023-07-31
1437,Ethan,Nguyen,ethan.nguyen1437@example.com,Columbus,OH,USA,Midwest,Organic Search,2026-04-25
1438,Karen,Anderson,karen.anderson1438@example.com,San Diego,CA,USA,West,Organic Search,2023-03-20
1439,Matthew,Martinez,matthew.martinez1439@example.com,Pittsburgh,PA,USA,Northeast,Organic Search,2024-02-13
1440,Michael,Singh,michael.singh1440@example.com,St. Louis,MO,USA,Midwest,Paid Social,2026-07-21
1441,Mark,Patel,mark.patel1441@example.com,Pittsburgh,PA,USA,Northeast,Paid Social,2025-11-10
1442,Michael,Martin,michael.martin1442@example.com,San Diego,CA,USA,West,Organic Search,2024-07-28
1443,Omar,Thomas,omar.thomas1443@example.com,Atlanta,GA,USA,South,Email Marketing,2024-01-08
1444,Michael,Scott,michael.scott1444@example.com,Atlanta,GA,USA,South,Organic Search,2025-08-24
1445,Richard,Iyer,richard.iyer1445@example.com,Columbus,OH,USA,Midwest,Organic Search,2025-10-03
1446,Sunita,Davis,sunita.davis1446@example.com,San Antonio,TX,USA,South,Direct,2026-02-04
1447,Thomas,Patel,thomas.patel1447@example.com,Cleveland,OH,USA,Midwest,Direct,2025-01-10
1448,Amelia,Park,amelia.park1448@example.com,Cleveland,OH,USA,Midwest,Organic Search,2024-07-19
1449,Luis,Garcia,luis.garcia1449@example.com,San Antonio,TX,USA,South,Organic Search,2026-05-17
1450,Matthew,Gonzalez,matthew.gonzalez1450@example.com,Sacramento,CA,USA,West,Referral,2023-06-03
1451,Yuki,Martin,yuki.martin1451@example.com,Las Vegas,NV,USA,West,Referral,2024-02-18
1452,Karen,Williams,karen.williams1452@example.com,Dallas,TX,USA,South,Organic Search,2026-02-01
1453,Hiroshi,Kumar,hiroshi.kumar1453@example.com,Sacramento,CA,USA,West,Direct,2023-08-29
1454,David,Chen,david.chen1454@example.com,St. Louis,MO,USA,Midwest,Paid Social,2025-10-28
1455,Nancy,Park,nancy.park1455@example.com,Nashville,TN,USA,South,Direct,2023-09-22
1456,Linda,Diaz,linda.diaz1456@example.com,Charlotte,NC,USA,South,Direct,2025-03-25
1457,Logan,Li,logan.li1457@example.com,Phoenix,AZ,USA,West,Organic Search,2025-11-09
1458,Luis,Reddy,luis.reddy1458@example.com,Manchester,,UK,International,Organic Search,2024-01-12
1459,Margaret,Kim,margaret.kim1459@example.com,New York,NY,USA,Northeast,Email Marketing,2025-11-16
1460,Amelia,Taylor,amelia.taylor1460@example.com,Portland,OR,USA,West,Email Marketing,2024-08-29
1461,Jessica,Hernandez,jessica.hernandez1461@example.com,Seattle,WA,USA,West,Organic Search,2024-05-02
1462,Charles,Moore,charles.moore1462@example.com,Dallas,TX,USA,South,Organic Search,2023-04-16
1463,Arjun,Wilson,arjun.wilson1463@example.com,Salt Lake City,UT,USA,West,Organic Search,2026-08-21
1464,Jose,Sharma,jose.sharma1464@example.com,Philadelphia,PA,USA,Northeast,Referral,2026-01-29
1465,Sarah,Nair,sarah.nair1465@example.com,Sydney,NSW,Australia,International,Organic Search,2023-04-28
1466,Mary,Gupta,mary.gupta1466@example.com,Seattle,WA,USA,West,Direct,2024-07-26
1467,Robert,Liu,robert.liu1467@example.com,London,,UK,International,Organic Search,2025-02-21
1468,Ananya,Kelly,ananya.kelly1468@example.com,Melbourne,VIC,Australia,International,Direct,2024-02-27
1469,Mark,Sharma,mark.sharma1469@example.com,Nashville,TN,USA,South,Organic Search,2026-07-13
1470,Fatima,Martinez,fatima.martinez1470@example.com,Sacramento,CA,USA,West,Organic Search,2025-06-07
1471,Sophia,Garcia,sophia.garcia1471@example.com,Baltimore,MD,USA,Northeast,Organic Search,2024-01-14
1472,Daniel,Gonzalez,daniel.gonzalez1472@example.com,Vancouver,BC,Canada,International,Paid Social,2024-01-05
1473,Robert,Martin,robert.martin1473@example.com,San Jose,CA,USA,West,Email Marketing,2025-03-18
1474,Matthew,Jones,matthew.jones1474@example.com,Austin,TX,USA,South,Organic Search,2024-05-17
1475,Ahmed,Miller,ahmed.miller1475@example.com,Raleigh,NC,USA,South,Organic Search,2023-01-25
1476,Ana,Singh,ana.singh1476@example.com,Los Angeles,CA,USA,West,Organic Search,2023-01-28
1477,Jennifer,Rodriguez,jennifer.rodriguez1477@example.com,Denver,CO,USA,West,Direct,2024-07-02
1478,Mary,Smith,mary.smith1478@example.com,San Antonio,TX,USA,South,Paid Social,2024-11-24
1479,William,Gonzalez,william.gonzalez1479@example.com,Dallas,TX,USA,South,Paid Social,2026-02-26
1480,Christopher,Martin,christopher.martin1480@example.com,Miami,FL,USA,South,Paid Social,2024-05-14
1481,Kavita,Kelly,kavita.kelly1481@example.com,Salt Lake City,UT,USA,West,Organic Search,2023-04-02
1482,Rajesh,Miller,rajesh.miller1482@example.com,Milwaukee,WI,USA,Midwest,Email Marketing,2025-04-30
1483,Mark,Johnson,mark.johnson1483@example.com,Seattle,WA,USA,West,Paid Social,2023-10-29
1484,Neha,Anderson,neha.anderson1484@example.com,Tampa,FL,USA,South,Direct,2023-08-19
1485,Joseph,Anderson,joseph.anderson1485@example.com,San Antonio,TX,USA,South,Referral,2024-07-31
1486,Jin,Davis,jin.davis1486@example.com,Cleveland,OH,USA,Midwest,Referral,2023-06-23
1487,Karen,Lopez,karen.lopez1487@example.com,Pittsburgh,PA,USA,Northeast,Paid Social,2026-05-13
1488,Elena,Martinez,elena.martinez1488@example.com,Portland,OR,USA,West,Direct,2024-08-10
1489,Susan,Moore,susan.moore1489@example.com,Baltimore,MD,USA,Northeast,Direct,2024-06-27
1490,Elizabeth,Smith,elizabeth.smith1490@example.com,Austin,TX,USA,South,Direct,2023-10-28
1491,Luis,Rao,luis.rao1491@example.com,Las Vegas,NV,USA,West,Email Marketing,2023-08-20
1492,Vikram,Martinez,vikram.martinez1492@example.com,Philadelphia,PA,USA,Northeast,Organic Search,2023-09-19
1493,Luis,Gupta,luis.gupta1493@example.com,Atlanta,GA,USA,South,Paid Social,2025-09-12
1494,Sofia,Park,sofia.park1494@example.com,Melbourne,VIC,Australia,International,Organic Search,2024-05-18
1495,Isabella,Liu,isabella.liu1495@example.com,Salt Lake City,UT,USA,West,Paid Social,2026-01-03
1496,Luis,Garcia,luis.garcia1496@example.com,London,,UK,International,Direct,2025-12-15
1497,Mark,Diaz,mark.diaz1497@example.com,Philadelphia,PA,USA,Northeast,Organic Search,2023-01-06
1498,Robert,Kumar,robert.kumar1498@example.com,Toronto,ON,Canada,International,Paid Social,2023-10-01
1499,Linda,Gupta,linda.gupta1499@example.com,Cleveland,OH,USA,Midwest,Email Marketing,2023-10-13
1500,Charles,Yamamoto,charles.yamamoto1500@example.com,St. Louis,MO,USA,Midwest,Organic Search,2024-04-04
1501,Sarah,Davis,sarah.davis1501@example.com,Austin,TX,USA,South,Paid Social,2023-02-23
1502,Elena,Kumar,elena.kumar1502@example.com,Houston,TX,USA,South,Direct,2026-04-06
1503,Christopher,Johnson,christopher.johnson1503@example.com,Austin,TX,USA,South,Paid Social,2023-06-11
1504,Mary,Tanaka,mary.tanaka1504@example.com,St. Louis,MO,USA,Midwest,Organic Search,2024-01-09
1505,Sarah,Green,sarah.green1505@example.com,Raleigh,NC,USA,South,Direct,2024-09-05
1506,Yuki,Rao,yuki.rao1506@example.com,New York,NY,USA,Northeast,Organic Search,2023-11-16
1507,John,Park,john.park1507@example.com,Columbus,OH,USA,Midwest,Paid Social,2023-01-23
1508,Elena,Torres,elena.torres1508@example.com,Kansas City,MO,USA,Midwest,Paid Social,2024-06-12
1509,Ethan,Martin,ethan.martin1509@example.com,Seattle,WA,USA,West,Paid Social,2023-11-18
1510,Barbara,Zhang,barbara.zhang1510@example.com,Tampa,FL,USA,South,Referral,2023-09-14
1511,Ahmed,Nguyen,ahmed.nguyen1511@example.com,Houston,TX,USA,South,Organic Search,2024-01-12
1512,Elizabeth,Diaz,elizabeth.diaz1512@example.com,Kansas City,MO,USA,Midwest,Paid Social,2026-08-29
1513,Ana,Hernandez,ana.hernandez1513@example.com,Houston,TX,USA,South,Email Marketing,2026-08-17
1514,Kavita,Miller,kavita.miller1514@example.com,San Antonio,TX,USA,South,Organic Search,2026-05-20
1515,Jin,Johnson,jin.johnson1515@example.com,Denver,CO,USA,West,Organic Search,2026-01-14
1516,Margaret,Park,margaret.park1516@example.com,New York,NY,USA,Northeast,Direct,2024-09-25
1517,Betty,Kelly,betty.kelly1517@example.com,Chicago,IL,USA,Midwest,Organic Search,2023-06-24
1518,Jennifer,Tanaka,jennifer.tanaka1518@example.com,Las Vegas,NV,USA,West,Organic Search,2024-10-06
1519,Amit,Smith,amit.smith1519@example.com,Minneapolis,MN,USA,Midwest,Direct,2025-03-26
1520,Wei,Adams,wei.adams1520@example.com,Orlando,FL,USA,South,Direct,2023-09-23
1521,Richard,Patel,richard.patel1521@example.com,St. Louis,MO,USA,Midwest,Email Marketing,2025-10-28
1522,Karen,Johnson,karen.johnson1522@example.com,London,,UK,International,Email Marketing,2025-09-03
1523,John,Jackson,john.jackson1523@example.com,San Jose,CA,USA,West,Organic Search,2025-08-06
1524,Barbara,Hill,barbara.hill1524@example.com,Seattle,WA,USA,West,Email Marketing,2023-10-16
1525,Christopher,Li,christopher.li1525@example.com,Raleigh,NC,USA,South,Referral,2026-05-31
1526,Yuki,Rao,yuki.rao1526@example.com,Dallas,TX,USA,South,Organic Search,2025-01-07
1527,Chen,Williams,chen.williams1527@example.com,Tampa,FL,USA,South,Organic Search,2026-06-04
1528,Karen,Tanaka,karen.tanaka1528@example.com,Melbourne,VIC,Australia,International,Referral,2023-07-19
1529,Charles,Baker,charles.baker1529@example.com,Portland,OR,USA,West,Paid Social,2023-06-28
1530,Emma,Sharma,emma.sharma1530@example.com,San Jose,CA,USA,West,Referral,2023-11-27
1531,Maria,Gupta,maria.gupta1531@example.com,Philadelphia,PA,USA,Northeast,Organic Search,2025-08-01
1532,Aiden,Taylor,aiden.taylor1532@example.com,Sacramento,CA,USA,West,Direct,2023-10-15
1533,Lucas,Williams,lucas.williams1533@example.com,Cleveland,OH,USA,Midwest,Email Marketing,2025-04-01
1534,Thomas,Rao,thomas.rao1534@example.com,Cleveland,OH,USA,Midwest,Paid Social,2026-07-03
1535,Jose,Garcia,jose.garcia1535@example.com,St. Louis,MO,USA,Midwest,Paid Social,2024-06-22
1536,Jennifer,Nguyen,jennifer.nguyen1536@example.com,Houston,TX,USA,South,Direct,2024-05-16
1537,Mary,Martinez,mary.martinez1537@example.com,San Antonio,TX,USA,South,Organic Search,2023-11-21
1538,Elizabeth,Anderson,elizabeth.anderson1538@example.com,Tampa,FL,USA,South,Email Marketing,2023-07-11
1539,Noah,Wright,noah.wright1539@example.com,Salt Lake City,UT,USA,West,Email Marketing,2025-08-10
1540,Lisa,Flores,lisa.flores1540@example.com,San Antonio,TX,USA,South,Referral,2025-03-23
1541,Betty,Reddy,betty.reddy1541@example.com,Miami,FL,USA,South,Organic Search,2024-12-02
1542,Lucas,Wilson,lucas.wilson1542@example.com,Las Vegas,NV,USA,West,Organic Search,2025-07-19
1543,Karen,Chen,karen.chen1543@example.com,Austin,TX,USA,South,Direct,2024-10-17
1544,Ana,Brown,ana.brown1544@example.com,Cleveland,OH,USA,Midwest,Email Marketing,2025-08-27
1545,Margaret,Johnson,margaret.johnson1545@example.com,Pittsburgh,PA,USA,Northeast,Organic Search,2026-07-25
1546,Charles,Jones,charles.jones1546@example.com,Nashville,TN,USA,South,Paid Social,2024-09-02
1547,Liam,Nair,liam.nair1547@example.com,Raleigh,NC,USA,South,Organic Search,2024-06-15
1548,Michael,Garcia,michael.garcia1548@example.com,Pittsburgh,PA,USA,Northeast,Paid Social,2024-08-31
1549,Hiroshi,Nair,hiroshi.nair1549@example.com,Las Vegas,NV,USA,West,Paid Social,2023-11-26
1550,Chen,Gupta,chen.gupta1550@example.com,Vancouver,BC,Canada,International,Paid Social,2023-01-21
1551,Betty,Jones,betty.jones1551@example.com,London,,UK,International,Direct,2024-10-25
1552,Wei,Smith,wei.smith1552@example.com,Austin,TX,USA,South,Email Marketing,2023-10-30
1553,Wei,Davis,wei.davis1553@example.com,St. Louis,MO,USA,Midwest,Organic Search,2023-01-08
1554,Thomas,Kelly,thomas.kelly1554@example.com,Sacramento,CA,USA,West,Direct,2026-03-30
1555,Margaret,Green,margaret.green1555@example.com,Charlotte,NC,USA,South,Paid Social,2026-01-23
1556,Ana,Wilson,ana.wilson1556@example.com,Minneapolis,MN,USA,Midwest,Organic Search,2024-01-27
1557,Mary,Kumar,mary.kumar1557@example.com,Cleveland,OH,USA,Midwest,Organic Search,2024-09-20
1558,Jessica,Diaz,jessica.diaz1558@example.com,Baltimore,MD,USA,Northeast,Direct,2025-07-22
1559,Carlos,Gupta,carlos.gupta1559@example.com,Salt Lake City,UT,USA,West,Paid Social,2024-11-18
1560,Daniel,Mehta,daniel.mehta1560@example.com,Pittsburgh,PA,USA,Northeast,Paid Social,2026-02-06
1561,Harper,Iyer,harper.iyer1561@example.com,Tampa,FL,USA,South,Organic Search,2025-06-14
1562,Richard,Garcia,richard.garcia1562@example.com,San Antonio,TX,USA,South,Organic Search,2023-02-03
1563,Sofia,Miller,sofia.miller1563@example.com,Baltimore,MD,USA,Northeast,Direct,2026-07-01
1564,Richard,Kelly,richard.kelly1564@example.com,Sacramento,CA,USA,West,Paid Social,2023-03-08
1565,Omar,Wilson,omar.wilson1565@example.com,Seattle,WA,USA,West,Direct,2026-02-03
1566,Betty,Chen,betty.chen1566@example.com,San Diego,CA,USA,West,Paid Social,2025-08-08
1567,Fatima,Smith,fatima.smith1567@example.com,Cleveland,OH,USA,Midwest,Email Marketing,2025-11-05
1568,Rohan,Martin,rohan.martin1568@example.com,St. Louis,MO,USA,Midwest,Direct,2023-01-09
1569,Omar,Williams,omar.williams1569@example.com,New York,NY,USA,Northeast,Organic Search,2025-02-05
1570,Mason,Green,mason.green1570@example.com,Manchester,,UK,International,Organic Search,2023-12-16
1571,Chen,Thomas,chen.thomas1571@example.com,Toronto,ON,Canada,International,Referral,2024-01-30
1572,Fatima,Brown,fatima.brown1572@example.com,Vancouver,BC,Canada,International,Paid Social,2026-07-27
1573,Daniel,Reddy,daniel.reddy1573@example.com,Atlanta,GA,USA,South,Paid Social,2025-06-14
1574,Thomas,Li,thomas.li1574@example.com,San Diego,CA,USA,West,Direct,2025-03-13
1575,Rohan,Yamamoto,rohan.yamamoto1575@example.com,San Jose,CA,USA,West,Referral,2024-02-22
1576,Patricia,Iyer,patricia.iyer1576@example.com,New York,NY,USA,Northeast,Direct,2026-04-30
1577,Harper,Garcia,harper.garcia1577@example.com,Vancouver,BC,Canada,International,Paid Social,2023-09-25
1578,Carlos,Lopez,carlos.lopez1578@example.com,Denver,CO,USA,West,Direct,2024-03-30
1579,Logan,Thomas,logan.thomas1579@example.com,Tampa,FL,USA,South,Direct,2023-04-16
1580,Charles,Kelly,charles.kelly1580@example.com,Los Angeles,CA,USA,West,Direct,2026-04-01
1581,Joseph,Mehta,joseph.mehta1581@example.com,Manchester,,UK,International,Organic Search,2023-10-18
1582,Lisa,Garcia,lisa.garcia1582@example.com,Phoenix,AZ,USA,West,Paid Social,2025-01-10
1583,Anthony,Reddy,anthony.reddy1583@example.com,San Antonio,TX,USA,South,Paid Social,2023-02-14
1584,Lucas,Kelly,lucas.kelly1584@example.com,Phoenix,AZ,USA,West,Organic Search,2025-05-09
1585,Wei,Kelly,wei.kelly1585@example.com,Sacramento,CA,USA,West,Email Marketing,2024-01-04
1586,Daniel,Scott,daniel.scott1586@example.com,Vancouver,BC,Canada,International,Direct,2023-03-06
1587,Yuki,Gupta,yuki.gupta1587@example.com,Las Vegas,NV,USA,West,Referral,2026-05-13
1588,Christopher,Zhang,christopher.zhang1588@example.com,Boston,MA,USA,Northeast,Referral,2024-01-30
1589,Logan,Johnson,logan.johnson1589@example.com,Raleigh,NC,USA,South,Paid Social,2023-11-09
1590,Maria,Davis,maria.davis1590@example.com,Indianapolis,IN,USA,Midwest,Organic Search,2023-10-11
1591,Thomas,Moore,thomas.moore1591@example.com,Nashville,TN,USA,South,Paid Social,2023-07-08
1592,Rajesh,Mehta,rajesh.mehta1592@example.com,Baltimore,MD,USA,Northeast,Paid Social,2025-03-30
1593,Ananya,Lopez,ananya.lopez1593@example.com,Charlotte,NC,USA,South,Direct,2024-07-29
1594,Susan,Kim,susan.kim1594@example.com,London,,UK,International,Organic Search,2024-02-26
1595,Lucas,Iyer,lucas.iyer1595@example.com,Sacramento,CA,USA,West,Paid Social,2024-07-10
1596,Susan,Park,susan.park1596@example.com,Tampa,FL,USA,South,Paid Social,2026-03-07
1597,David,Rao,david.rao1597@example.com,San Jose,CA,USA,West,Email Marketing,2025-11-13
1598,Sofia,Jackson,sofia.jackson1598@example.com,Manchester,,UK,International,Email Marketing,2026-08-14
1599,Amelia,Gupta,amelia.gupta1599@example.com,Orlando,FL,USA,South,Organic Search,2024-01-04
1600,Elena,Lopez,elena.lopez1600@example.com,Minneapolis,MN,USA,Midwest,Organic Search,2024-03-16
1601,Jose,Martinez,jose.martinez1601@example.com,Atlanta,GA,USA,South,Organic Search,2024-10-14
1602,Jin,Wilson,jin.wilson1602@example.com,Kansas City,MO,USA,Midwest,Paid Social,2024-10-20
1603,David,Singh,david.singh1603@example.com,Detroit,MI,USA,Midwest,Direct,2025-12-15
1604,Vikram,Hill,vikram.hill1604@example.com,Manchester,,UK,International,Referral,2023-06-03
1605,Omar,Torres,omar.torres1605@example.com,Pittsburgh,PA,USA,Northeast,Organic Search,2024-10-17
1606,Michael,Wang,michael.wang1606@example.com,Baltimore,MD,USA,Northeast,Organic Search,2024-07-16
1607,Jessica,Rao,jessica.rao1607@example.com,San Jose,CA,USA,West,Direct,2026-04-25
1608,Robert,Jackson,robert.jackson1608@example.com,Los Angeles,CA,USA,West,Direct,2026-03-25
1609,Noah,Jackson,noah.jackson1609@example.com,Dallas,TX,USA,South,Email Marketing,2025-04-04
1610,Logan,Zhang,logan.zhang1610@example.com,Chicago,IL,USA,Midwest,Organic Search,2023-02-03
1611,Richard,Nair,richard.nair1611@example.com,Portland,OR,USA,West,Organic Search,2024-12-09
1612,Wei,Wang,wei.wang1612@example.com,Sydney,NSW,Australia,International,Organic Search,2024-09-03
1613,Emma,Wang,emma.wang1613@example.com,San Diego,CA,USA,West,Email Marketing,2026-06-19
1614,Mark,Brown,mark.brown1614@example.com,New York,NY,USA,Northeast,Organic Search,2024-10-23
1615,Chen,Anderson,chen.anderson1615@example.com,San Jose,CA,USA,West,Organic Search,2025-01-25
1616,Logan,Smith,logan.smith1616@example.com,Houston,TX,USA,South,Organic Search,2023-03-30
1617,Sunita,Jones,sunita.jones1617@example.com,Boston,MA,USA,Northeast,Organic Search,2026-06-08
1618,Ana,Moore,ana.moore1618@example.com,San Jose,CA,USA,West,Referral,2026-04-09
1619,Thomas,Sharma,thomas.sharma1619@example.com,Austin,TX,USA,South,Direct,2025-04-26
1620,Jessica,Zhang,jessica.zhang1620@example.com,Raleigh,NC,USA,South,Organic Search,2025-09-05
1621,Vikram,Sharma,vikram.sharma1621@example.com,Las Vegas,NV,USA,West,Organic Search,2024-06-24
1622,William,Gupta,william.gupta1622@example.com,Toronto,ON,Canada,International,Email Marketing,2024-05-11
1623,Anthony,Diaz,anthony.diaz1623@example.com,Phoenix,AZ,USA,West,Organic Search,2025-10-09
1624,Mary,Scott,mary.scott1624@example.com,Indianapolis,IN,USA,Midwest,Paid Social,2025-02-27
1625,Susan,Patel,susan.patel1625@example.com,Indianapolis,IN,USA,Midwest,Email Marketing,2025-12-16
1626,Wei,Adams,wei.adams1626@example.com,Portland,OR,USA,West,Direct,2023-11-12
1627,Susan,Rodriguez,susan.rodriguez1627@example.com,Seattle,WA,USA,West,Referral,2025-02-28
1628,Mia,Gonzalez,mia.gonzalez1628@example.com,Orlando,FL,USA,South,Organic Search,2024-07-23
1629,Amit,Tanaka,amit.tanaka1629@example.com,San Antonio,TX,USA,South,Organic Search,2023-08-08
1630,Priya,Johnson,priya.johnson1630@example.com,Kansas City,MO,USA,Midwest,Organic Search,2023-02-28
1631,Amelia,Rao,amelia.rao1631@example.com,Minneapolis,MN,USA,Midwest,Organic Search,2026-02-01
1632,Chen,Wilson,chen.wilson1632@example.com,Austin,TX,USA,South,Paid Social,2025-06-01
1633,Michael,Rao,michael.rao1633@example.com,Nashville,TN,USA,South,Paid Social,2023-04-11
1634,Elena,Gonzalez,elena.gonzalez1634@example.com,Detroit,MI,USA,Midwest,Organic Search,2023-12-28
1635,Amelia,Park,amelia.park1635@example.com,Baltimore,MD,USA,Northeast,Paid Social,2023-08-12
1636,Arjun,Davis,arjun.davis1636@example.com,Seattle,WA,USA,West,Organic Search,2023-03-15
1637,Priya,Jones,priya.jones1637@example.com,Salt Lake City,UT,USA,West,Organic Search,2024-04-08
1638,Ahmed,Reddy,ahmed.reddy1638@example.com,Orlando,FL,USA,South,Organic Search,2024-07-03
1639,Nancy,Wilson,nancy.wilson1639@example.com,Minneapolis,MN,USA,Midwest,Direct,2026-05-06
1640,James,Miller,james.miller1640@example.com,Columbus,OH,USA,Midwest,Paid Social,2026-06-28
1641,Amit,Diaz,amit.diaz1641@example.com,Denver,CO,USA,West,Organic Search,2023-05-23
1642,Jin,Mehta,jin.mehta1642@example.com,Austin,TX,USA,South,Referral,2025-08-29
1643,Robert,Lopez,robert.lopez1643@example.com,Boston,MA,USA,Northeast,Email Marketing,2023-12-16
1644,Mary,Park,mary.park1644@example.com,Minneapolis,MN,USA,Midwest,Referral,2026-04-09
1645,Arjun,Chen,arjun.chen1645@example.com,San Diego,CA,USA,West,Organic Search,2023-02-05
1646,Rajesh,Anderson,rajesh.anderson1646@example.com,Raleigh,NC,USA,South,Paid Social,2023-10-28
1647,Richard,Martin,richard.martin1647@example.com,Miami,FL,USA,South,Paid Social,2024-12-19
1648,Ananya,Scott,ananya.scott1648@example.com,Baltimore,MD,USA,Northeast,Organic Search,2025-07-28
1649,Carlos,Martin,carlos.martin1649@example.com,Miami,FL,USA,South,Email Marketing,2026-05-05
1650,Kavita,Torres,kavita.torres1650@example.com,Raleigh,NC,USA,South,Direct,2023-02-12
1651,Sofia,Anderson,sofia.anderson1651@example.com,Austin,TX,USA,South,Paid Social,2023-03-05
1652,Chen,Kumar,chen.kumar1652@example.com,Indianapolis,IN,USA,Midwest,Direct,2024-02-01
1653,Ana,Kelly,ana.kelly1653@example.com,San Antonio,TX,USA,South,Referral,2026-07-07
1654,Liam,Zhang,liam.zhang1654@example.com,Columbus,OH,USA,Midwest,Organic Search,2024-12-15
1655,Fatima,Kim,fatima.kim1655@example.com,St. Louis,MO,USA,Midwest,Referral,2024-07-19
1656,Jennifer,Kim,jennifer.kim1656@example.com,Raleigh,NC,USA,South,Direct,2026-06-08
1657,Emma,Tanaka,emma.tanaka1657@example.com,Minneapolis,MN,USA,Midwest,Organic Search,2023-01-18
1658,Charles,Mehta,charles.mehta1658@example.com,Austin,TX,USA,South,Paid Social,2024-08-16
1659,Christopher,Martin,christopher.martin1659@example.com,Baltimore,MD,USA,Northeast,Organic Search,2024-08-26
1660,Jennifer,Wilson,jennifer.wilson1660@example.com,Detroit,MI,USA,Midwest,Email Marketing,2023-09-10
1661,Amit,Smith,amit.smith1661@example.com,Pittsburgh,PA,USA,Northeast,Paid Social,2023-01-02
1662,Sarah,Gupta,sarah.gupta1662@example.com,Detroit,MI,USA,Midwest,Email Marketing,2025-10-25
1663,Karen,Garcia,karen.garcia1663@example.com,Nashville,TN,USA,South,Organic Search,2024-02-07
1664,William,Jackson,william.jackson1664@example.com,Seattle,WA,USA,West,Organic Search,2024-12-27
1665,Luis,Iyer,luis.iyer1665@example.com,Orlando,FL,USA,South,Referral,2023-07-20
1666,Sunita,Park,sunita.park1666@example.com,Portland,OR,USA,West,Organic Search,2025-06-11
1667,Mei,Kim,mei.kim1667@example.com,Dallas,TX,USA,South,Direct,2024-02-13
1668,Omar,Yamamoto,omar.yamamoto1668@example.com,Charlotte,NC,USA,South,Organic Search,2023-06-25
1669,Noah,Liu,noah.liu1669@example.com,Columbus,OH,USA,Midwest,Paid Social,2025-06-13
1670,Amelia,Rao,amelia.rao1670@example.com,Atlanta,GA,USA,South,Paid Social,2025-01-02
1671,Elena,Mehta,elena.mehta1671@example.com,St. Louis,MO,USA,Midwest,Referral,2025-08-02
1672,Patricia,Baker,patricia.baker1672@example.com,St. Louis,MO,USA,Midwest,Organic Search,2023-10-15
1673,Sunita,Thomas,sunita.thomas1673@example.com,London,,UK,International,Paid Social,2023-09-18
1674,Rajesh,Brown,rajesh.brown1674@example.com,Orlando,FL,USA,South,Organic Search,2023-01-13
1675,Mason,Mehta,mason.mehta1675@example.com,Houston,TX,USA,South,Organic Search,2024-07-07
1676,Susan,Patel,susan.patel1676@example.com,Manchester,,UK,International,Organic Search,2024-08-18
1677,Jin,Brown,jin.brown1677@example.com,San Diego,CA,USA,West,Direct,2025-11-12
1678,Michael,Diaz,michael.diaz1678@example.com,Indianapolis,IN,USA,Midwest,Paid Social,2026-02-25
1679,Isabella,Rodriguez,isabella.rodriguez1679@example.com,Seattle,WA,USA,West,Email Marketing,2026-08-03
1680,Sunita,Kelly,sunita.kelly1680@example.com,Portland,OR,USA,West,Direct,2023-01-14
1681,Betty,Davis,betty.davis1681@example.com,Phoenix,AZ,USA,West,Organic Search,2026-05-21
1682,Mason,Miller,mason.miller1682@example.com,Denver,CO,USA,West,Organic Search,2025-08-28
1683,Ethan,Rao,ethan.rao1683@example.com,Orlando,FL,USA,South,Organic Search,2023-09-07
1684,Sophia,Lopez,sophia.lopez1684@example.com,Denver,CO,USA,West,Email Marketing,2026-01-24
1685,Olivia,Scott,olivia.scott1685@example.com,Sydney,NSW,Australia,International,Organic Search,2023-10-27
1686,Lisa,Martinez,lisa.martinez1686@example.com,Denver,CO,USA,West,Organic Search,2026-01-24
1687,Sophia,Jackson,sophia.jackson1687@example.com,Detroit,MI,USA,Midwest,Direct,2026-04-20
1688,Vikram,Reddy,vikram.reddy1688@example.com,Tampa,FL,USA,South,Direct,2023-08-08
1689,Elena,Martinez,elena.martinez1689@example.com,Los Angeles,CA,USA,West,Organic Search,2023-09-04
1690,Mary,Kim,mary.kim1690@example.com,Portland,OR,USA,West,Organic Search,2026-08-25
1691,Olivia,Williams,olivia.williams1691@example.com,Minneapolis,MN,USA,Midwest,Referral,2025-08-16
1692,Emma,Moore,emma.moore1692@example.com,New York,NY,USA,Northeast,Referral,2025-01-02
1693,Ethan,Wilson,ethan.wilson1693@example.com,Minneapolis,MN,USA,Midwest,Email Marketing,2025-12-11
1694,David,Lopez,david.lopez1694@example.com,Austin,TX,USA,South,Paid Social,2026-02-27
1695,Sarah,Moore,sarah.moore1695@example.com,Portland,OR,USA,West,Referral,2023-05-20
1696,Sophia,Singh,sophia.singh1696@example.com,Las Vegas,NV,USA,West,Direct,2024-01-05
1697,Ethan,Baker,ethan.baker1697@example.com,Raleigh,NC,USA,South,Organic Search,2024-10-25
1698,Hiroshi,Kim,hiroshi.kim1698@example.com,Sydney,NSW,Australia,International,Email Marketing,2023-05-19
1699,Christopher,Anderson,christopher.anderson1699@example.com,San Antonio,TX,USA,South,Direct,2025-10-19
1700,Aiden,Sharma,aiden.sharma1700@example.com,Seattle,WA,USA,West,Referral,2024-04-29
1701,Daniel,Flores,daniel.flores1701@example.com,Tampa,FL,USA,South,Direct,2025-05-10
1702,Linda,Nguyen,linda.nguyen1702@example.com,Boston,MA,USA,Northeast,Organic Search,2023-05-30
1703,Jose,Park,jose.park1703@example.com,Melbourne,VIC,Australia,International,Email Marketing,2023-12-23
1704,Liam,Singh,liam.singh1704@example.com,Dallas,TX,USA,South,Referral,2026-03-21
1705,Betty,Taylor,betty.taylor1705@example.com,Baltimore,MD,USA,Northeast,Paid Social,2024-08-08
1706,Christopher,Iyer,christopher.iyer1706@example.com,Raleigh,NC,USA,South,Email Marketing,2024-01-29
1707,Patricia,Kelly,patricia.kelly1707@example.com,San Antonio,TX,USA,South,Organic Search,2023-10-15
1708,Maria,Baker,maria.baker1708@example.com,St. Louis,MO,USA,Midwest,Paid Social,2023-05-28
1709,Amelia,Wang,amelia.wang1709@example.com,Charlotte,NC,USA,South,Email Marketing,2026-03-14
1710,Ethan,Gupta,ethan.gupta1710@example.com,Minneapolis,MN,USA,Midwest,Direct,2026-02-18
1711,David,Rao,david.rao1711@example.com,Pittsburgh,PA,USA,Northeast,Direct,2023-05-26
1712,Thomas,Zhang,thomas.zhang1712@example.com,Portland,OR,USA,West,Organic Search,2025-10-18
1713,Harper,Patel,harper.patel1713@example.com,Los Angeles,CA,USA,West,Organic Search,2024-08-16
1714,Ananya,Singh,ananya.singh1714@example.com,Minneapolis,MN,USA,Midwest,Organic Search,2023-11-20
1715,Elizabeth,Liu,elizabeth.liu1715@example.com,Vancouver,BC,Canada,International,Organic Search,2025-11-26
1716,Ethan,Martin,ethan.martin1716@example.com,Orlando,FL,USA,South,Direct,2026-01-23
1717,Joseph,Kim,joseph.kim1717@example.com,Las Vegas,NV,USA,West,Referral,2024-06-22
1718,John,Patel,john.patel1718@example.com,St. Louis,MO,USA,Midwest,Organic Search,2024-11-16
1719,Linda,Rodriguez,linda.rodriguez1719@example.com,Indianapolis,IN,USA,Midwest,Paid Social,2024-11-06
1720,Linda,Thomas,linda.thomas1720@example.com,Baltimore,MD,USA,Northeast,Organic Search,2026-02-28
1721,John,Gupta,john.gupta1721@example.com,Phoenix,AZ,USA,West,Referral,2026-05-10
1722,William,Yamamoto,william.yamamoto1722@example.com,Las Vegas,NV,USA,West,Referral,2024-07-08
1723,Susan,Williams,susan.williams1723@example.com,Baltimore,MD,USA,Northeast,Paid Social,2026-08-24
1724,Sophia,Martin,sophia.martin1724@example.com,Seattle,WA,USA,West,Organic Search,2023-04-24
1725,Betty,Liu,betty.liu1725@example.com,Manchester,,UK,International,Email Marketing,2023-02-07
1726,Michael,Singh,michael.singh1726@example.com,Tampa,FL,USA,South,Direct,2025-05-30
1727,Sarah,Davis,sarah.davis1727@example.com,Sacramento,CA,USA,West,Organic Search,2026-06-14
1728,Jose,Gupta,jose.gupta1728@example.com,Charlotte,NC,USA,South,Paid Social,2023-04-29
1729,Barbara,Kim,barbara.kim1729@example.com,New York,NY,USA,Northeast,Organic Search,2026-01-03
1730,Mary,Flores,mary.flores1730@example.com,Denver,CO,USA,West,Email Marketing,2023-06-06
1731,Olivia,Lopez,olivia.lopez1731@example.com,Detroit,MI,USA,Midwest,Organic Search,2024-12-17
1732,Arjun,Jackson,arjun.jackson1732@example.com,Dallas,TX,USA,South,Direct,2025-09-07
1733,Elizabeth,Jones,elizabeth.jones1733@example.com,Boston,MA,USA,Northeast,Referral,2024-02-26
1734,Carlos,Anderson,carlos.anderson1734@example.com,Sacramento,CA,USA,West,Direct,2025-01-21
1735,Rajesh,Wright,rajesh.wright1735@example.com,Denver,CO,USA,West,Paid Social,2024-07-01
1736,Harper,Li,harper.li1736@example.com,San Antonio,TX,USA,South,Organic Search,2025-04-21
1737,Lucas,Moore,lucas.moore1737@example.com,Philadelphia,PA,USA,Northeast,Organic Search,2023-10-08
1738,Mason,Anderson,mason.anderson1738@example.com,Portland,OR,USA,West,Direct,2024-03-07
1739,Charles,Williams,charles.williams1739@example.com,Denver,CO,USA,West,Direct,2026-08-24
1740,Joseph,Johnson,joseph.johnson1740@example.com,Baltimore,MD,USA,Northeast,Email Marketing,2024-07-07
1741,Luis,Martin,luis.martin1741@example.com,Philadelphia,PA,USA,Northeast,Organic Search,2026-06-02
1742,Robert,Singh,robert.singh1742@example.com,Tampa,FL,USA,South,Paid Social,2024-04-04
1743,Lisa,Scott,lisa.scott1743@example.com,Pittsburgh,PA,USA,Northeast,Paid Social,2024-09-16
1744,Hiroshi,Johnson,hiroshi.johnson1744@example.com,Manchester,,UK,International,Direct,2024-11-19
1745,Rohan,Adams,rohan.adams1745@example.com,London,,UK,International,Organic Search,2023-02-26
1746,Chen,Iyer,chen.iyer1746@example.com,Houston,TX,USA,South,Email Marketing,2026-02-07
1747,Neha,Liu,neha.liu1747@example.com,Kansas City,MO,USA,Midwest,Paid Social,2026-03-09
1748,Rohan,Hernandez,rohan.hernandez1748@example.com,Tampa,FL,USA,South,Paid Social,2024-05-02
1749,Mary,Moore,mary.moore1749@example.com,Nashville,TN,USA,South,Organic Search,2024-05-26
1750,Rajesh,Patel,rajesh.patel1750@example.com,Vancouver,BC,Canada,International,Paid Social,2026-06-14
1751,Kavita,Scott,kavita.scott1751@example.com,Boston,MA,USA,Northeast,Email Marketing,2026-05-30
1752,Amit,Tanaka,amit.tanaka1752@example.com,Atlanta,GA,USA,South,Email Marketing,2024-01-02
1753,Robert,Rao,robert.rao1753@example.com,New York,NY,USA,Northeast,Paid Social,2025-01-04
1754,Margaret,Nair,margaret.nair1754@example.com,Houston,TX,USA,South,Paid Social,2023-06-12
1755,Wei,Jones,wei.jones1755@example.com,Sacramento,CA,USA,West,Organic Search,2024-07-19
1756,Isabella,Rodriguez,isabella.rodriguez1756@example.com,Seattle,WA,USA,West,Direct,2023-10-28
1757,Michael,Anderson,michael.anderson1757@example.com,San Diego,CA,USA,West,Direct,2024-01-13
1758,Olivia,Kim,olivia.kim1758@example.com,Atlanta,GA,USA,South,Organic Search,2024-04-11
1759,Rohan,Taylor,rohan.taylor1759@example.com,Los Angeles,CA,USA,West,Direct,2024-12-24
1760,Jennifer,Park,jennifer.park1760@example.com,Denver,CO,USA,West,Paid Social,2023-06-08
1761,Joseph,Li,joseph.li1761@example.com,Phoenix,AZ,USA,West,Organic Search,2024-10-29
1762,Omar,Jones,omar.jones1762@example.com,Pittsburgh,PA,USA,Northeast,Email Marketing,2023-10-21
1763,Maria,Patel,maria.patel1763@example.com,St. Louis,MO,USA,Midwest,Email Marketing,2025-02-06
1764,Rajesh,Nguyen,rajesh.nguyen1764@example.com,Los Angeles,CA,USA,West,Organic Search,2023-04-02
1765,Karen,Kim,karen.kim1765@example.com,Los Angeles,CA,USA,West,Organic Search,2024-03-09
1766,Mia,Hill,mia.hill1766@example.com,Milwaukee,WI,USA,Midwest,Email Marketing,2024-12-05
1767,Ana,Kim,ana.kim1767@example.com,Chicago,IL,USA,Midwest,Direct,2023-11-04
1768,William,Jones,william.jones1768@example.com,Seattle,WA,USA,West,Paid Social,2026-03-22
1769,Omar,Liu,omar.liu1769@example.com,San Diego,CA,USA,West,Email Marketing,2025-12-16
1770,Aiden,Scott,aiden.scott1770@example.com,Raleigh,NC,USA,South,Paid Social,2024-10-11
1771,Rajesh,Thomas,rajesh.thomas1771@example.com,Miami,FL,USA,South,Organic Search,2025-01-11
1772,Wei,Green,wei.green1772@example.com,San Diego,CA,USA,West,Direct,2025-06-30
1773,Sofia,Kumar,sofia.kumar1773@example.com,Philadelphia,PA,USA,Northeast,Paid Social,2025-11-01
1774,Maria,Wright,maria.wright1774@example.com,Las Vegas,NV,USA,West,Direct,2025-07-08
1775,Sandra,Tanaka,sandra.tanaka1775@example.com,Dallas,TX,USA,South,Referral,2024-05-16
1776,Sofia,Torres,sofia.torres1776@example.com,London,,UK,International,Direct,2026-05-25
1777,Neha,Patel,neha.patel1777@example.com,Atlanta,GA,USA,South,Organic Search,2025-04-16
1778,Charles,Tanaka,charles.tanaka1778@example.com,Baltimore,MD,USA,Northeast,Direct,2024-02-10
1779,Emma,Smith,emma.smith1779@example.com,San Jose,CA,USA,West,Organic Search,2024-06-23
1780,Aiden,Green,aiden.green1780@example.com,San Antonio,TX,USA,South,Organic Search,2023-03-11
1781,Patricia,Diaz,patricia.diaz1781@example.com,San Jose,CA,USA,West,Referral,2023-09-29
1782,Amelia,Singh,amelia.singh1782@example.com,Pittsburgh,PA,USA,Northeast,Paid Social,2025-04-03
1783,Priya,Hill,priya.hill1783@example.com,Detroit,MI,USA,Midwest,Organic Search,2024-11-20
1784,Susan,Flores,susan.flores1784@example.com,Chicago,IL,USA,Midwest,Organic Search,2024-12-27
1785,Sofia,Kelly,sofia.kelly1785@example.com,Sacramento,CA,USA,West,Direct,2025-06-11
1786,Sophia,Diaz,sophia.diaz1786@example.com,Dallas,TX,USA,South,Direct,2026-04-22
1787,Mia,Garcia,mia.garcia1787@example.com,Austin,TX,USA,South,Email Marketing,2026-04-30
1788,Emma,Singh,emma.singh1788@example.com,Atlanta,GA,USA,South,Paid Social,2025-11-07
1789,Vikram,Baker,vikram.baker1789@example.com,San Antonio,TX,USA,South,Organic Search,2025-10-07
1790,Mason,Zhang,mason.zhang1790@example.com,London,,UK,International,Paid Social,2025-05-23
1791,Luis,Sharma,luis.sharma1791@example.com,Columbus,OH,USA,Midwest,Referral,2023-03-27
1792,Anthony,Iyer,anthony.iyer1792@example.com,Raleigh,NC,USA,South,Organic Search,2026-06-14
1793,Hiroshi,Jackson,hiroshi.jackson1793@example.com,San Jose,CA,USA,West,Organic Search,2024-07-14
1794,Mark,Hernandez,mark.hernandez1794@example.com,Detroit,MI,USA,Midwest,Referral,2024-06-15
1795,Susan,Anderson,susan.anderson1795@example.com,Nashville,TN,USA,South,Organic Search,2024-02-28
1796,Mia,Adams,mia.adams1796@example.com,San Jose,CA,USA,West,Organic Search,2023-03-23
1797,Harper,Liu,harper.liu1797@example.com,Charlotte,NC,USA,South,Organic Search,2023-02-22
1798,Neha,Tanaka,neha.tanaka1798@example.com,Pittsburgh,PA,USA,Northeast,Direct,2025-12-02
1799,Emma,Jackson,emma.jackson1799@example.com,San Diego,CA,USA,West,Direct,2023-09-03
1800,Chen,Wang,chen.wang1800@example.com,Boston,MA,USA,Northeast,Organic Search,2023-10-08
1801,Joseph,Gupta,joseph.gupta1801@example.com,Philadelphia,PA,USA,Northeast,Direct,2024-03-31
1802,Mei,Hernandez,mei.hernandez1802@example.com,Milwaukee,WI,USA,Midwest,Organic Search,2025-07-17
1803,Mia,Torres,mia.torres1803@example.com,Phoenix,AZ,USA,West,Direct,2024-10-06
1804,John,Iyer,john.iyer1804@example.com,San Antonio,TX,USA,South,Referral,2025-12-03
1805,John,Kelly,john.kelly1805@example.com,Melbourne,VIC,Australia,International,Organic Search,2023-10-08
1806,Mark,Torres,mark.torres1806@example.com,Charlotte,NC,USA,South,Organic Search,2023-11-07
1807,Lisa,Flores,lisa.flores1807@example.com,Baltimore,MD,USA,Northeast,Organic Search,2024-02-11
1808,Barbara,Zhang,barbara.zhang1808@example.com,Indianapolis,IN,USA,Midwest,Organic Search,2023-05-18
1809,Anthony,Hill,anthony.hill1809@example.com,Columbus,OH,USA,Midwest,Organic Search,2024-06-22
1810,Priya,Kelly,priya.kelly1810@example.com,Minneapolis,MN,USA,Midwest,Paid Social,2024-01-04
1811,Sandra,Jackson,sandra.jackson1811@example.com,Baltimore,MD,USA,Northeast,Paid Social,2026-07-14
1812,Carlos,Liu,carlos.liu1812@example.com,Las Vegas,NV,USA,West,Organic Search,2024-03-24
1813,Neha,Nair,neha.nair1813@example.com,Sacramento,CA,USA,West,Organic Search,2025-05-20
1814,Noah,Sharma,noah.sharma1814@example.com,San Diego,CA,USA,West,Paid Social,2025-03-26
1815,Sophia,Wang,sophia.wang1815@example.com,Manchester,,UK,International,Paid Social,2024-04-25
1816,Kavita,Li,kavita.li1816@example.com,Indianapolis,IN,USA,Midwest,Email Marketing,2025-04-17
1817,Mei,Taylor,mei.taylor1817@example.com,Atlanta,GA,USA,South,Paid Social,2025-06-24
1818,Rohan,Brown,rohan.brown1818@example.com,Nashville,TN,USA,South,Paid Social,2024-03-24
1819,Jennifer,Martin,jennifer.martin1819@example.com,Sacramento,CA,USA,West,Paid Social,2026-03-18
1820,Logan,Wilson,logan.wilson1820@example.com,Melbourne,VIC,Australia,International,Organic Search,2026-06-10
1821,Thomas,Park,thomas.park1821@example.com,Salt Lake City,UT,USA,West,Organic Search,2023-02-13
1822,Barbara,Baker,barbara.baker1822@example.com,Miami,FL,USA,South,Referral,2026-02-06
1823,Michael,Zhang,michael.zhang1823@example.com,Indianapolis,IN,USA,Midwest,Paid Social,2024-02-11
1824,Logan,Reddy,logan.reddy1824@example.com,Seattle,WA,USA,West,Organic Search,2023-11-27
1825,Jin,Nair,jin.nair1825@example.com,Indianapolis,IN,USA,Midwest,Paid Social,2024-05-24
1826,John,Johnson,john.johnson1826@example.com,Raleigh,NC,USA,South,Organic Search,2025-03-25
1827,Jennifer,Hernandez,jennifer.hernandez1827@example.com,Detroit,MI,USA,Midwest,Organic Search,2024-04-16
1828,Arjun,Williams,arjun.williams1828@example.com,Nashville,TN,USA,South,Direct,2025-02-12
1829,Thomas,Green,thomas.green1829@example.com,Nashville,TN,USA,South,Email Marketing,2023-06-06
1830,Omar,Johnson,omar.johnson1830@example.com,New York,NY,USA,Northeast,Direct,2026-01-14
1831,Karen,Miller,karen.miller1831@example.com,London,,UK,International,Email Marketing,2024-02-02
1832,Amit,Sharma,amit.sharma1832@example.com,Pittsburgh,PA,USA,Northeast,Paid Social,2023-02-17
1833,Emma,Gonzalez,emma.gonzalez1833@example.com,San Antonio,TX,USA,South,Organic Search,2026-03-26
1834,Rajesh,Iyer,rajesh.iyer1834@example.com,Philadelphia,PA,USA,Northeast,Organic Search,2025-04-12
1835,Sophia,Jackson,sophia.jackson1835@example.com,Salt Lake City,UT,USA,West,Paid Social,2025-02-22
1836,Isabella,Flores,isabella.flores1836@example.com,Orlando,FL,USA,South,Referral,2026-01-24
1837,Liam,Anderson,liam.anderson1837@example.com,Vancouver,BC,Canada,International,Referral,2025-03-24
1838,Liam,Kumar,liam.kumar1838@example.com,Las Vegas,NV,USA,West,Paid Social,2026-08-09
1839,Charles,Kelly,charles.kelly1839@example.com,Philadelphia,PA,USA,Northeast,Organic Search,2023-12-13
1840,Lucas,Kim,lucas.kim1840@example.com,Denver,CO,USA,West,Organic Search,2025-04-05
1841,Aiden,Zhang,aiden.zhang1841@example.com,Vancouver,BC,Canada,International,Direct,2023-05-01
1842,Ananya,Nair,ananya.nair1842@example.com,Portland,OR,USA,West,Direct,2023-11-05
1843,Sofia,Smith,sofia.smith1843@example.com,Nashville,TN,USA,South,Direct,2026-02-25
1844,Harper,Wang,harper.wang1844@example.com,Atlanta,GA,USA,South,Referral,2024-04-27
1845,Sophia,Li,sophia.li1845@example.com,Toronto,ON,Canada,International,Email Marketing,2023-06-16
1846,Elena,Diaz,elena.diaz1846@example.com,Phoenix,AZ,USA,West,Paid Social,2023-01-28
1847,Jessica,Hernandez,jessica.hernandez1847@example.com,Charlotte,NC,USA,South,Paid Social,2023-08-21
1848,Elena,Wang,elena.wang1848@example.com,San Jose,CA,USA,West,Direct,2025-12-10
1849,Omar,Reddy,omar.reddy1849@example.com,New York,NY,USA,Northeast,Organic Search,2025-06-10
1850,Kavita,Zhang,kavita.zhang1850@example.com,Atlanta,GA,USA,South,Direct,2025-01-31
1851,Nancy,Martinez,nancy.martinez1851@example.com,Detroit,MI,USA,Midwest,Paid Social,2024-02-23
1852,Jose,Zhang,jose.zhang1852@example.com,Manchester,,UK,International,Organic Search,2025-08-05
1853,Jin,Green,jin.green1853@example.com,Dallas,TX,USA,South,Organic Search,2025-08-28
1854,Omar,Lopez,omar.lopez1854@example.com,Austin,TX,USA,South,Paid Social,2023-01-12
1855,Matthew,Gonzalez,matthew.gonzalez1855@example.com,San Antonio,TX,USA,South,Paid Social,2024-11-08
1856,Noah,Park,noah.park1856@example.com,San Jose,CA,USA,West,Organic Search,2026-07-27
1857,Mark,Gupta,mark.gupta1857@example.com,Melbourne,VIC,Australia,International,Organic Search,2024-01-30
1858,Elena,Kim,elena.kim1858@example.com,Portland,OR,USA,West,Paid Social,2025-04-05
1859,Harper,Wright,harper.wright1859@example.com,Charlotte,NC,USA,South,Organic Search,2023-11-09
1860,Margaret,Moore,margaret.moore1860@example.com,Columbus,OH,USA,Midwest,Organic Search,2023-07-29
1861,Mason,Kim,mason.kim1861@example.com,Tampa,FL,USA,South,Organic Search,2026-04-27
1862,Aiden,Wilson,aiden.wilson1862@example.com,San Jose,CA,USA,West,Organic Search,2024-04-19
1863,Barbara,Nguyen,barbara.nguyen1863@example.com,Austin,TX,USA,South,Organic Search,2025-08-31
1864,Mei,Jones,mei.jones1864@example.com,Houston,TX,USA,South,Organic Search,2025-06-19
1865,Aiden,Sharma,aiden.sharma1865@example.com,Portland,OR,USA,West,Paid Social,2023-08-29
1866,Fatima,Singh,fatima.singh1866@example.com,Tampa,FL,USA,South,Direct,2024-12-28
1867,Mason,Sharma,mason.sharma1867@example.com,Raleigh,NC,USA,South,Organic Search,2026-05-24
1868,Nancy,Kelly,nancy.kelly1868@example.com,Nashville,TN,USA,South,Direct,2025-06-14
1869,Lucas,Diaz,lucas.diaz1869@example.com,Boston,MA,USA,Northeast,Direct,2026-02-16
1870,Hiroshi,Lopez,hiroshi.lopez1870@example.com,Los Angeles,CA,USA,West,Email Marketing,2025-08-12
1871,Hiroshi,Flores,hiroshi.flores1871@example.com,Pittsburgh,PA,USA,Northeast,Organic Search,2026-02-20
1872,Matthew,Singh,matthew.singh1872@example.com,Cleveland,OH,USA,Midwest,Organic Search,2023-01-22
1873,Maria,Zhang,maria.zhang1873@example.com,Charlotte,NC,USA,South,Organic Search,2024-09-27
1874,Jose,Taylor,jose.taylor1874@example.com,Milwaukee,WI,USA,Midwest,Referral,2026-05-27
1875,Vikram,Wright,vikram.wright1875@example.com,Las Vegas,NV,USA,West,Paid Social,2024-06-02
1876,Linda,Tanaka,linda.tanaka1876@example.com,Los Angeles,CA,USA,West,Email Marketing,2025-08-22
1877,Emma,Wang,emma.wang1877@example.com,Columbus,OH,USA,Midwest,Paid Social,2026-08-19
1878,Susan,Williams,susan.williams1878@example.com,Cleveland,OH,USA,Midwest,Organic Search,2023-11-10
1879,Daniel,Rodriguez,daniel.rodriguez1879@example.com,Philadelphia,PA,USA,Northeast,Paid Social,2023-09-02
1880,Linda,Sharma,linda.sharma1880@example.com,San Antonio,TX,USA,South,Email Marketing,2024-07-22
1881,Matthew,Wright,matthew.wright1881@example.com,Sydney,NSW,Australia,International,Direct,2024-11-12
1882,Wei,Hill,wei.hill1882@example.com,San Jose,CA,USA,West,Email Marketing,2026-04-16
1883,Maria,Zhang,maria.zhang1883@example.com,New York,NY,USA,Northeast,Referral,2025-04-05
1884,Linda,Jones,linda.jones1884@example.com,Charlotte,NC,USA,South,Email Marketing,2025-10-24
1885,Kavita,Garcia,kavita.garcia1885@example.com,Columbus,OH,USA,Midwest,Paid Social,2024-07-18
1886,Ethan,Nair,ethan.nair1886@example.com,Columbus,OH,USA,Midwest,Direct,2023-01-07
1887,Hiroshi,Davis,hiroshi.davis1887@example.com,Miami,FL,USA,South,Paid Social,2023-06-26
1888,Noah,Garcia,noah.garcia1888@example.com,San Diego,CA,USA,West,Referral,2024-01-09
1889,Lisa,Sharma,lisa.sharma1889@example.com,London,,UK,International,Direct,2023-02-11
1890,Mary,Wilson,mary.wilson1890@example.com,Melbourne,VIC,Australia,International,Paid Social,2023-06-16
1891,Arjun,Martin,arjun.martin1891@example.com,Charlotte,NC,USA,South,Direct,2023-09-29
1892,Ana,Hill,ana.hill1892@example.com,Detroit,MI,USA,Midwest,Organic Search,2023-10-15
1893,Sofia,Anderson,sofia.anderson1893@example.com,Charlotte,NC,USA,South,Organic Search,2024-02-13
1894,Rajesh,Taylor,rajesh.taylor1894@example.com,Sacramento,CA,USA,West,Organic Search,2025-09-30
1895,Maria,Gupta,maria.gupta1895@example.com,Raleigh,NC,USA,South,Paid Social,2026-07-16
1896,Nancy,Williams,nancy.williams1896@example.com,London,,UK,International,Paid Social,2026-01-06
1897,Chen,Gupta,chen.gupta1897@example.com,Detroit,MI,USA,Midwest,Organic Search,2025-10-28
1898,Kavita,Garcia,kavita.garcia1898@example.com,Milwaukee,WI,USA,Midwest,Direct,2024-06-12
1899,Rohan,Williams,rohan.williams1899@example.com,San Diego,CA,USA,West,Paid Social,2026-07-16
1900,Sarah,Mehta,sarah.mehta1900@example.com,London,,UK,International,Organic Search,2026-02-28
1901,John,Sharma,john.sharma1901@example.com,San Antonio,TX,USA,South,Direct,2023-01-17
1902,Aiden,Patel,aiden.patel1902@example.com,Miami,FL,USA,South,Direct,2023-07-25
1903,Carlos,Martin,carlos.martin1903@example.com,San Jose,CA,USA,West,Paid Social,2024-01-17
1904,Olivia,Nguyen,olivia.nguyen1904@example.com,Kansas City,MO,USA,Midwest,Direct,2025-06-09
1905,Aiden,Thomas,aiden.thomas1905@example.com,Boston,MA,USA,Northeast,Direct,2026-05-15
1906,Ahmed,Martin,ahmed.martin1906@example.com,Chicago,IL,USA,Midwest,Referral,2024-04-24
1907,Ethan,Miller,ethan.miller1907@example.com,St. Louis,MO,USA,Midwest,Paid Social,2024-07-05
1908,Ahmed,Kim,ahmed.kim1908@example.com,Los Angeles,CA,USA,West,Organic Search,2023-12-07
1909,Amelia,Gonzalez,amelia.gonzalez1909@example.com,Vancouver,BC,Canada,International,Direct,2023-09-24
1910,Michael,Garcia,michael.garcia1910@example.com,Portland,OR,USA,West,Email Marketing,2023-10-17
1911,Emma,Reddy,emma.reddy1911@example.com,San Jose,CA,USA,West,Paid Social,2023-10-30
1912,Daniel,Martin,daniel.martin1912@example.com,Portland,OR,USA,West,Organic Search,2024-04-28
1913,Chen,Garcia,chen.garcia1913@example.com,Denver,CO,USA,West,Organic Search,2026-02-11
1914,Jose,Smith,jose.smith1914@example.com,Las Vegas,NV,USA,West,Organic Search,2023-07-24
1915,Fatima,Diaz,fatima.diaz1915@example.com,Indianapolis,IN,USA,Midwest,Referral,2025-02-09
1916,Arjun,Adams,arjun.adams1916@example.com,San Antonio,TX,USA,South,Paid Social,2024-10-13
1917,Sarah,Reddy,sarah.reddy1917@example.com,Atlanta,GA,USA,South,Email Marketing,2025-05-19
1918,Logan,Jones,logan.jones1918@example.com,Minneapolis,MN,USA,Midwest,Paid Social,2026-04-16
1919,Daniel,Baker,daniel.baker1919@example.com,Denver,CO,USA,West,Paid Social,2024-11-27
1920,James,Nguyen,james.nguyen1920@example.com,Manchester,,UK,International,Direct,2023-06-08
1921,Sarah,Wang,sarah.wang1921@example.com,Charlotte,NC,USA,South,Organic Search,2024-09-10
1922,Yuki,Singh,yuki.singh1922@example.com,Columbus,OH,USA,Midwest,Paid Social,2024-08-06
1923,Sophia,Williams,sophia.williams1923@example.com,Boston,MA,USA,Northeast,Referral,2025-05-13
1924,Fatima,Torres,fatima.torres1924@example.com,Raleigh,NC,USA,South,Email Marketing,2025-08-10
1925,Hiroshi,Torres,hiroshi.torres1925@example.com,San Antonio,TX,USA,South,Direct,2025-04-08
1926,Mary,Hernandez,mary.hernandez1926@example.com,Atlanta,GA,USA,South,Organic Search,2025-11-04
1927,Emma,Smith,emma.smith1927@example.com,Baltimore,MD,USA,Northeast,Direct,2025-04-02
1928,Michael,Martin,michael.martin1928@example.com,Pittsburgh,PA,USA,Northeast,Organic Search,2026-07-22
1929,Liam,Li,liam.li1929@example.com,Cleveland,OH,USA,Midwest,Email Marketing,2024-11-17
1930,Maria,Davis,maria.davis1930@example.com,Columbus,OH,USA,Midwest,Referral,2025-12-24
1931,William,Martinez,william.martinez1931@example.com,New York,NY,USA,Northeast,Organic Search,2026-04-23
1932,Mia,Nguyen,mia.nguyen1932@example.com,Kansas City,MO,USA,Midwest,Paid Social,2025-08-09
1933,Jessica,Wang,jessica.wang1933@example.com,Kansas City,MO,USA,Midwest,Paid Social,2026-05-12
1934,Ananya,Iyer,ananya.iyer1934@example.com,Miami,FL,USA,South,Direct,2023-02-18
1935,Daniel,Jackson,daniel.jackson1935@example.com,Minneapolis,MN,USA,Midwest,Paid Social,2025-07-03
1936,John,Park,john.park1936@example.com,San Diego,CA,USA,West,Paid Social,2023-03-16
1937,Fatima,Thomas,fatima.thomas1937@example.com,Columbus,OH,USA,Midwest,Organic Search,2023-07-13
1938,Charles,Kelly,charles.kelly1938@example.com,Baltimore,MD,USA,Northeast,Paid Social,2024-07-16
1939,Emma,Diaz,emma.diaz1939@example.com,Sydney,NSW,Australia,International,Organic Search,2025-12-08
1940,Jennifer,Jones,jennifer.jones1940@example.com,Atlanta,GA,USA,South,Paid Social,2023-10-28
1941,Richard,Singh,richard.singh1941@example.com,Milwaukee,WI,USA,Midwest,Referral,2023-06-11
1942,Sunita,Iyer,sunita.iyer1942@example.com,Orlando,FL,USA,South,Organic Search,2024-06-10
1943,William,Iyer,william.iyer1943@example.com,San Diego,CA,USA,West,Email Marketing,2026-03-15
1944,Sunita,Nguyen,sunita.nguyen1944@example.com,Milwaukee,WI,USA,Midwest,Paid Social,2024-05-14
1945,Michael,Kumar,michael.kumar1945@example.com,Vancouver,BC,Canada,International,Paid Social,2025-06-13
1946,Lisa,Moore,lisa.moore1946@example.com,Milwaukee,WI,USA,Midwest,Direct,2026-05-23
1947,Lisa,Torres,lisa.torres1947@example.com,Detroit,MI,USA,Midwest,Organic Search,2025-04-13
1948,Omar,Scott,omar.scott1948@example.com,Dallas,TX,USA,South,Organic Search,2025-08-05
1949,Wei,Miller,wei.miller1949@example.com,Seattle,WA,USA,West,Organic Search,2024-10-26
1950,Neha,Flores,neha.flores1950@example.com,Manchester,,UK,International,Email Marketing,2026-04-19
1951,Jin,Liu,jin.liu1951@example.com,Tampa,FL,USA,South,Paid Social,2026-02-16
1952,Yuki,Sharma,yuki.sharma1952@example.com,Minneapolis,MN,USA,Midwest,Email Marketing,2023-11-07
1953,Isabella,Wilson,isabella.wilson1953@example.com,Salt Lake City,UT,USA,West,Direct,2025-03-09
1954,John,Scott,john.scott1954@example.com,Vancouver,BC,Canada,International,Referral,2026-07-17
1955,Hiroshi,Garcia,hiroshi.garcia1955@example.com,Indianapolis,IN,USA,Midwest,Direct,2025-12-20
1956,Rajesh,Adams,rajesh.adams1956@example.com,Atlanta,GA,USA,South,Paid Social,2025-08-15
1957,Nancy,Nguyen,nancy.nguyen1957@example.com,Minneapolis,MN,USA,Midwest,Paid Social,2025-04-30
1958,Robert,Adams,robert.adams1958@example.com,Detroit,MI,USA,Midwest,Paid Social,2025-10-02
1959,Ana,Liu,ana.liu1959@example.com,Dallas,TX,USA,South,Paid Social,2023-09-10
1960,Margaret,Wilson,margaret.wilson1960@example.com,San Diego,CA,USA,West,Paid Social,2024-01-01
1961,Ahmed,Yamamoto,ahmed.yamamoto1961@example.com,St. Louis,MO,USA,Midwest,Paid Social,2024-03-21
1962,Vikram,Sharma,vikram.sharma1962@example.com,Cleveland,OH,USA,Midwest,Direct,2026-07-20
1963,Wei,Li,wei.li1963@example.com,Salt Lake City,UT,USA,West,Paid Social,2024-04-06
1964,Isabella,Adams,isabella.adams1964@example.com,Kansas City,MO,USA,Midwest,Organic Search,2025-07-09
1965,Daniel,Reddy,daniel.reddy1965@example.com,Detroit,MI,USA,Midwest,Organic Search,2024-11-15
1966,Daniel,Torres,daniel.torres1966@example.com,San Antonio,TX,USA,South,Paid Social,2026-08-30
1967,Omar,Nair,omar.nair1967@example.com,Charlotte,NC,USA,South,Direct,2026-06-21
1968,Ethan,Garcia,ethan.garcia1968@example.com,Manchester,,UK,International,Paid Social,2025-04-17
1969,Mei,Nguyen,mei.nguyen1969@example.com,Denver,CO,USA,West,Organic Search,2026-07-05
1970,Barbara,Kumar,barbara.kumar1970@example.com,Los Angeles,CA,USA,West,Direct,2025-03-08
1971,Matthew,Hernandez,matthew.hernandez1971@example.com,Kansas City,MO,USA,Midwest,Paid Social,2024-05-05
1972,Betty,Sharma,betty.sharma1972@example.com,Dallas,TX,USA,South,Organic Search,2023-03-05
1973,Noah,Mehta,noah.mehta1973@example.com,Denver,CO,USA,West,Direct,2025-06-27
1974,Daniel,Mehta,daniel.mehta1974@example.com,Milwaukee,WI,USA,Midwest,Direct,2026-05-22
1975,Christopher,Thomas,christopher.thomas1975@example.com,Kansas City,MO,USA,Midwest,Direct,2023-05-24
1976,John,Torres,john.torres1976@example.com,St. Louis,MO,USA,Midwest,Email Marketing,2025-08-20
1977,Elizabeth,Nair,elizabeth.nair1977@example.com,Boston,MA,USA,Northeast,Email Marketing,2026-01-05
1978,Logan,Hill,logan.hill1978@example.com,Los Angeles,CA,USA,West,Paid Social,2023-05-03
1979,Fatima,Flores,fatima.flores1979@example.com,Chicago,IL,USA,Midwest,Paid Social,2025-11-13
1980,Olivia,Iyer,olivia.iyer1980@example.com,San Diego,CA,USA,West,Organic Search,2024-06-21
1981,Joseph,Flores,joseph.flores1981@example.com,San Jose,CA,USA,West,Paid Social,2024-11-26
1982,Arjun,Chen,arjun.chen1982@example.com,Indianapolis,IN,USA,Midwest,Organic Search,2024-11-06
1983,Elizabeth,Mehta,elizabeth.mehta1983@example.com,Baltimore,MD,USA,Northeast,Direct,2024-06-16
1984,Olivia,Patel,olivia.patel1984@example.com,Sacramento,CA,USA,West,Direct,2026-03-09
1985,John,Adams,john.adams1985@example.com,Dallas,TX,USA,South,Organic Search,2024-08-13
1986,Jose,Tanaka,jose.tanaka1986@example.com,Cleveland,OH,USA,Midwest,Direct,2024-09-20
1987,Christopher,Tanaka,christopher.tanaka1987@example.com,Melbourne,VIC,Australia,International,Organic Search,2025-06-19
1988,Karen,Green,karen.green1988@example.com,Dallas,TX,USA,South,Organic Search,2024-08-21
1989,Ananya,Kelly,ananya.kelly1989@example.com,Seattle,WA,USA,West,Organic Search,2024-03-09
1990,Charles,Kim,charles.kim1990@example.com,New York,NY,USA,Northeast,Organic Search,2025-11-07
1991,Mason,Reddy,mason.reddy1991@example.com,Las Vegas,NV,USA,West,Direct,2023-12-15
1992,Karen,Kim,karen.kim1992@example.com,Milwaukee,WI,USA,Midwest,Organic Search,2025-02-05
1993,Lucas,Wright,lucas.wright1993@example.com,San Jose,CA,USA,West,Email Marketing,2025-09-14
1994,Ana,Smith,ana.smith1994@example.com,Phoenix,AZ,USA,West,Paid Social,2024-09-25
1995,Karen,Moore,karen.moore1995@example.com,Manchester,,UK,International,Direct,2023-09-02
1996,Carlos,Wang,carlos.wang1996@example.com,Kansas City,MO,USA,Midwest,Paid Social,2026-07-31
1997,Amelia,Anderson,amelia.anderson1997@example.com,Charlotte,NC,USA,South,Paid Social,2023-03-09
1998,Richard,Patel,richard.patel1998@example.com,Milwaukee,WI,USA,Midwest,Organic Search,2026-02-07
1999,Logan,Garcia,logan.garcia1999@example.com,Houston,TX,USA,South,Paid Social,2025-12-06
2000,Ananya,Green,ananya.green2000@example.com,Columbus,OH,USA,Midwest,Direct,2026-08-25
2001,Sandra,Diaz,sandra.diaz2001@example.com,Kansas City,MO,USA,Midwest,Organic Search,2026-06-01
2002,Vikram,Garcia,vikram.garcia2002@example.com,Charlotte,NC,USA,South,Direct,2023-05-11
2003,Thomas,Zhang,thomas.zhang2003@example.com,Portland,OR,USA,West,Organic Search,2024-04-11
2004,Sophia,Mehta,sophia.mehta2004@example.com,San Antonio,TX,USA,South,Paid Social,2023-04-15
2005,Elizabeth,Gonzalez,elizabeth.gonzalez2005@example.com,Las Vegas,NV,USA,West,Organic Search,2023-06-20
2006,Richard,Liu,richard.liu2006@example.com,London,,UK,International,Organic Search,2025-09-24
2007,Mary,Kim,mary.kim2007@example.com,Pittsburgh,PA,USA,Northeast,Email Marketing,2023-08-17
2008,Olivia,Baker,olivia.baker2008@example.com,Charlotte,NC,USA,South,Direct,2026-07-24
2009,Emma,Smith,emma.smith2009@example.com,Boston,MA,USA,Northeast,Direct,2026-05-16
2010,Daniel,Patel,daniel.patel2010@example.com,Milwaukee,WI,USA,Midwest,Paid Social,2024-08-04
2011,Sunita,Taylor,sunita.taylor2011@example.com,Salt Lake City,UT,USA,West,Organic Search,2024-07-17
2012,Ethan,Martin,ethan.martin2012@example.com,Melbourne,VIC,Australia,International,Paid Social,2024-01-09
2013,Wei,Li,wei.li2013@example.com,Las Vegas,NV,USA,West,Paid Social,2024-01-02
2014,Chen,Torres,chen.torres2014@example.com,Portland,OR,USA,West,Organic Search,2025-06-26
2015,Logan,Lopez,logan.lopez2015@example.com,Charlotte,NC,USA,South,Direct,2024-04-19
2016,Ethan,Martin,ethan.martin2016@example.com,Atlanta,GA,USA,South,Direct,2025-08-24
2017,Sunita,Nguyen,sunita.nguyen2017@example.com,Indianapolis,IN,USA,Midwest,Paid Social,2023-11-13
2018,Matthew,Baker,matthew.baker2018@example.com,Orlando,FL,USA,South,Email Marketing,2023-11-20
2019,Christopher,Sharma,christopher.sharma2019@example.com,Raleigh,NC,USA,South,Referral,2026-05-04
2020,Kavita,Anderson,kavita.anderson2020@example.com,Boston,MA,USA,Northeast,Paid Social,2024-09-13
2021,Amit,Patel,amit.patel2021@example.com,Minneapolis,MN,USA,Midwest,Email Marketing,2024-10-07
2022,Elena,Tanaka,elena.tanaka2022@example.com,Orlando,FL,USA,South,Direct,2023-01-12
2023,Ahmed,Brown,ahmed.brown2023@example.com,St. Louis,MO,USA,Midwest,Paid Social,2023-10-14
2024,Vikram,Johnson,vikram.johnson2024@example.com,Charlotte,NC,USA,South,Organic Search,2024-06-08
2025,Jose,Johnson,jose.johnson2025@example.com,Atlanta,GA,USA,South,Paid Social,2025-02-22
2026,Betty,Wilson,betty.wilson2026@example.com,Sydney,NSW,Australia,International,Paid Social,2024-07-15
2027,Arjun,Hernandez,arjun.hernandez2027@example.com,Atlanta,GA,USA,South,Direct,2026-04-29
2028,Jennifer,Baker,jennifer.baker2028@example.com,Tampa,FL,USA,South,Direct,2025-09-24
2029,Ana,Brown,ana.brown2029@example.com,San Antonio,TX,USA,South,Organic Search,2024-12-02
2030,Jose,Rao,jose.rao2030@example.com,Detroit,MI,USA,Midwest,Organic Search,2023-10-03
2031,Elizabeth,Sharma,elizabeth.sharma2031@example.com,St. Louis,MO,USA,Midwest,Email Marketing,2023-11-05
2032,Betty,Yamamoto,betty.yamamoto2032@example.com,Philadelphia,PA,USA,Northeast,Paid Social,2024-11-02
2033,Rohan,Yamamoto,rohan.yamamoto2033@example.com,Raleigh,NC,USA,South,Email Marketing,2023-02-14
2034,David,Diaz,david.diaz2034@example.com,Atlanta,GA,USA,South,Referral,2025-01-09
2035,Liam,Green,liam.green2035@example.com,Indianapolis,IN,USA,Midwest,Organic Search,2025-08-17
2036,Maria,Patel,maria.patel2036@example.com,Charlotte,NC,USA,South,Direct,2024-06-14
2037,Robert,Rodriguez,robert.rodriguez2037@example.com,San Diego,CA,USA,West,Direct,2025-05-25
2038,Lucas,Brown,lucas.brown2038@example.com,Raleigh,NC,USA,South,Organic Search,2025-11-15
2039,Chen,Williams,chen.williams2039@example.com,Milwaukee,WI,USA,Midwest,Email Marketing,2024-10-31
2040,Lucas,Jackson,lucas.jackson2040@example.com,Vancouver,BC,Canada,International,Organic Search,2023-05-18
2041,Barbara,Yamamoto,barbara.yamamoto2041@example.com,San Diego,CA,USA,West,Paid Social,2025-11-17
2042,Barbara,Tanaka,barbara.tanaka2042@example.com,Kansas City,MO,USA,Midwest,Direct,2024-01-26
2043,Chen,Moore,chen.moore2043@example.com,Kansas City,MO,USA,Midwest,Paid Social,2023-11-08
2044,Elizabeth,Lopez,elizabeth.lopez2044@example.com,Vancouver,BC,Canada,International,Organic Search,2025-12-16
2045,Chen,Johnson,chen.johnson2045@example.com,Orlando,FL,USA,South,Paid Social,2023-01-14
2046,Luis,Johnson,luis.johnson2046@example.com,New York,NY,USA,Northeast,Organic Search,2025-05-24
2047,Mark,Kim,mark.kim2047@example.com,Atlanta,GA,USA,South,Paid Social,2024-02-15
2048,Carlos,Hill,carlos.hill2048@example.com,Vancouver,BC,Canada,International,Organic Search,2023-10-31
2049,Lisa,Miller,lisa.miller2049@example.com,Los Angeles,CA,USA,West,Paid Social,2023-03-22
2050,Harper,Gupta,harper.gupta2050@example.com,Phoenix,AZ,USA,West,Organic Search,2024-10-07
2051,Anthony,Gonzalez,anthony.gonzalez2051@example.com,Portland,OR,USA,West,Organic Search,2024-07-09
2052,Margaret,Baker,margaret.baker2052@example.com,Minneapolis,MN,USA,Midwest,Organic Search,2025-06-19
2053,Ana,Johnson,ana.johnson2053@example.com,Sacramento,CA,USA,West,Email Marketing,2024-03-03
2054,Liam,Rao,liam.rao2054@example.com,Orlando,FL,USA,South,Organic Search,2025-02-18
2055,Jessica,Garcia,jessica.garcia2055@example.com,Columbus,OH,USA,Midwest,Paid Social,2026-03-30
2056,Jessica,Hernandez,jessica.hernandez2056@example.com,Indianapolis,IN,USA,Midwest,Organic Search,2025-09-28
2057,Carlos,Green,carlos.green2057@example.com,Atlanta,GA,USA,South,Paid Social,2024-03-06
2058,Ethan,Kumar,ethan.kumar2058@example.com,Las Vegas,NV,USA,West,Organic Search,2023-08-18
2059,Robert,Smith,robert.smith2059@example.com,Tampa,FL,USA,South,Email Marketing,2025-03-30
2060,Richard,Gupta,richard.gupta2060@example.com,Cleveland,OH,USA,Midwest,Referral,2023-05-14
2061,Sunita,Anderson,sunita.anderson2061@example.com,Philadelphia,PA,USA,Northeast,Direct,2025-03-09
2062,Robert,Moore,robert.moore2062@example.com,Atlanta,GA,USA,South,Organic Search,2024-05-24
2063,Mary,Rodriguez,mary.rodriguez2063@example.com,Raleigh,NC,USA,South,Organic Search,2025-08-20
2064,Linda,Park,linda.park2064@example.com,Indianapolis,IN,USA,Midwest,Email Marketing,2024-08-23
2065,Omar,Hernandez,omar.hernandez2065@example.com,St. Louis,MO,USA,Midwest,Organic Search,2025-11-28
2066,Lisa,Kumar,lisa.kumar2066@example.com,San Diego,CA,USA,West,Email Marketing,2023-03-03
2067,Amit,Reddy,amit.reddy2067@example.com,Melbourne,VIC,Australia,International,Paid Social,2024-06-27
2068,Patricia,Johnson,patricia.johnson2068@example.com,Miami,FL,USA,South,Organic Search,2025-08-21
2069,Charles,Nair,charles.nair2069@example.com,Chicago,IL,USA,Midwest,Paid Social,2026-05-10
2070,Nancy,Hernandez,nancy.hernandez2070@example.com,San Antonio,TX,USA,South,Organic Search,2024-04-01
2071,David,Davis,david.davis2071@example.com,Las Vegas,NV,USA,West,Paid Social,2025-04-30
2072,Logan,Rao,logan.rao2072@example.com,Dallas,TX,USA,South,Email Marketing,2026-07-28
2073,Aiden,Chen,aiden.chen2073@example.com,Boston,MA,USA,Northeast,Organic Search,2026-01-10
2074,Richard,Chen,richard.chen2074@example.com,Baltimore,MD,USA,Northeast,Direct,2026-03-15
2075,Mark,Li,mark.li2075@example.com,Dallas,TX,USA,South,Email Marketing,2023-10-20
2076,William,Green,william.green2076@example.com,San Antonio,TX,USA,South,Direct,2024-08-01
2077,Susan,Thomas,susan.thomas2077@example.com,Seattle,WA,USA,West,Organic Search,2024-09-08
2078,Noah,Scott,noah.scott2078@example.com,London,,UK,International,Paid Social,2026-03-28
2079,Kavita,Adams,kavita.adams2079@example.com,Dallas,TX,USA,South,Organic Search,2025-02-06
2080,John,Green,john.green2080@example.com,Tampa,FL,USA,South,Direct,2024-02-10
2081,Mary,Martinez,mary.martinez2081@example.com,Melbourne,VIC,Australia,International,Organic Search,2024-05-02
2082,Mei,Smith,mei.smith2082@example.com,Vancouver,BC,Canada,International,Paid Social,2024-12-05
2083,Ahmed,Rao,ahmed.rao2083@example.com,Indianapolis,IN,USA,Midwest,Paid Social,2024-06-22
2084,Jessica,Green,jessica.green2084@example.com,Nashville,TN,USA,South,Direct,2025-11-19
2085,Yuki,Lopez,yuki.lopez2085@example.com,Boston,MA,USA,Northeast,Paid Social,2025-09-25
2086,Emma,Scott,emma.scott2086@example.com,San Antonio,TX,USA,South,Direct,2024-12-02
2087,Rohan,Jones,rohan.jones2087@example.com,Cleveland,OH,USA,Midwest,Paid Social,2023-02-22
2088,Thomas,Miller,thomas.miller2088@example.com,Seattle,WA,USA,West,Referral,2023-08-16
2089,Rajesh,Rodriguez,rajesh.rodriguez2089@example.com,Minneapolis,MN,USA,Midwest,Organic Search,2025-06-12
2090,William,Li,william.li2090@example.com,Columbus,OH,USA,Midwest,Paid Social,2025-11-12
2091,Mark,Baker,mark.baker2091@example.com,Los Angeles,CA,USA,West,Organic Search,2024-12-25
2092,Karen,Tanaka,karen.tanaka2092@example.com,Raleigh,NC,USA,South,Paid Social,2025-12-27
2093,Sandra,Diaz,sandra.diaz2093@example.com,Raleigh,NC,USA,South,Organic Search,2023-11-22
2094,Nancy,Kelly,nancy.kelly2094@example.com,Melbourne,VIC,Australia,International,Email Marketing,2024-04-08
2095,Karen,Liu,karen.liu2095@example.com,Sydney,NSW,Australia,International,Paid Social,2024-02-19
2096,Ahmed,Jackson,ahmed.jackson2096@example.com,Tampa,FL,USA,South,Email Marketing,2025-05-12
2097,Noah,Sharma,noah.sharma2097@example.com,Dallas,TX,USA,South,Direct,2024-09-06
2098,Ananya,Hill,ananya.hill2098@example.com,Toronto,ON,Canada,International,Direct,2024-03-03
2099,David,Brown,david.brown2099@example.com,St. Louis,MO,USA,Midwest,Organic Search,2025-09-11
2100,Arjun,Reddy,arjun.reddy2100@example.com,San Jose,CA,USA,West,Direct,2025-03-11
2101,Arjun,Gupta,arjun.gupta2101@example.com,Phoenix,AZ,USA,West,Organic Search,2024-07-19
2102,Ahmed,Davis,ahmed.davis2102@example.com,London,,UK,International,Referral,2023-11-07
2103,Charles,Torres,charles.torres2103@example.com,Nashville,TN,USA,South,Direct,2023-01-23
2104,Mason,Martin,mason.martin2104@example.com,Raleigh,NC,USA,South,Organic Search,2026-07-11
2105,Sandra,Scott,sandra.scott2105@example.com,Sacramento,CA,USA,West,Organic Search,2023-09-13
2106,Emma,Martinez,emma.martinez2106@example.com,Phoenix,AZ,USA,West,Email Marketing,2024-11-30
2107,Jennifer,Singh,jennifer.singh2107@example.com,Boston,MA,USA,Northeast,Organic Search,2025-08-13
2108,Nancy,Hill,nancy.hill2108@example.com,Baltimore,MD,USA,Northeast,Direct,2024-04-05
2109,Barbara,Flores,barbara.flores2109@example.com,Manchester,,UK,International,Referral,2025-01-12
2110,Isabella,Diaz,isabella.diaz2110@example.com,Pittsburgh,PA,USA,Northeast,Paid Social,2026-07-30
2111,Vikram,Flores,vikram.flores2111@example.com,Nashville,TN,USA,South,Email Marketing,2026-08-04
2112,Omar,Scott,omar.scott2112@example.com,Boston,MA,USA,Northeast,Referral,2023-06-20
2113,Lucas,Thomas,lucas.thomas2113@example.com,London,,UK,International,Paid Social,2026-04-25
2114,Kavita,Miller,kavita.miller2114@example.com,Baltimore,MD,USA,Northeast,Paid Social,2026-03-04
2115,Mason,Scott,mason.scott2115@example.com,Tampa,FL,USA,South,Organic Search,2023-08-09
2116,Richard,Tanaka,richard.tanaka2116@example.com,San Antonio,TX,USA,South,Organic Search,2024-05-03
2117,Omar,Reddy,omar.reddy2117@example.com,Chicago,IL,USA,Midwest,Paid Social,2025-06-20
2118,Mason,Williams,mason.williams2118@example.com,Orlando,FL,USA,South,Email Marketing,2026-07-10
2119,Chen,Scott,chen.scott2119@example.com,Los Angeles,CA,USA,West,Organic Search,2024-01-06
2120,Jin,Miller,jin.miller2120@example.com,Detroit,MI,USA,Midwest,Referral,2023-02-28
2121,Ananya,Gupta,ananya.gupta2121@example.com,Minneapolis,MN,USA,Midwest,Paid Social,2024-05-24
2122,Michael,Sharma,michael.sharma2122@example.com,Kansas City,MO,USA,Midwest,Direct,2026-07-24
2123,Christopher,Wilson,christopher.wilson2123@example.com,Toronto,ON,Canada,International,Direct,2026-01-25
2124,Ahmed,Adams,ahmed.adams2124@example.com,Minneapolis,MN,USA,Midwest,Email Marketing,2023-12-19
2125,Barbara,Patel,barbara.patel2125@example.com,Minneapolis,MN,USA,Midwest,Direct,2024-04-11
2126,Amit,Miller,amit.miller2126@example.com,Philadelphia,PA,USA,Northeast,Direct,2024-10-02
2127,Lisa,Adams,lisa.adams2127@example.com,Tampa,FL,USA,South,Organic Search,2025-09-21
2128,Olivia,Kumar,olivia.kumar2128@example.com,San Jose,CA,USA,West,Referral,2024-10-23
2129,Matthew,Kim,matthew.kim2129@example.com,Portland,OR,USA,West,Email Marketing,2026-08-08
2130,Logan,Lopez,logan.lopez2130@example.com,Orlando,FL,USA,South,Direct,2023-06-05
2131,Barbara,Hill,barbara.hill2131@example.com,Manchester,,UK,International,Referral,2025-04-08
2132,Charles,Hill,charles.hill2132@example.com,Miami,FL,USA,South,Paid Social,2025-03-23
2133,Luis,Miller,luis.miller2133@example.com,Detroit,MI,USA,Midwest,Direct,2023-06-18
2134,Mark,Rao,mark.rao2134@example.com,Chicago,IL,USA,Midwest,Organic Search,2023-11-14
2135,Vikram,Johnson,vikram.johnson2135@example.com,Baltimore,MD,USA,Northeast,Organic Search,2024-03-24
2136,Mark,Rao,mark.rao2136@example.com,Indianapolis,IN,USA,Midwest,Organic Search,2024-08-30
2137,Robert,Nguyen,robert.nguyen2137@example.com,Las Vegas,NV,USA,West,Email Marketing,2025-04-28
2138,Matthew,Nair,matthew.nair2138@example.com,Columbus,OH,USA,Midwest,Email Marketing,2026-04-04
2139,Luis,Green,luis.green2139@example.com,Boston,MA,USA,Northeast,Direct,2025-01-15
2140,Rohan,Iyer,rohan.iyer2140@example.com,Cleveland,OH,USA,Midwest,Paid Social,2024-04-25
2141,Carlos,Jones,carlos.jones2141@example.com,Dallas,TX,USA,South,Organic Search,2024-05-20
2142,Thomas,Miller,thomas.miller2142@example.com,Milwaukee,WI,USA,Midwest,Direct,2026-01-01
2143,Sandra,Flores,sandra.flores2143@example.com,Minneapolis,MN,USA,Midwest,Direct,2026-08-13
2144,Mark,Mehta,mark.mehta2144@example.com,Nashville,TN,USA,South,Paid Social,2023-04-19
2145,Olivia,Wang,olivia.wang2145@example.com,London,,UK,International,Paid Social,2023-12-17
2146,Liam,Yamamoto,liam.yamamoto2146@example.com,Houston,TX,USA,South,Email Marketing,2025-09-03
2147,Charles,Jones,charles.jones2147@example.com,Minneapolis,MN,USA,Midwest,Organic Search,2024-07-19
2148,Patricia,Hill,patricia.hill2148@example.com,Manchester,,UK,International,Paid Social,2023-10-01
2149,Margaret,Scott,margaret.scott2149@example.com,Sacramento,CA,USA,West,Organic Search,2024-09-15
2150,Mia,Nair,mia.nair2150@example.com,Austin,TX,USA,South,Direct,2026-04-16
2151,James,Nguyen,james.nguyen2151@example.com,Houston,TX,USA,South,Direct,2025-01-03
2152,Elizabeth,Nguyen,elizabeth.nguyen2152@example.com,Phoenix,AZ,USA,West,Paid Social,2023-11-27
2153,Arjun,Park,arjun.park2153@example.com,Columbus,OH,USA,Midwest,Email Marketing,2023-03-02
2154,Isabella,Flores,isabella.flores2154@example.com,San Diego,CA,USA,West,Organic Search,2023-07-12
2155,Luis,Nair,luis.nair2155@example.com,Tampa,FL,USA,South,Direct,2023-10-11
2156,Lisa,Miller,lisa.miller2156@example.com,Portland,OR,USA,West,Paid Social,2025-05-31
2157,Isabella,Garcia,isabella.garcia2157@example.com,Columbus,OH,USA,Midwest,Organic Search,2024-02-15
2158,William,Patel,william.patel2158@example.com,Sacramento,CA,USA,West,Direct,2025-12-08
2159,Linda,Yamamoto,linda.yamamoto2159@example.com,Houston,TX,USA,South,Direct,2023-07-15
2160,Amelia,Smith,amelia.smith2160@example.com,New York,NY,USA,Northeast,Organic Search,2024-09-19
2161,Jose,Jones,jose.jones2161@example.com,Columbus,OH,USA,Midwest,Organic Search,2026-06-25
2162,Logan,Wilson,logan.wilson2162@example.com,Minneapolis,MN,USA,Midwest,Organic Search,2023-11-13
2163,Daniel,Rao,daniel.rao2163@example.com,Columbus,OH,USA,Midwest,Paid Social,2025-06-30
2164,John,Liu,john.liu2164@example.com,San Diego,CA,USA,West,Email Marketing,2024-09-30
2165,Susan,Gupta,susan.gupta2165@example.com,Columbus,OH,USA,Midwest,Direct,2023-12-09
2166,Isabella,Gonzalez,isabella.gonzalez2166@example.com,Manchester,,UK,International,Organic Search,2026-06-09
2167,Emma,Scott,emma.scott2167@example.com,Toronto,ON,Canada,International,Email Marketing,2025-07-06
2168,David,Patel,david.patel2168@example.com,Denver,CO,USA,West,Paid Social,2024-05-05
2169,Lucas,Gonzalez,lucas.gonzalez2169@example.com,Orlando,FL,USA,South,Organic Search,2023-05-01
2170,Sophia,Scott,sophia.scott2170@example.com,London,,UK,International,Organic Search,2025-11-30
2171,Mei,Zhang,mei.zhang2171@example.com,Vancouver,BC,Canada,International,Paid Social,2025-12-25
2172,Harper,Wright,harper.wright2172@example.com,Charlotte,NC,USA,South,Organic Search,2023-10-05
2173,Betty,Jackson,betty.jackson2173@example.com,Melbourne,VIC,Australia,International,Paid Social,2025-06-10
2174,Lucas,Johnson,lucas.johnson2174@example.com,Baltimore,MD,USA,Northeast,Organic Search,2026-02-23
2175,Luis,Martin,luis.martin2175@example.com,Baltimore,MD,USA,Northeast,Referral,2024-08-11
2176,Linda,Zhang,linda.zhang2176@example.com,Chicago,IL,USA,Midwest,Organic Search,2023-07-02
2177,Harper,Lopez,harper.lopez2177@example.com,Atlanta,GA,USA,South,Direct,2025-12-30
2178,Sunita,Singh,sunita.singh2178@example.com,Charlotte,NC,USA,South,Paid Social,2026-01-06
2179,Chen,Green,chen.green2179@example.com,Milwaukee,WI,USA,Midwest,Paid Social,2024-01-01
2180,Jennifer,Wilson,jennifer.wilson2180@example.com,San Antonio,TX,USA,South,Paid Social,2024-01-16
2181,Wei,Jones,wei.jones2181@example.com,Indianapolis,IN,USA,Midwest,Paid Social,2026-03-15
2182,Mary,Williams,mary.williams2182@example.com,Tampa,FL,USA,South,Organic Search,2023-08-27
2183,James,Thomas,james.thomas2183@example.com,Miami,FL,USA,South,Referral,2025-03-09
2184,Jose,Reddy,jose.reddy2184@example.com,Chicago,IL,USA,Midwest,Organic Search,2026-05-11
2185,Rohan,Iyer,rohan.iyer2185@example.com,Vancouver,BC,Canada,International,Direct,2026-07-06
2186,Kavita,Nair,kavita.nair2186@example.com,New York,NY,USA,Northeast,Paid Social,2025-04-27
2187,Matthew,Baker,matthew.baker2187@example.com,Baltimore,MD,USA,Northeast,Organic Search,2023-01-22
2188,Fatima,Williams,fatima.williams2188@example.com,Sacramento,CA,USA,West,Organic Search,2024-04-01
2189,Joseph,Davis,joseph.davis2189@example.com,San Jose,CA,USA,West,Email Marketing,2025-09-27
2190,Logan,Sharma,logan.sharma2190@example.com,San Jose,CA,USA,West,Referral,2024-06-09
2191,Fatima,Jackson,fatima.jackson2191@example.com,Salt Lake City,UT,USA,West,Organic Search,2026-03-13
2192,Jessica,Reddy,jessica.reddy2192@example.com,Charlotte,NC,USA,South,Referral,2026-02-10
2193,Betty,Rodriguez,betty.rodriguez2193@example.com,Raleigh,NC,USA,South,Referral,2025-08-18
2194,Joseph,Anderson,joseph.anderson2194@example.com,Chicago,IL,USA,Midwest,Email Marketing,2024-01-13
2195,David,Thomas,david.thomas2195@example.com,Pittsburgh,PA,USA,Northeast,Direct,2025-06-16
2196,Olivia,Park,olivia.park2196@example.com,Chicago,IL,USA,Midwest,Direct,2025-10-28
2197,Matthew,Baker,matthew.baker2197@example.com,Indianapolis,IN,USA,Midwest,Direct,2023-03-31
2198,Karen,Patel,karen.patel2198@example.com,Boston,MA,USA,Northeast,Referral,2024-12-18
2199,Linda,Reddy,linda.reddy2199@example.com,Tampa,FL,USA,South,Organic Search,2024-08-20
2200,Mark,Lopez,mark.lopez2200@example.com,Melbourne,VIC,Australia,International,Organic Search,2025-06-17
2201,Olivia,Jones,olivia.jones2201@example.com,Denver,CO,USA,West,Direct,2024-08-12
2202,Charles,Yamamoto,charles.yamamoto2202@example.com,Atlanta,GA,USA,South,Organic Search,2023-05-14
2203,Logan,Johnson,logan.johnson2203@example.com,Sydney,NSW,Australia,International,Direct,2024-10-20
2204,Charles,Miller,charles.miller2204@example.com,Seattle,WA,USA,West,Organic Search,2023-01-08
2205,Luis,Baker,luis.baker2205@example.com,Vancouver,BC,Canada,International,Organic Search,2024-04-04
2206,John,Tanaka,john.tanaka2206@example.com,Salt Lake City,UT,USA,West,Organic Search,2026-08-21
2207,Aiden,Tanaka,aiden.tanaka2207@example.com,Tampa,FL,USA,South,Organic Search,2026-06-15
2208,Priya,Torres,priya.torres2208@example.com,Baltimore,MD,USA,Northeast,Direct,2024-12-07
2209,Emma,Chen,emma.chen2209@example.com,Austin,TX,USA,South,Paid Social,2025-01-07
2210,Neha,Kelly,neha.kelly2210@example.com,Columbus,OH,USA,Midwest,Referral,2025-03-06
2211,Christopher,Kumar,christopher.kumar2211@example.com,Los Angeles,CA,USA,West,Paid Social,2024-09-06
2212,Emma,Nair,emma.nair2212@example.com,Salt Lake City,UT,USA,West,Email Marketing,2025-04-03
2213,Carlos,Wilson,carlos.wilson2213@example.com,Orlando,FL,USA,South,Paid Social,2025-05-05
2214,Liam,Rao,liam.rao2214@example.com,Tampa,FL,USA,South,Paid Social,2024-11-22
2215,Ahmed,Rodriguez,ahmed.rodriguez2215@example.com,Raleigh,NC,USA,South,Organic Search,2024-03-20
2216,Matthew,Flores,matthew.flores2216@example.com,Sydney,NSW,Australia,International,Paid Social,2025-08-06
2217,Sofia,Kumar,sofia.kumar2217@example.com,Portland,OR,USA,West,Organic Search,2023-10-17
2218,Harper,Wright,harper.wright2218@example.com,Sacramento,CA,USA,West,Organic Search,2026-07-01
2219,Betty,Wilson,betty.wilson2219@example.com,Miami,FL,USA,South,Paid Social,2023-11-17
2220,Mason,Iyer,mason.iyer2220@example.com,Columbus,OH,USA,Midwest,Referral,2023-02-18
2221,Luis,Tanaka,luis.tanaka2221@example.com,Columbus,OH,USA,Midwest,Organic Search,2026-02-27
2222,Ahmed,Tanaka,ahmed.tanaka2222@example.com,Charlotte,NC,USA,South,Organic Search,2024-10-10
2223,Thomas,Adams,thomas.adams2223@example.com,Baltimore,MD,USA,Northeast,Organic Search,2026-06-08
2224,John,Torres,john.torres2224@example.com,San Antonio,TX,USA,South,Email Marketing,2023-06-25
2225,Michael,Patel,michael.patel2225@example.com,Philadelphia,PA,USA,Northeast,Organic Search,2024-12-31
2226,Karen,Wilson,karen.wilson2226@example.com,Portland,OR,USA,West,Email Marketing,2025-01-13
2227,Wei,Kim,wei.kim2227@example.com,Sacramento,CA,USA,West,Paid Social,2023-12-25
2228,Richard,Yamamoto,richard.yamamoto2228@example.com,San Jose,CA,USA,West,Email Marketing,2023-11-08
2229,Jessica,Liu,jessica.liu2229@example.com,Sydney,NSW,Australia,International,Paid Social,2026-02-24
2230,Aiden,Diaz,aiden.diaz2230@example.com,Nashville,TN,USA,South,Direct,2024-05-25
2231,Charles,Rao,charles.rao2231@example.com,San Antonio,TX,USA,South,Direct,2023-10-05
2232,Aiden,Singh,aiden.singh2232@example.com,Las Vegas,NV,USA,West,Organic Search,2023-02-10
2233,Maria,Rao,maria.rao2233@example.com,London,,UK,International,Paid Social,2025-07-05
2234,Lucas,Scott,lucas.scott2234@example.com,Vancouver,BC,Canada,International,Paid Social,2024-11-26
2235,Jose,Jones,jose.jones2235@example.com,Columbus,OH,USA,Midwest,Organic Search,2024-09-06
2236,Karen,Davis,karen.davis2236@example.com,Charlotte,NC,USA,South,Referral,2024-10-18
2237,William,Gupta,william.gupta2237@example.com,Manchester,,UK,International,Referral,2025-10-10
2238,Omar,Hernandez,omar.hernandez2238@example.com,Cleveland,OH,USA,Midwest,Email Marketing,2024-01-29
2239,Mason,Johnson,mason.johnson2239@example.com,Baltimore,MD,USA,Northeast,Organic Search,2023-12-08
2240,Priya,Diaz,priya.diaz2240@example.com,Portland,OR,USA,West,Organic Search,2025-06-05
2241,Kavita,Green,kavita.green2241@example.com,Kansas City,MO,USA,Midwest,Direct,2024-11-12
2242,Thomas,Nguyen,thomas.nguyen2242@example.com,New York,NY,USA,Northeast,Direct,2023-02-09
2243,Betty,Chen,betty.chen2243@example.com,Tampa,FL,USA,South,Paid Social,2024-07-07
2244,Jin,Kumar,jin.kumar2244@example.com,Milwaukee,WI,USA,Midwest,Email Marketing,2025-05-19
2245,Yuki,Rodriguez,yuki.rodriguez2245@example.com,Minneapolis,MN,USA,Midwest,Direct,2026-02-05
2246,Neha,Moore,neha.moore2246@example.com,Philadelphia,PA,USA,Northeast,Referral,2023-06-23
2247,Wei,Li,wei.li2247@example.com,San Diego,CA,USA,West,Organic Search,2023-09-21
2248,Susan,Thomas,susan.thomas2248@example.com,Phoenix,AZ,USA,West,Organic Search,2023-05-14
2249,Priya,Baker,priya.baker2249@example.com,Philadelphia,PA,USA,Northeast,Email Marketing,2023-01-20
2250,Yuki,Nguyen,yuki.nguyen2250@example.com,Phoenix,AZ,USA,West,Organic Search,2026-07-06
2251,Emma,Kelly,emma.kelly2251@example.com,Miami,FL,USA,South,Email Marketing,2023-08-05
2252,Linda,Hill,linda.hill2252@example.com,Dallas,TX,USA,South,Organic Search,2023-06-16
2253,Barbara,Smith,barbara.smith2253@example.com,Pittsburgh,PA,USA,Northeast,Email Marketing,2024-04-22
2254,William,Singh,william.singh2254@example.com,Atlanta,GA,USA,South,Direct,2024-01-30
2255,Betty,Hill,betty.hill2255@example.com,Baltimore,MD,USA,Northeast,Direct,2024-01-17
2256,Linda,Rao,linda.rao2256@example.com,Columbus,OH,USA,Midwest,Paid Social,2023-06-12
2257,Betty,Taylor,betty.taylor2257@example.com,Austin,TX,USA,South,Email Marketing,2026-03-24
2258,Jessica,Diaz,jessica.diaz2258@example.com,Phoenix,AZ,USA,West,Organic Search,2024-10-20
2259,Sandra,Hernandez,sandra.hernandez2259@example.com,Orlando,FL,USA,South,Direct,2026-04-28
2260,Sofia,Li,sofia.li2260@example.com,Melbourne,VIC,Australia,International,Organic Search,2025-05-23
2261,Hiroshi,Green,hiroshi.green2261@example.com,Denver,CO,USA,West,Paid Social,2024-05-30
2262,Christopher,Jones,christopher.jones2262@example.com,Houston,TX,USA,South,Organic Search,2024-12-05
2263,Linda,Nguyen,linda.nguyen2263@example.com,Pittsburgh,PA,USA,Northeast,Organic Search,2025-07-02
2264,Barbara,Sharma,barbara.sharma2264@example.com,London,,UK,International,Direct,2025-01-10
2265,David,Tanaka,david.tanaka2265@example.com,Boston,MA,USA,Northeast,Direct,2024-10-15
2266,Sophia,Kumar,sophia.kumar2266@example.com,Baltimore,MD,USA,Northeast,Organic Search,2025-09-28
2267,Matthew,Anderson,matthew.anderson2267@example.com,London,,UK,International,Organic Search,2024-12-23
2268,Noah,Sharma,noah.sharma2268@example.com,Orlando,FL,USA,South,Paid Social,2025-08-09
2269,Charles,Green,charles.green2269@example.com,Tampa,FL,USA,South,Paid Social,2023-02-20
2270,Wei,Singh,wei.singh2270@example.com,Melbourne,VIC,Australia,International,Organic Search,2025-01-18
2271,Daniel,Martinez,daniel.martinez2271@example.com,London,,UK,International,Referral,2024-03-20
2272,Fatima,Chen,fatima.chen2272@example.com,Austin,TX,USA,South,Organic Search,2024-02-10
2273,Fatima,Hernandez,fatima.hernandez2273@example.com,Portland,OR,USA,West,Email Marketing,2026-01-30
2274,Matthew,Wang,matthew.wang2274@example.com,Manchester,,UK,International,Direct,2025-06-05
2275,Christopher,Wang,christopher.wang2275@example.com,Houston,TX,USA,South,Paid Social,2023-08-06
2276,Mei,Hill,mei.hill2276@example.com,Las Vegas,NV,USA,West,Direct,2023-10-17
2277,Isabella,Wilson,isabella.wilson2277@example.com,St. Louis,MO,USA,Midwest,Paid Social,2024-09-22
2278,Yuki,Kelly,yuki.kelly2278@example.com,Portland,OR,USA,West,Direct,2025-05-28
2279,Thomas,Zhang,thomas.zhang2279@example.com,Detroit,MI,USA,Midwest,Paid Social,2025-02-03
2280,Thomas,Kumar,thomas.kumar2280@example.com,Vancouver,BC,Canada,International,Referral,2023-05-10
2281,Jose,Nair,jose.nair2281@example.com,Denver,CO,USA,West,Organic Search,2024-10-30
2282,Wei,Kelly,wei.kelly2282@example.com,Las Vegas,NV,USA,West,Email Marketing,2026-02-10
2283,Jin,Diaz,jin.diaz2283@example.com,Charlotte,NC,USA,South,Email Marketing,2024-10-21
2284,Sandra,Hill,sandra.hill2284@example.com,London,,UK,International,Direct,2024-05-25
2285,Aiden,Johnson,aiden.johnson2285@example.com,Atlanta,GA,USA,South,Paid Social,2023-07-15
2286,Charles,Nguyen,charles.nguyen2286@example.com,Atlanta,GA,USA,South,Organic Search,2025-10-02
2287,Kavita,Jones,kavita.jones2287@example.com,Sacramento,CA,USA,West,Paid Social,2024-01-31
2288,Vikram,Hill,vikram.hill2288@example.com,Austin,TX,USA,South,Paid Social,2023-05-01
2289,Mark,Kelly,mark.kelly2289@example.com,New York,NY,USA,Northeast,Organic Search,2026-06-25
2290,Charles,Moore,charles.moore2290@example.com,Atlanta,GA,USA,South,Paid Social,2024-10-05
2291,Logan,Gonzalez,logan.gonzalez2291@example.com,Charlotte,NC,USA,South,Referral,2026-05-08
2292,Rajesh,Flores,rajesh.flores2292@example.com,Houston,TX,USA,South,Direct,2024-02-04
2293,Ethan,Jackson,ethan.jackson2293@example.com,Denver,CO,USA,West,Email Marketing,2025-05-16
2294,Mary,Martin,mary.martin2294@example.com,Boston,MA,USA,Northeast,Organic Search,2024-08-29
2295,Omar,Garcia,omar.garcia2295@example.com,Cleveland,OH,USA,Midwest,Paid Social,2023-10-30
2296,Ana,Yamamoto,ana.yamamoto2296@example.com,San Jose,CA,USA,West,Direct,2024-10-05
2297,Vikram,Mehta,vikram.mehta2297@example.com,Nashville,TN,USA,South,Organic Search,2026-05-27
2298,Christopher,Kim,christopher.kim2298@example.com,Dallas,TX,USA,South,Organic Search,2023-02-04
2299,Mei,Yamamoto,mei.yamamoto2299@example.com,Las Vegas,NV,USA,West,Paid Social,2024-10-07
2300,Ana,Yamamoto,ana.yamamoto2300@example.com,Los Angeles,CA,USA,West,Direct,2026-08-16
2301,Daniel,Sharma,daniel.sharma2301@example.com,Sydney,NSW,Australia,International,Email Marketing,2023-03-12
2302,Mei,Tanaka,mei.tanaka2302@example.com,Vancouver,BC,Canada,International,Organic Search,2025-11-13
2303,Thomas,Wang,thomas.wang2303@example.com,Phoenix,AZ,USA,West,Referral,2023-10-14
2304,Mason,Hernandez,mason.hernandez2304@example.com,Denver,CO,USA,West,Organic Search,2025-01-07
2305,Yuki,Garcia,yuki.garcia2305@example.com,St. Louis,MO,USA,Midwest,Paid Social,2023-05-23
2306,Harper,Brown,harper.brown2306@example.com,Raleigh,NC,USA,South,Paid Social,2025-03-21
2307,Barbara,Wilson,barbara.wilson2307@example.com,Sacramento,CA,USA,West,Organic Search,2024-06-18
2308,Linda,Wright,linda.wright2308@example.com,Toronto,ON,Canada,International,Organic Search,2026-08-09
2309,Mark,Chen,mark.chen2309@example.com,Chicago,IL,USA,Midwest,Organic Search,2024-04-21
2310,Sarah,Li,sarah.li2310@example.com,Atlanta,GA,USA,South,Organic Search,2026-07-23
2311,Robert,Li,robert.li2311@example.com,Detroit,MI,USA,Midwest,Paid Social,2025-04-29
2312,Jennifer,Gonzalez,jennifer.gonzalez2312@example.com,London,,UK,International,Organic Search,2024-04-15
2313,James,Gupta,james.gupta2313@example.com,Philadelphia,PA,USA,Northeast,Direct,2025-01-23
2314,Nancy,Reddy,nancy.reddy2314@example.com,Indianapolis,IN,USA,Midwest,Organic Search,2023-01-16
2315,Neha,Moore,neha.moore2315@example.com,Toronto,ON,Canada,International,Paid Social,2025-03-06
2316,Betty,Adams,betty.adams2316@example.com,Manchester,,UK,International,Organic Search,2024-02-05
2317,Rohan,Reddy,rohan.reddy2317@example.com,San Diego,CA,USA,West,Direct,2025-07-13
2318,Mia,Baker,mia.baker2318@example.com,Orlando,FL,USA,South,Organic Search,2023-08-19
2319,Susan,Green,susan.green2319@example.com,Indianapolis,IN,USA,Midwest,Organic Search,2026-03-13
2320,Sunita,Diaz,sunita.diaz2320@example.com,Indianapolis,IN,USA,Midwest,Email Marketing,2024-09-13
2321,Michael,Wright,michael.wright2321@example.com,Melbourne,VIC,Australia,International,Organic Search,2024-05-31
2322,Patricia,Martin,patricia.martin2322@example.com,New York,NY,USA,Northeast,Organic Search,2024-01-06
2323,Anthony,Wang,anthony.wang2323@example.com,Tampa,FL,USA,South,Direct,2025-07-26
2324,Nancy,Wang,nancy.wang2324@example.com,Las Vegas,NV,USA,West,Paid Social,2024-08-07
2325,Arjun,Jones,arjun.jones2325@example.com,Sydney,NSW,Australia,International,Organic Search,2023-01-01
2326,Michael,Smith,michael.smith2326@example.com,Nashville,TN,USA,South,Referral,2024-09-13
2327,Christopher,Miller,christopher.miller2327@example.com,Houston,TX,USA,South,Paid Social,2026-08-15
2328,Elena,Green,elena.green2328@example.com,Cleveland,OH,USA,Midwest,Organic Search,2025-05-05
2329,Sunita,Baker,sunita.baker2329@example.com,Chicago,IL,USA,Midwest,Email Marketing,2024-09-10
2330,Emma,Wilson,emma.wilson2330@example.com,San Diego,CA,USA,West,Referral,2023-03-04
2331,Aiden,Lopez,aiden.lopez2331@example.com,New York,NY,USA,Northeast,Organic Search,2024-04-25
2332,Kavita,Moore,kavita.moore2332@example.com,Los Angeles,CA,USA,West,Direct,2025-09-09
2333,Karen,Wilson,karen.wilson2333@example.com,Phoenix,AZ,USA,West,Paid Social,2025-02-11
2334,Isabella,Iyer,isabella.iyer2334@example.com,Kansas City,MO,USA,Midwest,Paid Social,2023-01-28
2335,Jennifer,Scott,jennifer.scott2335@example.com,Phoenix,AZ,USA,West,Referral,2024-07-29
2336,Sophia,Gonzalez,sophia.gonzalez2336@example.com,Nashville,TN,USA,South,Organic Search,2024-07-10
2337,Matthew,Thomas,matthew.thomas2337@example.com,Sacramento,CA,USA,West,Email Marketing,2026-08-24
2338,Chen,Yamamoto,chen.yamamoto2338@example.com,Baltimore,MD,USA,Northeast,Email Marketing,2023-04-07
2339,Barbara,Park,barbara.park2339@example.com,Cleveland,OH,USA,Midwest,Paid Social,2025-08-25
2340,Jose,Scott,jose.scott2340@example.com,Cleveland,OH,USA,Midwest,Direct,2026-01-12
2341,Hiroshi,Nair,hiroshi.nair2341@example.com,Columbus,OH,USA,Midwest,Direct,2025-02-01
2342,Hiroshi,Baker,hiroshi.baker2342@example.com,Detroit,MI,USA,Midwest,Organic Search,2025-10-09
2343,Sofia,Kumar,sofia.kumar2343@example.com,Pittsburgh,PA,USA,Northeast,Organic Search,2024-06-02
2344,Jin,Gupta,jin.gupta2344@example.com,Kansas City,MO,USA,Midwest,Paid Social,2026-01-09
2345,Nancy,Williams,nancy.williams2345@example.com,Miami,FL,USA,South,Paid Social,2026-07-04
2346,Yuki,Liu,yuki.liu2346@example.com,Melbourne,VIC,Australia,International,Email Marketing,2023-11-23
2347,Sarah,Wilson,sarah.wilson2347@example.com,Orlando,FL,USA,South,Organic Search,2025-05-08
2348,Ethan,Liu,ethan.liu2348@example.com,Chicago,IL,USA,Midwest,Paid Social,2026-03-24
2349,Nancy,Green,nancy.green2349@example.com,Seattle,WA,USA,West,Direct,2024-11-16
2350,Mei,Flores,mei.flores2350@example.com,Cleveland,OH,USA,Midwest,Paid Social,2025-03-19
2351,Fatima,Anderson,fatima.anderson2351@example.com,Vancouver,BC,Canada,International,Paid Social,2025-04-15
2352,Susan,Anderson,susan.anderson2352@example.com,Melbourne,VIC,Australia,International,Direct,2023-11-15
2353,Matthew,Hill,matthew.hill2353@example.com,New York,NY,USA,Northeast,Email Marketing,2025-10-30
2354,Isabella,Martinez,isabella.martinez2354@example.com,Phoenix,AZ,USA,West,Direct,2024-09-19
2355,Ahmed,Martin,ahmed.martin2355@example.com,Indianapolis,IN,USA,Midwest,Paid Social,2023-07-17
2356,Matthew,Johnson,matthew.johnson2356@example.com,Los Angeles,CA,USA,West,Organic Search,2023-09-05
2357,Elizabeth,Jones,elizabeth.jones2357@example.com,Boston,MA,USA,Northeast,Paid Social,2023-09-01
2358,Carlos,Scott,carlos.scott2358@example.com,Orlando,FL,USA,South,Organic Search,2026-05-08
2359,Luis,Kumar,luis.kumar2359@example.com,Indianapolis,IN,USA,Midwest,Organic Search,2026-06-22
2360,Sophia,Kelly,sophia.kelly2360@example.com,Sydney,NSW,Australia,International,Direct,2025-10-03
2361,Isabella,Sharma,isabella.sharma2361@example.com,Minneapolis,MN,USA,Midwest,Organic Search,2025-08-27
2362,Luis,Adams,luis.adams2362@example.com,Salt Lake City,UT,USA,West,Direct,2025-05-15
2363,Hiroshi,Torres,hiroshi.torres2363@example.com,Baltimore,MD,USA,Northeast,Referral,2025-02-17
2364,Lucas,Adams,lucas.adams2364@example.com,Philadelphia,PA,USA,Northeast,Paid Social,2026-01-18
2365,Arjun,Flores,arjun.flores2365@example.com,Melbourne,VIC,Australia,International,Referral,2025-07-20
2366,Yuki,Thomas,yuki.thomas2366@example.com,Manchester,,UK,International,Referral,2023-03-12
2367,Liam,Wilson,liam.wilson2367@example.com,Sydney,NSW,Australia,International,Paid Social,2023-01-22
2368,Patricia,Li,patricia.li2368@example.com,Sacramento,CA,USA,West,Organic Search,2024-01-07
2369,Luis,Liu,luis.liu2369@example.com,Houston,TX,USA,South,Organic Search,2023-08-29
2370,Lucas,Lopez,lucas.lopez2370@example.com,Sacramento,CA,USA,West,Organic Search,2023-11-30
2371,Jin,Iyer,jin.iyer2371@example.com,San Diego,CA,USA,West,Direct,2023-06-07
2372,Lucas,Thomas,lucas.thomas2372@example.com,New York,NY,USA,Northeast,Paid Social,2023-12-28
2373,Jennifer,Martin,jennifer.martin2373@example.com,Columbus,OH,USA,Midwest,Organic Search,2026-04-10
2374,Sandra,Hill,sandra.hill2374@example.com,Sacramento,CA,USA,West,Email Marketing,2023-08-26
2375,Sarah,Rodriguez,sarah.rodriguez2375@example.com,Manchester,,UK,International,Paid Social,2025-06-16
2376,Chen,Johnson,chen.johnson2376@example.com,Raleigh,NC,USA,South,Email Marketing,2025-01-24
2377,Susan,Nair,susan.nair2377@example.com,Las Vegas,NV,USA,West,Organic Search,2025-06-12
2378,Elena,Jones,elena.jones2378@example.com,Phoenix,AZ,USA,West,Organic Search,2025-01-02
2379,Ethan,Thomas,ethan.thomas2379@example.com,Dallas,TX,USA,South,Organic Search,2023-11-28
2380,Lisa,Scott,lisa.scott2380@example.com,Charlotte,NC,USA,South,Paid Social,2026-01-23
2381,Rohan,Chen,rohan.chen2381@example.com,Phoenix,AZ,USA,West,Referral,2024-01-15
2382,Joseph,Yamamoto,joseph.yamamoto2382@example.com,Chicago,IL,USA,Midwest,Organic Search,2023-10-29
2383,Fatima,Smith,fatima.smith2383@example.com,Cleveland,OH,USA,Midwest,Organic Search,2023-01-25
2384,Kavita,Kim,kavita.kim2384@example.com,Raleigh,NC,USA,South,Organic Search,2023-10-08
2385,Arjun,Chen,arjun.chen2385@example.com,Indianapolis,IN,USA,Midwest,Organic Search,2025-08-30
2386,Margaret,Miller,margaret.miller2386@example.com,Columbus,OH,USA,Midwest,Paid Social,2026-07-21
2387,Elizabeth,Martinez,elizabeth.martinez2387@example.com,Dallas,TX,USA,South,Email Marketing,2023-10-25
2388,David,Chen,david.chen2388@example.com,Milwaukee,WI,USA,Midwest,Referral,2023-05-29
2389,Arjun,Kelly,arjun.kelly2389@example.com,St. Louis,MO,USA,Midwest,Email Marketing,2025-01-10
2390,Rohan,Nair,rohan.nair2390@example.com,Houston,TX,USA,South,Direct,2023-03-29
2391,Fatima,Johnson,fatima.johnson2391@example.com,Charlotte,NC,USA,South,Direct,2025-02-04
2392,Mark,Green,mark.green2392@example.com,Dallas,TX,USA,South,Paid Social,2025-11-09
2393,Christopher,Thomas,christopher.thomas2393@example.com,Manchester,,UK,International,Paid Social,2025-10-15
2394,Chen,Park,chen.park2394@example.com,Los Angeles,CA,USA,West,Paid Social,2026-02-24
2395,Charles,Baker,charles.baker2395@example.com,Chicago,IL,USA,Midwest,Paid Social,2025-03-16
2396,Yuki,Martin,yuki.martin2396@example.com,Salt Lake City,UT,USA,West,Direct,2024-09-23
2397,Aiden,Li,aiden.li2397@example.com,Baltimore,MD,USA,Northeast,Paid Social,2026-04-22
2398,Sarah,Chen,sarah.chen2398@example.com,Miami,FL,USA,South,Organic Search,2025-09-29
2399,Logan,Zhang,logan.zhang2399@example.com,Sydney,NSW,Australia,International,Direct,2024-05-30
2400,Kavita,Jackson,kavita.jackson2400@example.com,Manchester,,UK,International,Paid Social,2024-10-03
2401,Mei,Thomas,mei.thomas2401@example.com,Vancouver,BC,Canada,International,Organic Search,2024-09-19
2402,Jin,Zhang,jin.zhang2402@example.com,St. Louis,MO,USA,Midwest,Organic Search,2026-05-09
2403,Matthew,Baker,matthew.baker2403@example.com,Sydney,NSW,Australia,International,Email Marketing,2023-10-13
2404,Rajesh,Gonzalez,rajesh.gonzalez2404@example.com,Cleveland,OH,USA,Midwest,Direct,2026-02-06
2405,Noah,Kim,noah.kim2405@example.com,Raleigh,NC,USA,South,Organic Search,2024-08-19
2406,Anthony,Park,anthony.park2406@example.com,Melbourne,VIC,Australia,International,Email Marketing,2024-01-10
2407,Isabella,Kumar,isabella.kumar2407@example.com,Denver,CO,USA,West,Paid Social,2024-07-08
2408,Emma,Liu,emma.liu2408@example.com,Miami,FL,USA,South,Organic Search,2026-05-26
2409,Jessica,Singh,jessica.singh2409@example.com,Toronto,ON,Canada,International,Referral,2023-01-07
2410,Ananya,Wang,ananya.wang2410@example.com,Kansas City,MO,USA,Midwest,Referral,2026-02-01
2411,Vikram,Li,vikram.li2411@example.com,Vancouver,BC,Canada,International,Paid Social,2024-06-28
2412,Elena,Kelly,elena.kelly2412@example.com,Baltimore,MD,USA,Northeast,Direct,2025-09-02
2413,Wei,Davis,wei.davis2413@example.com,Dallas,TX,USA,South,Organic Search,2025-01-10
2414,Michael,Williams,michael.williams2414@example.com,Phoenix,AZ,USA,West,Organic Search,2026-01-28
2415,Thomas,Miller,thomas.miller2415@example.com,Pittsburgh,PA,USA,Northeast,Organic Search,2026-03-06
2416,Joseph,Patel,joseph.patel2416@example.com,Sydney,NSW,Australia,International,Direct,2024-08-05
2417,Sandra,Anderson,sandra.anderson2417@example.com,Sydney,NSW,Australia,International,Direct,2024-06-30
2418,Carlos,Thomas,carlos.thomas2418@example.com,Austin,TX,USA,South,Organic Search,2026-04-11
2419,Mark,Hernandez,mark.hernandez2419@example.com,Tampa,FL,USA,South,Organic Search,2026-06-16
2420,Christopher,Garcia,christopher.garcia2420@example.com,Vancouver,BC,Canada,International,Direct,2024-07-06
2421,Jessica,Miller,jessica.miller2421@example.com,Denver,CO,USA,West,Email Marketing,2024-03-28
2422,Nancy,Lopez,nancy.lopez2422@example.com,Seattle,WA,USA,West,Organic Search,2023-01-07
2423,Amit,Iyer,amit.iyer2423@example.com,London,,UK,International,Email Marketing,2025-03-02
2424,Sandra,Miller,sandra.miller2424@example.com,Philadelphia,PA,USA,Northeast,Paid Social,2025-06-28
2425,Luis,Nguyen,luis.nguyen2425@example.com,Tampa,FL,USA,South,Organic Search,2024-07-10
2426,Lucas,Iyer,lucas.iyer2426@example.com,Raleigh,NC,USA,South,Paid Social,2023-02-12
2427,Luis,Rao,luis.rao2427@example.com,Manchester,,UK,International,Organic Search,2023-10-23
2428,Ana,Hernandez,ana.hernandez2428@example.com,Orlando,FL,USA,South,Organic Search,2024-10-05
2429,Vikram,Thomas,vikram.thomas2429@example.com,Detroit,MI,USA,Midwest,Email Marketing,2025-02-16
2430,Aiden,Johnson,aiden.johnson2430@example.com,Vancouver,BC,Canada,International,Organic Search,2023-05-13
2431,Robert,Singh,robert.singh2431@example.com,Vancouver,BC,Canada,International,Paid Social,2025-02-19
2432,Chen,Flores,chen.flores2432@example.com,Sacramento,CA,USA,West,Email Marketing,2023-07-03
2433,Hiroshi,Anderson,hiroshi.anderson2433@example.com,Nashville,TN,USA,South,Paid Social,2024-06-16
2434,Nancy,Anderson,nancy.anderson2434@example.com,London,,UK,International,Direct,2026-05-11
2435,Betty,Williams,betty.williams2435@example.com,Tampa,FL,USA,South,Paid Social,2024-04-13
2436,Christopher,Garcia,christopher.garcia2436@example.com,Sydney,NSW,Australia,International,Direct,2023-04-13
2437,Amelia,Taylor,amelia.taylor2437@example.com,Sacramento,CA,USA,West,Organic Search,2023-10-18
2438,Vikram,Lopez,vikram.lopez2438@example.com,Seattle,WA,USA,West,Paid Social,2023-12-08
2439,Sandra,Garcia,sandra.garcia2439@example.com,Sydney,NSW,Australia,International,Organic Search,2023-12-27
2440,Aiden,Iyer,aiden.iyer2440@example.com,San Jose,CA,USA,West,Organic Search,2024-02-05
2441,Elizabeth,Jones,elizabeth.jones2441@example.com,San Antonio,TX,USA,South,Organic Search,2024-01-02
2442,Noah,Yamamoto,noah.yamamoto2442@example.com,Cleveland,OH,USA,Midwest,Direct,2023-11-09
2443,Lisa,Thomas,lisa.thomas2443@example.com,New York,NY,USA,Northeast,Organic Search,2023-12-18
2444,Mia,Johnson,mia.johnson2444@example.com,Milwaukee,WI,USA,Midwest,Paid Social,2023-04-27
2445,Nancy,Brown,nancy.brown2445@example.com,Las Vegas,NV,USA,West,Organic Search,2023-09-28
2446,Jose,Tanaka,jose.tanaka2446@example.com,Nashville,TN,USA,South,Paid Social,2025-07-20
2447,Joseph,Hill,joseph.hill2447@example.com,Denver,CO,USA,West,Organic Search,2026-05-26
2448,David,Singh,david.singh2448@example.com,Dallas,TX,USA,South,Organic Search,2025-08-01
2449,Lucas,Torres,lucas.torres2449@example.com,Orlando,FL,USA,South,Paid Social,2025-04-07
2450,Noah,Wright,noah.wright2450@example.com,Raleigh,NC,USA,South,Paid Social,2026-05-25
2451,Ahmed,Adams,ahmed.adams2451@example.com,Boston,MA,USA,Northeast,Paid Social,2025-04-14
2452,Isabella,Rodriguez,isabella.rodriguez2452@example.com,Chicago,IL,USA,Midwest,Organic Search,2026-05-13
2453,Sunita,Davis,sunita.davis2453@example.com,Manchester,,UK,International,Email Marketing,2025-02-22
2454,Jose,Johnson,jose.johnson2454@example.com,Atlanta,GA,USA,South,Paid Social,2023-02-02
2455,Charles,Rao,charles.rao2455@example.com,London,,UK,International,Email Marketing,2023-10-14
2456,Sunita,Reddy,sunita.reddy2456@example.com,Denver,CO,USA,West,Organic Search,2024-04-10
2457,Ananya,Wang,ananya.wang2457@example.com,Orlando,FL,USA,South,Paid Social,2025-08-10
2458,Anthony,Mehta,anthony.mehta2458@example.com,Dallas,TX,USA,South,Paid Social,2023-04-16
2459,Charles,Kelly,charles.kelly2459@example.com,San Antonio,TX,USA,South,Organic Search,2023-04-19
2460,Luis,Wright,luis.wright2460@example.com,Pittsburgh,PA,USA,Northeast,Organic Search,2024-08-25
2461,Mia,Yamamoto,mia.yamamoto2461@example.com,Las Vegas,NV,USA,West,Organic Search,2025-09-08
2462,Jin,Gonzalez,jin.gonzalez2462@example.com,Portland,OR,USA,West,Referral,2023-12-06
2463,Richard,Martinez,richard.martinez2463@example.com,Toronto,ON,Canada,International,Organic Search,2023-02-20
2464,Mason,Kumar,mason.kumar2464@example.com,Los Angeles,CA,USA,West,Paid Social,2024-11-15
2465,Emma,Gupta,emma.gupta2465@example.com,Sydney,NSW,Australia,International,Organic Search,2025-01-23
2466,Mason,Kim,mason.kim2466@example.com,San Diego,CA,USA,West,Email Marketing,2025-09-25
2467,Mia,Williams,mia.williams2467@example.com,Toronto,ON,Canada,International,Direct,2026-03-05
2468,Karen,Singh,karen.singh2468@example.com,Miami,FL,USA,South,Direct,2025-06-19
2469,Kavita,Martinez,kavita.martinez2469@example.com,Austin,TX,USA,South,Direct,2024-02-07
2470,Luis,Moore,luis.moore2470@example.com,Orlando,FL,USA,South,Organic Search,2023-04-01
2471,Sarah,Gonzalez,sarah.gonzalez2471@example.com,St. Louis,MO,USA,Midwest,Paid Social,2025-05-05
2472,Karen,Iyer,karen.iyer2472@example.com,Toronto,ON,Canada,International,Paid Social,2024-03-07
2473,David,Hernandez,david.hernandez2473@example.com,Chicago,IL,USA,Midwest,Organic Search,2025-09-15
2474,Mark,Mehta,mark.mehta2474@example.com,San Jose,CA,USA,West,Referral,2025-10-07
2475,Emma,Patel,emma.patel2475@example.com,Sydney,NSW,Australia,International,Direct,2025-02-01
2476,Rohan,Tanaka,rohan.tanaka2476@example.com,Toronto,ON,Canada,International,Paid Social,2024-11-08
2477,Mei,Zhang,mei.zhang2477@example.com,Austin,TX,USA,South,Direct,2026-04-22
2478,Vikram,Park,vikram.park2478@example.com,Denver,CO,USA,West,Organic Search,2023-02-15
2479,Kavita,Patel,kavita.patel2479@example.com,Milwaukee,WI,USA,Midwest,Organic Search,2025-04-08
2480,Sunita,Taylor,sunita.taylor2480@example.com,San Antonio,TX,USA,South,Email Marketing,2026-02-10
2481,Mark,Thomas,mark.thomas2481@example.com,Kansas City,MO,USA,Midwest,Email Marketing,2023-07-21
2482,Ethan,Kumar,ethan.kumar2482@example.com,St. Louis,MO,USA,Midwest,Direct,2025-05-08
2483,Sunita,Garcia,sunita.garcia2483@example.com,Denver,CO,USA,West,Organic Search,2025-09-12
2484,David,Baker,david.baker2484@example.com,Atlanta,GA,USA,South,Referral,2023-04-27
2485,Chen,Martinez,chen.martinez2485@example.com,St. Louis,MO,USA,Midwest,Paid Social,2023-03-04
2486,Jose,Davis,jose.davis2486@example.com,Portland,OR,USA,West,Organic Search,2025-10-04
2487,Fatima,Kim,fatima.kim2487@example.com,Indianapolis,IN,USA,Midwest,Paid Social,2024-04-26
2488,Nancy,Patel,nancy.patel2488@example.com,San Jose,CA,USA,West,Direct,2026-04-30
2489,William,Miller,william.miller2489@example.com,Philadelphia,PA,USA,Northeast,Organic Search,2023-01-18
2490,Elena,Wang,elena.wang2490@example.com,Philadelphia,PA,USA,Northeast,Referral,2026-08-20
2491,Michael,Smith,michael.smith2491@example.com,Las Vegas,NV,USA,West,Organic Search,2023-10-01
2492,Maria,Torres,maria.torres2492@example.com,Minneapolis,MN,USA,Midwest,Direct,2023-06-29
2493,Amit,Patel,amit.patel2493@example.com,San Antonio,TX,USA,South,Organic Search,2026-04-08
2494,Jennifer,Nguyen,jennifer.nguyen2494@example.com,New York,NY,USA,Northeast,Email Marketing,2024-01-29
2495,Fatima,Wang,fatima.wang2495@example.com,San Antonio,TX,USA,South,Organic Search,2024-08-19
2496,Amelia,Jones,amelia.jones2496@example.com,Sydney,NSW,Australia,International,Organic Search,2023-05-14
2497,Rohan,Hernandez,rohan.hernandez2497@example.com,Milwaukee,WI,USA,Midwest,Organic Search,2026-05-27
2498,Neha,Williams,neha.williams2498@example.com,Orlando,FL,USA,South,Email Marketing,2023-11-30
2499,Liam,Gupta,liam.gupta2499@example.com,Milwaukee,WI,USA,Midwest,Organic Search,2025-04-01
2500,Priya,Martin,priya.martin2500@example.com,Atlanta,GA,USA,South,Organic Search,2025-08-02
2501,Karen,Williams,karen.williams2501@example.com,Philadelphia,PA,USA,Northeast,Organic Search,2023-08-30
2502,Liam,Rodriguez,liam.rodriguez2502@example.com,Austin,TX,USA,South,Direct,2024-08-01
2503,Wei,Kim,wei.kim2503@example.com,Denver,CO,USA,West,Direct,2025-06-10
2504,Sunita,Hill,sunita.hill2504@example.com,Indianapolis,IN,USA,Midwest,Email Marketing,2023-03-11
2505,Fatima,Gonzalez,fatima.gonzalez2505@example.com,Minneapolis,MN,USA,Midwest,Organic Search,2023-03-06
2506,Ananya,Singh,ananya.singh2506@example.com,Columbus,OH,USA,Midwest,Email Marketing,2025-08-07
2507,Fatima,Hill,fatima.hill2507@example.com,Atlanta,GA,USA,South,Paid Social,2024-10-31
2508,Elena,Scott,elena.scott2508@example.com,Atlanta,GA,USA,South,Referral,2026-03-06
2509,Lisa,Smith,lisa.smith2509@example.com,San Jose,CA,USA,West,Referral,2025-05-01
2510,Jin,Martinez,jin.martinez2510@example.com,Chicago,IL,USA,Midwest,Email Marketing,2024-05-06
2511,Isabella,Moore,isabella.moore2511@example.com,Charlotte,NC,USA,South,Direct,2025-05-05
2512,Mary,Kelly,mary.kelly2512@example.com,Cleveland,OH,USA,Midwest,Direct,2026-06-13
2513,James,Miller,james.miller2513@example.com,Las Vegas,NV,USA,West,Direct,2025-10-23
2514,Charles,Patel,charles.patel2514@example.com,Milwaukee,WI,USA,Midwest,Organic Search,2025-03-11
2515,Betty,Iyer,betty.iyer2515@example.com,Chicago,IL,USA,Midwest,Paid Social,2026-04-25
2516,Logan,Adams,logan.adams2516@example.com,Kansas City,MO,USA,Midwest,Organic Search,2024-11-12
2517,David,Chen,david.chen2517@example.com,St. Louis,MO,USA,Midwest,Referral,2026-05-31
2518,Wei,Kim,wei.kim2518@example.com,Seattle,WA,USA,West,Paid Social,2024-09-06
2519,John,Anderson,john.anderson2519@example.com,London,,UK,International,Organic Search,2024-06-27
2520,Sandra,Williams,sandra.williams2520@example.com,Seattle,WA,USA,West,Referral,2025-07-09
2521,James,Iyer,james.iyer2521@example.com,Houston,TX,USA,South,Referral,2024-07-14
2522,Harper,Nair,harper.nair2522@example.com,Los Angeles,CA,USA,West,Paid Social,2026-08-03
2523,Michael,Wang,michael.wang2523@example.com,London,,UK,International,Organic Search,2026-02-05
2524,Joseph,Thomas,joseph.thomas2524@example.com,Tampa,FL,USA,South,Paid Social,2024-11-03
2525,Betty,Smith,betty.smith2525@example.com,Pittsburgh,PA,USA,Northeast,Organic Search,2026-08-17
2526,Sophia,Johnson,sophia.johnson2526@example.com,San Antonio,TX,USA,South,Organic Search,2024-06-12
2527,Rajesh,Scott,rajesh.scott2527@example.com,Boston,MA,USA,Northeast,Paid Social,2025-05-23
2528,Christopher,Kumar,christopher.kumar2528@example.com,San Antonio,TX,USA,South,Direct,2024-08-14
2529,Harper,Diaz,harper.diaz2529@example.com,Toronto,ON,Canada,International,Direct,2023-06-06
2530,Jessica,Smith,jessica.smith2530@example.com,Denver,CO,USA,West,Organic Search,2024-07-07
2531,Joseph,Adams,joseph.adams2531@example.com,Sacramento,CA,USA,West,Organic Search,2025-10-21
2532,Logan,Mehta,logan.mehta2532@example.com,Milwaukee,WI,USA,Midwest,Organic Search,2026-06-12
2533,William,Gupta,william.gupta2533@example.com,Philadelphia,PA,USA,Northeast,Paid Social,2025-03-05
2534,Harper,Taylor,harper.taylor2534@example.com,Los Angeles,CA,USA,West,Referral,2026-06-24
2535,Barbara,Jones,barbara.jones2535@example.com,San Jose,CA,USA,West,Organic Search,2023-11-25
2536,Logan,Gonzalez,logan.gonzalez2536@example.com,Las Vegas,NV,USA,West,Referral,2026-07-17
2537,Yuki,Singh,yuki.singh2537@example.com,Pittsburgh,PA,USA,Northeast,Organic Search,2025-11-15
2538,Ahmed,Wilson,ahmed.wilson2538@example.com,San Jose,CA,USA,West,Organic Search,2026-07-29
2539,David,Green,david.green2539@example.com,Seattle,WA,USA,West,Email Marketing,2025-10-09
2540,Emma,Singh,emma.singh2540@example.com,Atlanta,GA,USA,South,Direct,2024-02-12
2541,John,Rao,john.rao2541@example.com,Charlotte,NC,USA,South,Organic Search,2024-12-28
2542,Jose,Wright,jose.wright2542@example.com,Miami,FL,USA,South,Paid Social,2023-01-16
2543,Noah,Garcia,noah.garcia2543@example.com,Dallas,TX,USA,South,Email Marketing,2026-05-02
2544,Joseph,Kim,joseph.kim2544@example.com,Dallas,TX,USA,South,Paid Social,2026-02-07
2545,Yuki,Davis,yuki.davis2545@example.com,Sydney,NSW,Australia,International,Email Marketing,2026-07-30
2546,Amit,Liu,amit.liu2546@example.com,Pittsburgh,PA,USA,Northeast,Organic Search,2023-08-07
2547,Sunita,Scott,sunita.scott2547@example.com,Dallas,TX,USA,South,Direct,2025-02-16
2548,Vikram,Patel,vikram.patel2548@example.com,St. Louis,MO,USA,Midwest,Referral,2025-12-23
2549,Isabella,Martin,isabella.martin2549@example.com,Portland,OR,USA,West,Paid Social,2023-02-23
2550,Mei,Lopez,mei.lopez2550@example.com,Philadelphia,PA,USA,Northeast,Email Marketing,2025-12-11
2551,Richard,Kumar,richard.kumar2551@example.com,San Diego,CA,USA,West,Organic Search,2024-06-25
2552,Wei,Davis,wei.davis2552@example.com,Columbus,OH,USA,Midwest,Paid Social,2026-04-07
2553,Sandra,Brown,sandra.brown2553@example.com,Nashville,TN,USA,South,Organic Search,2026-01-31
2554,William,Hill,william.hill2554@example.com,Toronto,ON,Canada,International,Referral,2026-01-23
2555,Sunita,Miller,sunita.miller2555@example.com,Orlando,FL,USA,South,Direct,2023-03-25
2556,Omar,Garcia,omar.garcia2556@example.com,Miami,FL,USA,South,Organic Search,2023-04-17
2557,Richard,Kim,richard.kim2557@example.com,New York,NY,USA,Northeast,Organic Search,2025-09-03
2558,Maria,Reddy,maria.reddy2558@example.com,Salt Lake City,UT,USA,West,Organic Search,2023-11-22
2559,Arjun,Garcia,arjun.garcia2559@example.com,Miami,FL,USA,South,Organic Search,2026-08-21
2560,Susan,Kelly,susan.kelly2560@example.com,Los Angeles,CA,USA,West,Paid Social,2023-09-17
2561,Mia,Thomas,mia.thomas2561@example.com,St. Louis,MO,USA,Midwest,Organic Search,2025-12-07
2562,Matthew,Wang,matthew.wang2562@example.com,Toronto,ON,Canada,International,Organic Search,2025-05-30
2563,Luis,Gonzalez,luis.gonzalez2563@example.com,Raleigh,NC,USA,South,Organic Search,2023-10-06
2564,Sofia,Kim,sofia.kim2564@example.com,Detroit,MI,USA,Midwest,Organic Search,2026-06-16
2565,Jessica,Hill,jessica.hill2565@example.com,St. Louis,MO,USA,Midwest,Organic Search,2026-05-24
2566,Joseph,Reddy,joseph.reddy2566@example.com,London,,UK,International,Organic Search,2024-06-02
2567,Lisa,Wright,lisa.wright2567@example.com,London,,UK,International,Organic Search,2024-05-24
2568,Jennifer,Anderson,jennifer.anderson2568@example.com,Denver,CO,USA,West,Direct,2023-05-28
2569,Sarah,Wilson,sarah.wilson2569@example.com,Nashville,TN,USA,South,Referral,2026-03-22
2570,Anthony,Hill,anthony.hill2570@example.com,San Diego,CA,USA,West,Email Marketing,2023-01-29
2571,Yuki,Wilson,yuki.wilson2571@example.com,Sacramento,CA,USA,West,Organic Search,2026-08-20
2572,Jose,Sharma,jose.sharma2572@example.com,St. Louis,MO,USA,Midwest,Paid Social,2025-11-28
2573,Olivia,Scott,olivia.scott2573@example.com,Charlotte,NC,USA,South,Email Marketing,2023-10-26
2574,Carlos,Gonzalez,carlos.gonzalez2574@example.com,Denver,CO,USA,West,Paid Social,2024-07-14
2575,Ananya,Smith,ananya.smith2575@example.com,Pittsburgh,PA,USA,Northeast,Paid Social,2023-05-06
2576,Linda,Green,linda.green2576@example.com,Kansas City,MO,USA,Midwest,Paid Social,2024-02-22
2577,Neha,Martinez,neha.martinez2577@example.com,Detroit,MI,USA,Midwest,Organic Search,2025-05-22
2578,Aiden,Adams,aiden.adams2578@example.com,Raleigh,NC,USA,South,Organic Search,2025-07-19
2579,Mark,Rao,mark.rao2579@example.com,Charlotte,NC,USA,South,Direct,2024-07-18
2580,Luis,Moore,luis.moore2580@example.com,San Jose,CA,USA,West,Paid Social,2025-06-16
2581,Robert,Baker,robert.baker2581@example.com,Denver,CO,USA,West,Direct,2025-02-26
2582,Mia,Wright,mia.wright2582@example.com,Austin,TX,USA,South,Organic Search,2025-01-29
2583,Richard,Moore,richard.moore2583@example.com,Raleigh,NC,USA,South,Email Marketing,2025-04-06
2584,Susan,Thomas,susan.thomas2584@example.com,Detroit,MI,USA,Midwest,Organic Search,2024-05-15
2585,Amelia,Lopez,amelia.lopez2585@example.com,Melbourne,VIC,Australia,International,Paid Social,2025-12-18
2586,Robert,Sharma,robert.sharma2586@example.com,Toronto,ON,Canada,International,Paid Social,2024-11-29
2587,Matthew,Lopez,matthew.lopez2587@example.com,San Antonio,TX,USA,South,Direct,2025-05-20
2588,Kavita,Kim,kavita.kim2588@example.com,Charlotte,NC,USA,South,Direct,2026-05-17
2589,Carlos,Miller,carlos.miller2589@example.com,Tampa,FL,USA,South,Paid Social,2024-02-06
2590,Mei,Williams,mei.williams2590@example.com,Miami,FL,USA,South,Paid Social,2024-05-08
2591,Isabella,Anderson,isabella.anderson2591@example.com,Pittsburgh,PA,USA,Northeast,Referral,2023-02-03
2592,Susan,Tanaka,susan.tanaka2592@example.com,Dallas,TX,USA,South,Organic Search,2023-03-31
2593,Sofia,Liu,sofia.liu2593@example.com,Phoenix,AZ,USA,West,Organic Search,2026-01-28
2594,Sarah,Anderson,sarah.anderson2594@example.com,Indianapolis,IN,USA,Midwest,Organic Search,2023-07-18
2595,Mary,Kim,mary.kim2595@example.com,St. Louis,MO,USA,Midwest,Organic Search,2024-07-28
2596,Liam,Wilson,liam.wilson2596@example.com,Philadelphia,PA,USA,Northeast,Paid Social,2024-04-29
2597,Barbara,Taylor,barbara.taylor2597@example.com,Manchester,,UK,International,Paid Social,2026-07-12
2598,Priya,Williams,priya.williams2598@example.com,Las Vegas,NV,USA,West,Direct,2026-01-13
2599,James,Wang,james.wang2599@example.com,Indianapolis,IN,USA,Midwest,Email Marketing,2024-11-08
2600,Ethan,Kim,ethan.kim2600@example.com,Seattle,WA,USA,West,Referral,2024-07-22
2601,Hiroshi,Gupta,hiroshi.gupta2601@example.com,Sacramento,CA,USA,West,Paid Social,2023-12-03
2602,Richard,Kelly,richard.kelly2602@example.com,Vancouver,BC,Canada,International,Organic Search,2024-07-17
2603,Christopher,Anderson,christopher.anderson2603@example.com,Chicago,IL,USA,Midwest,Direct,2024-02-06
2604,Betty,Rodriguez,betty.rodriguez2604@example.com,Detroit,MI,USA,Midwest,Paid Social,2025-07-09
2605,Sarah,Williams,sarah.williams2605@example.com,San Diego,CA,USA,West,Direct,2024-02-23
2606,Sunita,Torres,sunita.torres2606@example.com,Pittsburgh,PA,USA,Northeast,Organic Search,2023-05-10
2607,Christopher,Chen,christopher.chen2607@example.com,Tampa,FL,USA,South,Organic Search,2025-02-06
2608,Daniel,Torres,daniel.torres2608@example.com,St. Louis,MO,USA,Midwest,Organic Search,2023-11-19
2609,Karen,Nair,karen.nair2609@example.com,San Antonio,TX,USA,South,Paid Social,2023-12-07
2610,Mason,Hill,mason.hill2610@example.com,Toronto,ON,Canada,International,Email Marketing,2025-12-23
2611,Jin,Rao,jin.rao2611@example.com,San Jose,CA,USA,West,Email Marketing,2026-05-02
2612,Margaret,Rao,margaret.rao2612@example.com,Pittsburgh,PA,USA,Northeast,Organic Search,2025-06-30
2613,Rohan,Park,rohan.park2613@example.com,Indianapolis,IN,USA,Midwest,Referral,2023-02-11
2614,Rajesh,Singh,rajesh.singh2614@example.com,Salt Lake City,UT,USA,West,Paid Social,2023-07-06
2615,Joseph,Diaz,joseph.diaz2615@example.com,Dallas,TX,USA,South,Email Marketing,2024-04-15
2616,Logan,Davis,logan.davis2616@example.com,Toronto,ON,Canada,International,Paid Social,2026-08-23
2617,Sarah,Brown,sarah.brown2617@example.com,Raleigh,NC,USA,South,Organic Search,2024-04-19
2618,Priya,Brown,priya.brown2618@example.com,Milwaukee,WI,USA,Midwest,Email Marketing,2026-01-18
2619,Priya,Liu,priya.liu2619@example.com,Toronto,ON,Canada,International,Organic Search,2025-12-11
2620,Rohan,Taylor,rohan.taylor2620@example.com,Miami,FL,USA,South,Paid Social,2024-01-01
2621,Lucas,Wilson,lucas.wilson2621@example.com,Dallas,TX,USA,South,Email Marketing,2024-03-27
2622,Barbara,Zhang,barbara.zhang2622@example.com,Austin,TX,USA,South,Direct,2023-05-27
2623,Harper,Garcia,harper.garcia2623@example.com,Atlanta,GA,USA,South,Paid Social,2024-07-19
2624,Yuki,Johnson,yuki.johnson2624@example.com,Chicago,IL,USA,Midwest,Direct,2023-02-25
2625,Patricia,Flores,patricia.flores2625@example.com,Los Angeles,CA,USA,West,Organic Search,2023-12-04
2626,William,Garcia,william.garcia2626@example.com,Charlotte,NC,USA,South,Paid Social,2023-07-21
2627,Logan,Wright,logan.wright2627@example.com,Cleveland,OH,USA,Midwest,Organic Search,2026-07-15
2628,Patricia,Flores,patricia.flores2628@example.com,Austin,TX,USA,South,Referral,2024-10-02
2629,Joseph,Li,joseph.li2629@example.com,Detroit,MI,USA,Midwest,Direct,2024-06-18
2630,Harper,Martinez,harper.martinez2630@example.com,Manchester,,UK,International,Direct,2026-01-10
2631,Lucas,Zhang,lucas.zhang2631@example.com,Phoenix,AZ,USA,West,Organic Search,2024-08-14
2632,Jennifer,Sharma,jennifer.sharma2632@example.com,Tampa,FL,USA,South,Paid Social,2025-11-04
2633,Patricia,Williams,patricia.williams2633@example.com,Manchester,,UK,International,Organic Search,2024-06-19
2634,Ana,Gupta,ana.gupta2634@example.com,Melbourne,VIC,Australia,International,Paid Social,2025-01-10
2635,Vikram,Zhang,vikram.zhang2635@example.com,Austin,TX,USA,South,Paid Social,2026-02-27
2636,Sofia,Martinez,sofia.martinez2636@example.com,Nashville,TN,USA,South,Paid Social,2024-10-20
2637,Michael,Kumar,michael.kumar2637@example.com,Portland,OR,USA,West,Email Marketing,2026-03-27
2638,Jennifer,Yamamoto,jennifer.yamamoto2638@example.com,Chicago,IL,USA,Midwest,Direct,2023-04-19
2639,Priya,Nair,priya.nair2639@example.com,Manchester,,UK,International,Email Marketing,2026-02-17
2640,Carlos,Johnson,carlos.johnson2640@example.com,Sydney,NSW,Australia,International,Direct,2025-12-12
2641,David,Brown,david.brown2641@example.com,Nashville,TN,USA,South,Email Marketing,2023-09-08
2642,Ananya,Zhang,ananya.zhang2642@example.com,San Diego,CA,USA,West,Email Marketing,2025-12-19
2643,Rohan,Kelly,rohan.kelly2643@example.com,Boston,MA,USA,Northeast,Referral,2026-08-11
2644,Aiden,Wang,aiden.wang2644@example.com,Denver,CO,USA,West,Paid Social,2025-02-13
2645,Matthew,Zhang,matthew.zhang2645@example.com,Phoenix,AZ,USA,West,Paid Social,2024-05-11
2646,David,Martinez,david.martinez2646@example.com,Orlando,FL,USA,South,Direct,2024-08-27
2647,Mason,Tanaka,mason.tanaka2647@example.com,Portland,OR,USA,West,Paid Social,2023-11-21
2648,Omar,Adams,omar.adams2648@example.com,Dallas,TX,USA,South,Paid Social,2025-12-18
2649,Susan,Martin,susan.martin2649@example.com,Boston,MA,USA,Northeast,Organic Search,2023-03-25
2650,Rajesh,Kelly,rajesh.kelly2650@example.com,Tampa,FL,USA,South,Organic Search,2025-02-04
2651,Jennifer,Lopez,jennifer.lopez2651@example.com,Orlando,FL,USA,South,Email Marketing,2025-01-25
2652,Lisa,Jackson,lisa.jackson2652@example.com,Charlotte,NC,USA,South,Referral,2023-02-17
2653,Aiden,Singh,aiden.singh2653@example.com,Portland,OR,USA,West,Paid Social,2024-07-27
2654,Mia,Tanaka,mia.tanaka2654@example.com,Raleigh,NC,USA,South,Paid Social,2023-02-16
2655,Susan,Kumar,susan.kumar2655@example.com,Denver,CO,USA,West,Paid Social,2025-10-22
2656,Vikram,Patel,vikram.patel2656@example.com,Dallas,TX,USA,South,Paid Social,2023-05-07
2657,Yuki,Williams,yuki.williams2657@example.com,Detroit,MI,USA,Midwest,Direct,2023-04-28
2658,Rajesh,Thomas,rajesh.thomas2658@example.com,Indianapolis,IN,USA,Midwest,Referral,2024-03-03
2659,Carlos,Gonzalez,carlos.gonzalez2659@example.com,Raleigh,NC,USA,South,Organic Search,2024-10-07
2660,Jessica,Reddy,jessica.reddy2660@example.com,Seattle,WA,USA,West,Email Marketing,2023-07-29
2661,Emma,Zhang,emma.zhang2661@example.com,Kansas City,MO,USA,Midwest,Direct,2023-09-11
2662,Betty,Thomas,betty.thomas2662@example.com,London,,UK,International,Organic Search,2024-02-10
2663,Sarah,Reddy,sarah.reddy2663@example.com,Atlanta,GA,USA,South,Referral,2023-03-22
2664,John,Flores,john.flores2664@example.com,Phoenix,AZ,USA,West,Referral,2026-06-07
2665,Isabella,Adams,isabella.adams2665@example.com,Atlanta,GA,USA,South,Referral,2023-07-15
2666,Ethan,Nair,ethan.nair2666@example.com,Toronto,ON,Canada,International,Direct,2025-12-10
2667,Mary,Lopez,mary.lopez2667@example.com,Indianapolis,IN,USA,Midwest,Email Marketing,2023-03-02
2668,Jin,Baker,jin.baker2668@example.com,St. Louis,MO,USA,Midwest,Organic Search,2023-09-19
2669,Amelia,Smith,amelia.smith2669@example.com,Denver,CO,USA,West,Direct,2024-11-14
2670,Isabella,Taylor,isabella.taylor2670@example.com,Detroit,MI,USA,Midwest,Email Marketing,2026-05-05
2671,Omar,Smith,omar.smith2671@example.com,Sydney,NSW,Australia,International,Direct,2025-03-13
2672,Hiroshi,Rodriguez,hiroshi.rodriguez2672@example.com,Houston,TX,USA,South,Organic Search,2026-05-21
2673,Jessica,Zhang,jessica.zhang2673@example.com,Melbourne,VIC,Australia,International,Direct,2024-08-10
2674,Rajesh,Anderson,rajesh.anderson2674@example.com,Seattle,WA,USA,West,Paid Social,2025-09-04
2675,Patricia,Kim,patricia.kim2675@example.com,Dallas,TX,USA,South,Direct,2025-04-14
2676,Christopher,Wilson,christopher.wilson2676@example.com,Manchester,,UK,International,Direct,2023-10-30
2677,Liam,Moore,liam.moore2677@example.com,Miami,FL,USA,South,Organic Search,2023-06-07
2678,John,Diaz,john.diaz2678@example.com,Detroit,MI,USA,Midwest,Organic Search,2026-01-02
2679,Jennifer,Kumar,jennifer.kumar2679@example.com,Melbourne,VIC,Australia,International,Organic Search,2024-11-22
2680,Fatima,Iyer,fatima.iyer2680@example.com,Pittsburgh,PA,USA,Northeast,Referral,2023-04-05
2681,Richard,Davis,richard.davis2681@example.com,Dallas,TX,USA,South,Paid Social,2023-02-06
2682,Matthew,Brown,matthew.brown2682@example.com,Raleigh,NC,USA,South,Email Marketing,2025-01-09
2683,Barbara,Adams,barbara.adams2683@example.com,Los Angeles,CA,USA,West,Paid Social,2025-07-22
2684,Margaret,Miller,margaret.miller2684@example.com,Columbus,OH,USA,Midwest,Direct,2024-06-04
2685,Carlos,Brown,carlos.brown2685@example.com,Pittsburgh,PA,USA,Northeast,Paid Social,2024-01-11
2686,Susan,Wang,susan.wang2686@example.com,Melbourne,VIC,Australia,International,Email Marketing,2025-05-19
2687,Charles,Nguyen,charles.nguyen2687@example.com,Indianapolis,IN,USA,Midwest,Referral,2024-06-24
2688,Jennifer,Davis,jennifer.davis2688@example.com,Denver,CO,USA,West,Organic Search,2026-02-09
2689,Amelia,Rao,amelia.rao2689@example.com,Charlotte,NC,USA,South,Paid Social,2024-05-01
2690,Amelia,Rodriguez,amelia.rodriguez2690@example.com,St. Louis,MO,USA,Midwest,Organic Search,2024-04-23
2691,Jessica,Brown,jessica.brown2691@example.com,San Antonio,TX,USA,South,Direct,2025-07-13
2692,Robert,Park,robert.park2692@example.com,Houston,TX,USA,South,Paid Social,2026-03-02
2693,David,Jackson,david.jackson2693@example.com,Detroit,MI,USA,Midwest,Paid Social,2023-02-02
2694,Liam,Taylor,liam.taylor2694@example.com,London,,UK,International,Email Marketing,2025-04-05
2695,Omar,Baker,omar.baker2695@example.com,Sydney,NSW,Australia,International,Paid Social,2025-02-08
2696,Rajesh,Yamamoto,rajesh.yamamoto2696@example.com,Manchester,,UK,International,Direct,2025-07-23
2697,Mason,Jackson,mason.jackson2697@example.com,Austin,TX,USA,South,Paid Social,2025-01-19
2698,Arjun,Martinez,arjun.martinez2698@example.com,Miami,FL,USA,South,Paid Social,2024-08-25
2699,Ethan,Martin,ethan.martin2699@example.com,Vancouver,BC,Canada,International,Direct,2024-02-03
2700,Matthew,Miller,matthew.miller2700@example.com,Columbus,OH,USA,Midwest,Email Marketing,2024-04-01
2701,Charles,Baker,charles.baker2701@example.com,Pittsburgh,PA,USA,Northeast,Paid Social,2026-02-20
2702,Linda,Nair,linda.nair2702@example.com,Sydney,NSW,Australia,International,Direct,2026-02-16
2703,Fatima,Kelly,fatima.kelly2703@example.com,San Diego,CA,USA,West,Paid Social,2025-05-05
2704,Patricia,Wright,patricia.wright2704@example.com,Sacramento,CA,USA,West,Organic Search,2024-03-18
2705,Sandra,Zhang,sandra.zhang2705@example.com,Manchester,,UK,International,Organic Search,2026-05-18
2706,Arjun,Zhang,arjun.zhang2706@example.com,Dallas,TX,USA,South,Direct,2026-02-23
2707,Neha,Smith,neha.smith2707@example.com,Minneapolis,MN,USA,Midwest,Referral,2023-08-30
2708,Chen,Patel,chen.patel2708@example.com,Los Angeles,CA,USA,West,Paid Social,2023-10-29
2709,Carlos,Liu,carlos.liu2709@example.com,Austin,TX,USA,South,Paid Social,2024-06-28
2710,Ana,Tanaka,ana.tanaka2710@example.com,Tampa,FL,USA,South,Paid Social,2026-07-14
2711,Margaret,Smith,margaret.smith2711@example.com,Toronto,ON,Canada,International,Paid Social,2025-05-22
2712,Charles,Baker,charles.baker2712@example.com,Charlotte,NC,USA,South,Email Marketing,2024-10-04
2713,Jessica,Taylor,jessica.taylor2713@example.com,Charlotte,NC,USA,South,Direct,2025-03-27
2714,Priya,Kim,priya.kim2714@example.com,Portland,OR,USA,West,Email Marketing,2024-07-10
2715,Jennifer,Johnson,jennifer.johnson2715@example.com,San Jose,CA,USA,West,Paid Social,2024-04-03
2716,Mia,Iyer,mia.iyer2716@example.com,Manchester,,UK,International,Paid Social,2025-03-08
2717,Linda,Davis,linda.davis2717@example.com,Tampa,FL,USA,South,Paid Social,2023-06-03
2718,Matthew,Nguyen,matthew.nguyen2718@example.com,Miami,FL,USA,South,Email Marketing,2023-02-22
2719,David,Singh,david.singh2719@example.com,Raleigh,NC,USA,South,Organic Search,2026-08-20
2720,Rajesh,Kelly,rajesh.kelly2720@example.com,Manchester,,UK,International,Organic Search,2024-10-20
2721,Sofia,Baker,sofia.baker2721@example.com,Columbus,OH,USA,Midwest,Email Marketing,2025-12-04
2722,Olivia,Wright,olivia.wright2722@example.com,St. Louis,MO,USA,Midwest,Direct,2023-04-14
2723,Mark,Kelly,mark.kelly2723@example.com,Nashville,TN,USA,South,Organic Search,2025-10-11
2724,Neha,Reddy,neha.reddy2724@example.com,San Jose,CA,USA,West,Organic Search,2025-07-08
2725,Ahmed,Adams,ahmed.adams2725@example.com,St. Louis,MO,USA,Midwest,Direct,2026-05-06
2726,Robert,Yamamoto,robert.yamamoto2726@example.com,Philadelphia,PA,USA,Northeast,Direct,2025-10-04
2727,Aiden,Singh,aiden.singh2727@example.com,Houston,TX,USA,South,Referral,2026-03-03
2728,David,Baker,david.baker2728@example.com,Boston,MA,USA,Northeast,Organic Search,2025-12-09
2729,Rohan,Jones,rohan.jones2729@example.com,Charlotte,NC,USA,South,Organic Search,2025-07-18
2730,Thomas,Sharma,thomas.sharma2730@example.com,Minneapolis,MN,USA,Midwest,Direct,2023-12-17
2731,Ahmed,Miller,ahmed.miller2731@example.com,Kansas City,MO,USA,Midwest,Paid Social,2023-06-12
2732,Anthony,Hernandez,anthony.hernandez2732@example.com,San Antonio,TX,USA,South,Organic Search,2023-12-01
2733,Joseph,Anderson,joseph.anderson2733@example.com,Pittsburgh,PA,USA,Northeast,Organic Search,2025-11-17
2734,Wei,Rodriguez,wei.rodriguez2734@example.com,Kansas City,MO,USA,Midwest,Paid Social,2026-03-20
2735,Ana,Davis,ana.davis2735@example.com,Charlotte,NC,USA,South,Organic Search,2023-06-02
2736,Harper,Jackson,harper.jackson2736@example.com,Portland,OR,USA,West,Organic Search,2023-04-11
2737,Nancy,Kim,nancy.kim2737@example.com,Atlanta,GA,USA,South,Organic Search,2025-03-21
2738,Jennifer,Miller,jennifer.miller2738@example.com,Pittsburgh,PA,USA,Northeast,Organic Search,2023-04-19
2739,Anthony,Torres,anthony.torres2739@example.com,Boston,MA,USA,Northeast,Email Marketing,2025-03-26
2740,Susan,Martinez,susan.martinez2740@example.com,Kansas City,MO,USA,Midwest,Direct,2025-10-20
2741,Nancy,Lopez,nancy.lopez2741@example.com,Phoenix,AZ,USA,West,Organic Search,2023-11-27
2742,Lucas,Kim,lucas.kim2742@example.com,Salt Lake City,UT,USA,West,Email Marketing,2023-07-29
2743,Rohan,Zhang,rohan.zhang2743@example.com,St. Louis,MO,USA,Midwest,Organic Search,2026-01-23
2744,Lucas,Flores,lucas.flores2744@example.com,Manchester,,UK,International,Paid Social,2025-05-22
2745,Sandra,Liu,sandra.liu2745@example.com,Denver,CO,USA,West,Email Marketing,2025-11-21
2746,Wei,Nair,wei.nair2746@example.com,Los Angeles,CA,USA,West,Organic Search,2026-03-18
2747,Robert,Wang,robert.wang2747@example.com,London,,UK,International,Paid Social,2026-07-27
2748,Jessica,Mehta,jessica.mehta2748@example.com,Las Vegas,NV,USA,West,Direct,2025-04-04
2749,Isabella,Thomas,isabella.thomas2749@example.com,Orlando,FL,USA,South,Paid Social,2023-10-28
2750,Mary,Kumar,mary.kumar2750@example.com,New York,NY,USA,Northeast,Paid Social,2023-10-22
2751,Nancy,Lopez,nancy.lopez2751@example.com,Seattle,WA,USA,West,Direct,2024-11-02
2752,Barbara,Reddy,barbara.reddy2752@example.com,Cleveland,OH,USA,Midwest,Organic Search,2024-11-17
2753,Liam,Miller,liam.miller2753@example.com,Boston,MA,USA,Northeast,Paid Social,2023-11-04
2754,Mason,Wright,mason.wright2754@example.com,Columbus,OH,USA,Midwest,Organic Search,2026-03-14
2755,Fatima,Mehta,fatima.mehta2755@example.com,Manchester,,UK,International,Referral,2026-02-15
2756,Kavita,Thomas,kavita.thomas2756@example.com,Pittsburgh,PA,USA,Northeast,Direct,2026-01-14
2757,Harper,Johnson,harper.johnson2757@example.com,San Jose,CA,USA,West,Organic Search,2023-03-19
2758,John,Park,john.park2758@example.com,Seattle,WA,USA,West,Direct,2026-01-15
2759,Ananya,Li,ananya.li2759@example.com,Detroit,MI,USA,Midwest,Direct,2024-09-02
2760,Yuki,Green,yuki.green2760@example.com,Sydney,NSW,Australia,International,Paid Social,2026-07-13
2761,William,Jackson,william.jackson2761@example.com,Minneapolis,MN,USA,Midwest,Paid Social,2026-01-22
2762,John,Diaz,john.diaz2762@example.com,Sacramento,CA,USA,West,Organic Search,2024-01-02
2763,Harper,Reddy,harper.reddy2763@example.com,Sacramento,CA,USA,West,Paid Social,2024-02-06
2764,Lisa,Johnson,lisa.johnson2764@example.com,Sydney,NSW,Australia,International,Paid Social,2025-02-18
2765,David,Flores,david.flores2765@example.com,Melbourne,VIC,Australia,International,Direct,2025-08-02
2766,Logan,Wang,logan.wang2766@example.com,Tampa,FL,USA,South,Paid Social,2026-07-01
2767,Chen,Li,chen.li2767@example.com,Baltimore,MD,USA,Northeast,Direct,2023-11-12
2768,Thomas,Sharma,thomas.sharma2768@example.com,Raleigh,NC,USA,South,Paid Social,2025-10-08
2769,John,Wright,john.wright2769@example.com,Salt Lake City,UT,USA,West,Organic Search,2025-12-09
2770,Lisa,Torres,lisa.torres2770@example.com,Melbourne,VIC,Australia,International,Email Marketing,2025-01-25
2771,Kavita,Johnson,kavita.johnson2771@example.com,Cleveland,OH,USA,Midwest,Direct,2025-03-10
2772,Jin,Torres,jin.torres2772@example.com,Kansas City,MO,USA,Midwest,Paid Social,2023-03-04
2773,Nancy,Moore,nancy.moore2773@example.com,Salt Lake City,UT,USA,West,Organic Search,2024-12-02
2774,Kavita,Taylor,kavita.taylor2774@example.com,Columbus,OH,USA,Midwest,Referral,2025-03-16
2775,Fatima,Gonzalez,fatima.gonzalez2775@example.com,Dallas,TX,USA,South,Paid Social,2026-06-06
2776,Arjun,Kelly,arjun.kelly2776@example.com,Dallas,TX,USA,South,Direct,2026-03-25
2777,Fatima,Anderson,fatima.anderson2777@example.com,Charlotte,NC,USA,South,Paid Social,2026-03-18
2778,Yuki,Reddy,yuki.reddy2778@example.com,San Jose,CA,USA,West,Organic Search,2024-11-02
2779,Yuki,Flores,yuki.flores2779@example.com,Las Vegas,NV,USA,West,Organic Search,2024-12-04
2780,Nancy,Reddy,nancy.reddy2780@example.com,London,,UK,International,Organic Search,2024-03-31
2781,Jose,Miller,jose.miller2781@example.com,Seattle,WA,USA,West,Email Marketing,2025-10-30
2782,Fatima,Kumar,fatima.kumar2782@example.com,Cleveland,OH,USA,Midwest,Organic Search,2026-08-15
2783,Rohan,Singh,rohan.singh2783@example.com,Toronto,ON,Canada,International,Organic Search,2026-06-03
2784,Lucas,Baker,lucas.baker2784@example.com,Detroit,MI,USA,Midwest,Email Marketing,2024-04-04
2785,Amit,Kelly,amit.kelly2785@example.com,Sydney,NSW,Australia,International,Organic Search,2025-11-15
2786,Elizabeth,Davis,elizabeth.davis2786@example.com,Las Vegas,NV,USA,West,Direct,2023-12-04
2787,Mason,Hill,mason.hill2787@example.com,Miami,FL,USA,South,Direct,2024-07-05
2788,Barbara,Kumar,barbara.kumar2788@example.com,Indianapolis,IN,USA,Midwest,Paid Social,2023-06-30
2789,Emma,Miller,emma.miller2789@example.com,Atlanta,GA,USA,South,Email Marketing,2024-02-19
2790,Daniel,Kumar,daniel.kumar2790@example.com,Sydney,NSW,Australia,International,Email Marketing,2025-05-09
2791,Amelia,Miller,amelia.miller2791@example.com,Denver,CO,USA,West,Email Marketing,2025-07-05
2792,Jennifer,Johnson,jennifer.johnson2792@example.com,Sydney,NSW,Australia,International,Organic Search,2023-11-03
2793,Susan,Jackson,susan.jackson2793@example.com,Philadelphia,PA,USA,Northeast,Organic Search,2024-12-25
2794,Luis,Nguyen,luis.nguyen2794@example.com,Raleigh,NC,USA,South,Referral,2023-09-07
2795,Amelia,Chen,amelia.chen2795@example.com,Toronto,ON,Canada,International,Organic Search,2023-09-27
2796,James,Moore,james.moore2796@example.com,Cleveland,OH,USA,Midwest,Organic Search,2025-11-19
2797,Hiroshi,Reddy,hiroshi.reddy2797@example.com,San Jose,CA,USA,West,Email Marketing,2024-11-08
2798,Elena,Nair,elena.nair2798@example.com,Houston,TX,USA,South,Referral,2026-04-10
2799,Liam,Liu,liam.liu2799@example.com,Sacramento,CA,USA,West,Organic Search,2023-12-10
2800,Yuki,Li,yuki.li2800@example.com,Miami,FL,USA,South,Referral,2024-07-26
2801,Yuki,Flores,yuki.flores2801@example.com,London,,UK,International,Paid Social,2025-01-14
2802,Wei,Hill,wei.hill2802@example.com,Sydney,NSW,Australia,International,Organic Search,2025-10-25
2803,Jessica,Garcia,jessica.garcia2803@example.com,Pittsburgh,PA,USA,Northeast,Referral,2023-02-22
2804,James,Williams,james.williams2804@example.com,Chicago,IL,USA,Midwest,Organic Search,2024-09-20
2805,Sandra,Kim,sandra.kim2805@example.com,Seattle,WA,USA,West,Organic Search,2024-04-29
2806,Joseph,Sharma,joseph.sharma2806@example.com,Atlanta,GA,USA,South,Organic Search,2023-01-12
2807,Sophia,Williams,sophia.williams2807@example.com,Raleigh,NC,USA,South,Organic Search,2026-07-20
2808,Lisa,Torres,lisa.torres2808@example.com,San Antonio,TX,USA,South,Organic Search,2024-08-05
2809,Amelia,Nguyen,amelia.nguyen2809@example.com,Tampa,FL,USA,South,Paid Social,2026-06-23
2810,Lucas,Martinez,lucas.martinez2810@example.com,Baltimore,MD,USA,Northeast,Referral,2024-03-30
2811,Olivia,Flores,olivia.flores2811@example.com,Detroit,MI,USA,Midwest,Direct,2023-11-03
2812,Thomas,Kumar,thomas.kumar2812@example.com,Milwaukee,WI,USA,Midwest,Referral,2023-12-10
2813,Neha,Wilson,neha.wilson2813@example.com,Phoenix,AZ,USA,West,Paid Social,2023-12-21
2814,Susan,Green,susan.green2814@example.com,Dallas,TX,USA,South,Organic Search,2023-05-09
2815,Charles,Wright,charles.wright2815@example.com,New York,NY,USA,Northeast,Direct,2026-07-02
2816,Ana,Green,ana.green2816@example.com,New York,NY,USA,Northeast,Email Marketing,2025-11-30
2817,Rohan,Wang,rohan.wang2817@example.com,San Jose,CA,USA,West,Organic Search,2026-02-06
2818,Patricia,Liu,patricia.liu2818@example.com,San Jose,CA,USA,West,Direct,2025-04-07
2819,Barbara,Scott,barbara.scott2819@example.com,Kansas City,MO,USA,Midwest,Organic Search,2024-01-06
2820,Sophia,Mehta,sophia.mehta2820@example.com,Atlanta,GA,USA,South,Organic Search,2025-01-13
2821,Kavita,Chen,kavita.chen2821@example.com,Dallas,TX,USA,South,Paid Social,2026-03-15
2822,Mei,Martinez,mei.martinez2822@example.com,Sydney,NSW,Australia,International,Organic Search,2025-07-17
2823,Priya,Flores,priya.flores2823@example.com,San Antonio,TX,USA,South,Paid Social,2026-01-30
2824,Olivia,Davis,olivia.davis2824@example.com,Las Vegas,NV,USA,West,Organic Search,2025-07-25
2825,Betty,Rao,betty.rao2825@example.com,Indianapolis,IN,USA,Midwest,Referral,2026-04-08
2826,Patricia,Sharma,patricia.sharma2826@example.com,Columbus,OH,USA,Midwest,Organic Search,2026-03-26
2827,Margaret,Green,margaret.green2827@example.com,St. Louis,MO,USA,Midwest,Email Marketing,2023-07-26
2828,Mei,Scott,mei.scott2828@example.com,London,,UK,International,Organic Search,2024-09-12
2829,Charles,Thomas,charles.thomas2829@example.com,San Jose,CA,USA,West,Organic Search,2025-01-14
2830,Arjun,Tanaka,arjun.tanaka2830@example.com,Salt Lake City,UT,USA,West,Organic Search,2026-02-12
2831,Kavita,Nair,kavita.nair2831@example.com,San Diego,CA,USA,West,Paid Social,2026-08-13
2832,Isabella,Anderson,isabella.anderson2832@example.com,San Jose,CA,USA,West,Email Marketing,2024-08-16
2833,Robert,Tanaka,robert.tanaka2833@example.com,Miami,FL,USA,South,Organic Search,2024-06-03
2834,Isabella,Nguyen,isabella.nguyen2834@example.com,San Diego,CA,USA,West,Organic Search,2025-07-04
2835,Olivia,Smith,olivia.smith2835@example.com,Columbus,OH,USA,Midwest,Paid Social,2025-06-20
2836,Linda,Patel,linda.patel2836@example.com,Denver,CO,USA,West,Direct,2026-05-05
2837,Amelia,Wang,amelia.wang2837@example.com,San Diego,CA,USA,West,Organic Search,2024-10-31
2838,Mason,Thomas,mason.thomas2838@example.com,Dallas,TX,USA,South,Organic Search,2023-07-21
2839,Maria,Reddy,maria.reddy2839@example.com,Houston,TX,USA,South,Paid Social,2023-12-21
2840,Jennifer,Taylor,jennifer.taylor2840@example.com,Toronto,ON,Canada,International,Paid Social,2025-08-11
2841,Ethan,Tanaka,ethan.tanaka2841@example.com,Sacramento,CA,USA,West,Paid Social,2024-03-07
2842,Jose,Scott,jose.scott2842@example.com,Milwaukee,WI,USA,Midwest,Paid Social,2024-04-29
2843,Fatima,Brown,fatima.brown2843@example.com,Chicago,IL,USA,Midwest,Organic Search,2024-07-23
2844,Priya,Singh,priya.singh2844@example.com,Philadelphia,PA,USA,Northeast,Email Marketing,2026-03-21
2845,Emma,Jones,emma.jones2845@example.com,Minneapolis,MN,USA,Midwest,Email Marketing,2023-11-30
2846,Barbara,Johnson,barbara.johnson2846@example.com,Austin,TX,USA,South,Direct,2023-12-09
2847,Hiroshi,Scott,hiroshi.scott2847@example.com,Los Angeles,CA,USA,West,Organic Search,2024-02-12
2848,Mia,Gonzalez,mia.gonzalez2848@example.com,Houston,TX,USA,South,Direct,2024-02-07
2849,Omar,Chen,omar.chen2849@example.com,Philadelphia,PA,USA,Northeast,Organic Search,2026-04-30
2850,Joseph,Martinez,joseph.martinez2850@example.com,Orlando,FL,USA,South,Organic Search,2023-11-06
2851,Joseph,Wilson,joseph.wilson2851@example.com,San Jose,CA,USA,West,Organic Search,2025-07-31
2852,Sarah,Brown,sarah.brown2852@example.com,San Diego,CA,USA,West,Direct,2023-07-02
2853,Ana,Reddy,ana.reddy2853@example.com,San Antonio,TX,USA,South,Organic Search,2024-01-06
2854,John,Rao,john.rao2854@example.com,Dallas,TX,USA,South,Direct,2025-12-19
2855,Arjun,Gonzalez,arjun.gonzalez2855@example.com,Sydney,NSW,Australia,International,Direct,2024-03-14
2856,Matthew,Iyer,matthew.iyer2856@example.com,Tampa,FL,USA,South,Organic Search,2026-01-03
2857,Daniel,Mehta,daniel.mehta2857@example.com,Portland,OR,USA,West,Direct,2023-08-01
2858,Neha,Lopez,neha.lopez2858@example.com,San Antonio,TX,USA,South,Organic Search,2023-02-16
2859,Fatima,Kelly,fatima.kelly2859@example.com,Raleigh,NC,USA,South,Organic Search,2024-11-21
2860,Mei,Rodriguez,mei.rodriguez2860@example.com,Austin,TX,USA,South,Direct,2025-02-08
2861,Matthew,Diaz,matthew.diaz2861@example.com,Cleveland,OH,USA,Midwest,Referral,2024-12-17
2862,David,Green,david.green2862@example.com,New York,NY,USA,Northeast,Email Marketing,2024-03-15
2863,Hiroshi,Rodriguez,hiroshi.rodriguez2863@example.com,London,,UK,International,Paid Social,2023-02-04
2864,Sandra,Mehta,sandra.mehta2864@example.com,San Diego,CA,USA,West,Organic Search,2024-01-26
2865,Carlos,Yamamoto,carlos.yamamoto2865@example.com,Atlanta,GA,USA,South,Paid Social,2025-03-04
2866,Thomas,Wilson,thomas.wilson2866@example.com,Los Angeles,CA,USA,West,Organic Search,2023-06-03
2867,Karen,Johnson,karen.johnson2867@example.com,Austin,TX,USA,South,Referral,2023-04-21
2868,Maria,Nguyen,maria.nguyen2868@example.com,San Jose,CA,USA,West,Paid Social,2026-02-15
2869,Linda,Hernandez,linda.hernandez2869@example.com,Manchester,,UK,International,Direct,2025-06-26
2870,William,Iyer,william.iyer2870@example.com,Pittsburgh,PA,USA,Northeast,Email Marketing,2023-02-15
2871,Thomas,Rodriguez,thomas.rodriguez2871@example.com,Detroit,MI,USA,Midwest,Paid Social,2023-08-08
2872,Rohan,Hernandez,rohan.hernandez2872@example.com,Melbourne,VIC,Australia,International,Direct,2024-03-30
2873,Neha,Williams,neha.williams2873@example.com,Denver,CO,USA,West,Organic Search,2023-02-04
2874,Ahmed,Wang,ahmed.wang2874@example.com,Vancouver,BC,Canada,International,Referral,2026-08-03
2875,Elena,Martin,elena.martin2875@example.com,Sydney,NSW,Australia,International,Organic Search,2025-06-25
2876,Hiroshi,Kumar,hiroshi.kumar2876@example.com,Detroit,MI,USA,Midwest,Paid Social,2023-12-20
2877,Ananya,Chen,ananya.chen2877@example.com,San Antonio,TX,USA,South,Organic Search,2024-05-29
2878,James,Davis,james.davis2878@example.com,Chicago,IL,USA,Midwest,Paid Social,2023-08-31
2879,Mia,Davis,mia.davis2879@example.com,Chicago,IL,USA,Midwest,Organic Search,2025-04-24
2880,Richard,Rao,richard.rao2880@example.com,Orlando,FL,USA,South,Organic Search,2023-07-04
2881,Elena,Zhang,elena.zhang2881@example.com,Chicago,IL,USA,Midwest,Paid Social,2025-11-24
2882,Maria,Rao,maria.rao2882@example.com,San Antonio,TX,USA,South,Organic Search,2023-03-04
2883,Susan,Patel,susan.patel2883@example.com,Houston,TX,USA,South,Paid Social,2024-02-05
2884,Sofia,Rao,sofia.rao2884@example.com,San Antonio,TX,USA,South,Organic Search,2025-08-04
2885,Jin,Garcia,jin.garcia2885@example.com,Houston,TX,USA,South,Email Marketing,2024-08-12
2886,Amelia,Moore,amelia.moore2886@example.com,Baltimore,MD,USA,Northeast,Organic Search,2025-03-31
2887,Betty,Johnson,betty.johnson2887@example.com,Los Angeles,CA,USA,West,Paid Social,2024-01-08
2888,Amelia,Torres,amelia.torres2888@example.com,Minneapolis,MN,USA,Midwest,Paid Social,2025-05-29
2889,Isabella,Johnson,isabella.johnson2889@example.com,Indianapolis,IN,USA,Midwest,Organic Search,2023-01-12
2890,Betty,Park,betty.park2890@example.com,Orlando,FL,USA,South,Organic Search,2025-06-19
2891,Chen,Reddy,chen.reddy2891@example.com,Pittsburgh,PA,USA,Northeast,Email Marketing,2023-06-11
2892,David,Zhang,david.zhang2892@example.com,Denver,CO,USA,West,Email Marketing,2025-08-30
2893,Linda,Moore,linda.moore2893@example.com,Orlando,FL,USA,South,Paid Social,2023-07-25
2894,Jin,Kelly,jin.kelly2894@example.com,London,,UK,International,Organic Search,2023-05-19
2895,Michael,Rao,michael.rao2895@example.com,London,,UK,International,Paid Social,2025-08-15
2896,Ananya,Williams,ananya.williams2896@example.com,Los Angeles,CA,USA,West,Direct,2024-06-21
2897,Harper,Baker,harper.baker2897@example.com,Toronto,ON,Canada,International,Organic Search,2026-02-26
2898,Kavita,Tanaka,kavita.tanaka2898@example.com,New York,NY,USA,Northeast,Organic Search,2023-05-15
2899,Daniel,Williams,daniel.williams2899@example.com,Boston,MA,USA,Northeast,Direct,2025-10-24
2900,Sunita,Wright,sunita.wright2900@example.com,Manchester,,UK,International,Email Marketing,2025-03-19
2901,Amelia,Wang,amelia.wang2901@example.com,Melbourne,VIC,Australia,International,Organic Search,2023-05-14
2902,Olivia,Torres,olivia.torres2902@example.com,San Diego,CA,USA,West,Email Marketing,2025-02-21
2903,Rajesh,Miller,rajesh.miller2903@example.com,St. Louis,MO,USA,Midwest,Email Marketing,2023-07-23
2904,Lucas,Jackson,lucas.jackson2904@example.com,Houston,TX,USA,South,Paid Social,2026-03-15
2905,Sandra,Lopez,sandra.lopez2905@example.com,Atlanta,GA,USA,South,Paid Social,2024-03-07
2906,Mia,Scott,mia.scott2906@example.com,London,,UK,International,Direct,2026-04-08
2907,Joseph,Nguyen,joseph.nguyen2907@example.com,Sacramento,CA,USA,West,Email Marketing,2023-05-18
2908,Rohan,Hernandez,rohan.hernandez2908@example.com,Pittsburgh,PA,USA,Northeast,Email Marketing,2023-10-13
2909,Noah,Brown,noah.brown2909@example.com,Milwaukee,WI,USA,Midwest,Paid Social,2026-01-12
2910,Susan,Garcia,susan.garcia2910@example.com,St. Louis,MO,USA,Midwest,Organic Search,2023-11-21
2911,Patricia,Kelly,patricia.kelly2911@example.com,Melbourne,VIC,Australia,International,Organic Search,2026-01-22
2912,William,Thomas,william.thomas2912@example.com,Cleveland,OH,USA,Midwest,Direct,2026-06-13
2913,Ethan,Baker,ethan.baker2913@example.com,London,,UK,International,Paid Social,2023-10-28
2914,William,Rao,william.rao2914@example.com,Los Angeles,CA,USA,West,Direct,2026-01-05
2915,Rajesh,Scott,rajesh.scott2915@example.com,Milwaukee,WI,USA,Midwest,Organic Search,2023-05-25
2916,Ahmed,Taylor,ahmed.taylor2916@example.com,Portland,OR,USA,West,Paid Social,2023-11-26
2917,Liam,Gupta,liam.gupta2917@example.com,Raleigh,NC,USA,South,Paid Social,2024-04-22
2918,Olivia,Li,olivia.li2918@example.com,Cleveland,OH,USA,Midwest,Paid Social,2023-01-24
2919,Linda,Johnson,linda.johnson2919@example.com,Boston,MA,USA,Northeast,Paid Social,2025-05-07
2920,Aiden,Scott,aiden.scott2920@example.com,Philadelphia,PA,USA,Northeast,Email Marketing,2024-01-04
2921,Ana,Tanaka,ana.tanaka2921@example.com,Philadelphia,PA,USA,Northeast,Organic Search,2025-04-05
2922,William,Hernandez,william.hernandez2922@example.com,Milwaukee,WI,USA,Midwest,Email Marketing,2026-04-24
2923,Nancy,Park,nancy.park2923@example.com,Pittsburgh,PA,USA,Northeast,Paid Social,2025-10-30
2924,Fatima,Kim,fatima.kim2924@example.com,Las Vegas,NV,USA,West,Direct,2023-04-13
2925,Carlos,Anderson,carlos.anderson2925@example.com,San Diego,CA,USA,West,Organic Search,2023-07-01
2926,Elena,Davis,elena.davis2926@example.com,Minneapolis,MN,USA,Midwest,Paid Social,2025-10-09
2927,Arjun,Lopez,arjun.lopez2927@example.com,Baltimore,MD,USA,Northeast,Organic Search,2026-02-06
2928,Jin,Flores,jin.flores2928@example.com,Tampa,FL,USA,South,Paid Social,2025-07-31
2929,Fatima,Lopez,fatima.lopez2929@example.com,Detroit,MI,USA,Midwest,Direct,2026-05-23
2930,Neha,Nguyen,neha.nguyen2930@example.com,Tampa,FL,USA,South,Paid Social,2024-05-24
2931,Elena,Johnson,elena.johnson2931@example.com,Nashville,TN,USA,South,Paid Social,2024-10-01
2932,Olivia,Smith,olivia.smith2932@example.com,Austin,TX,USA,South,Paid Social,2023-07-29
2933,Christopher,Gupta,christopher.gupta2933@example.com,London,,UK,International,Direct,2026-07-14
2934,Harper,Liu,harper.liu2934@example.com,Dallas,TX,USA,South,Organic Search,2026-03-21
2935,Mark,Moore,mark.moore2935@example.com,Salt Lake City,UT,USA,West,Paid Social,2025-10-24
2936,Jennifer,Iyer,jennifer.iyer2936@example.com,Dallas,TX,USA,South,Referral,2025-03-20
2937,Amelia,Rao,amelia.rao2937@example.com,Manchester,,UK,International,Paid Social,2025-05-20
2938,David,Garcia,david.garcia2938@example.com,Portland,OR,USA,West,Organic Search,2023-08-20
2939,Arjun,Gupta,arjun.gupta2939@example.com,Manchester,,UK,International,Direct,2023-12-01
2940,Anthony,Hill,anthony.hill2940@example.com,St. Louis,MO,USA,Midwest,Organic Search,2024-03-12
2941,Sofia,Smith,sofia.smith2941@example.com,Miami,FL,USA,South,Organic Search,2024-05-24
2942,Ananya,Sharma,ananya.sharma2942@example.com,Toronto,ON,Canada,International,Paid Social,2025-03-31
2943,Robert,Hernandez,robert.hernandez2943@example.com,Cleveland,OH,USA,Midwest,Email Marketing,2024-07-24
2944,Isabella,Martinez,isabella.martinez2944@example.com,Boston,MA,USA,Northeast,Organic Search,2023-07-19
2945,John,Gonzalez,john.gonzalez2945@example.com,Detroit,MI,USA,Midwest,Organic Search,2026-03-07
2946,David,Chen,david.chen2946@example.com,Las Vegas,NV,USA,West,Email Marketing,2023-05-14
2947,Thomas,Diaz,thomas.diaz2947@example.com,Boston,MA,USA,Northeast,Direct,2026-03-19
2948,Jennifer,Liu,jennifer.liu2948@example.com,Salt Lake City,UT,USA,West,Referral,2023-01-06
2949,Noah,Yamamoto,noah.yamamoto2949@example.com,Austin,TX,USA,South,Organic Search,2023-06-13
2950,Sofia,Zhang,sofia.zhang2950@example.com,San Antonio,TX,USA,South,Email Marketing,2024-10-30
2951,Fatima,Kelly,fatima.kelly2951@example.com,Tampa,FL,USA,South,Referral,2026-01-23
2952,Logan,Nguyen,logan.nguyen2952@example.com,Denver,CO,USA,West,Direct,2026-04-06
2953,Olivia,Martin,olivia.martin2953@example.com,Milwaukee,WI,USA,Midwest,Paid Social,2024-10-01
2954,Barbara,Sharma,barbara.sharma2954@example.com,Miami,FL,USA,South,Direct,2024-10-04
2955,Michael,Davis,michael.davis2955@example.com,San Diego,CA,USA,West,Direct,2026-05-11
2956,Linda,Torres,linda.torres2956@example.com,Las Vegas,NV,USA,West,Referral,2024-05-19
2957,Ana,Diaz,ana.diaz2957@example.com,Chicago,IL,USA,Midwest,Paid Social,2023-05-25
2958,Elena,Torres,elena.torres2958@example.com,Houston,TX,USA,South,Organic Search,2026-05-05
2959,Fatima,Wilson,fatima.wilson2959@example.com,St. Louis,MO,USA,Midwest,Organic Search,2025-04-21
2960,Thomas,Miller,thomas.miller2960@example.com,Milwaukee,WI,USA,Midwest,Paid Social,2024-11-02
2961,Linda,Singh,linda.singh2961@example.com,Baltimore,MD,USA,Northeast,Organic Search,2023-02-20
2962,Sunita,Rodriguez,sunita.rodriguez2962@example.com,Portland,OR,USA,West,Paid Social,2026-04-03
2963,Michael,Jackson,michael.jackson2963@example.com,Tampa,FL,USA,South,Referral,2024-07-15
2964,Chen,Iyer,chen.iyer2964@example.com,Baltimore,MD,USA,Northeast,Paid Social,2024-10-31
2965,Rohan,Hernandez,rohan.hernandez2965@example.com,New York,NY,USA,Northeast,Email Marketing,2024-09-28
2966,Maria,Wang,maria.wang2966@example.com,Sacramento,CA,USA,West,Organic Search,2023-03-01
2967,Amit,Baker,amit.baker2967@example.com,Atlanta,GA,USA,South,Referral,2024-01-29
2968,Patricia,Iyer,patricia.iyer2968@example.com,Dallas,TX,USA,South,Organic Search,2025-01-26
2969,Ahmed,Singh,ahmed.singh2969@example.com,Dallas,TX,USA,South,Email Marketing,2024-01-13
2970,Yuki,Diaz,yuki.diaz2970@example.com,Detroit,MI,USA,Midwest,Organic Search,2025-03-23
2971,Hiroshi,Anderson,hiroshi.anderson2971@example.com,Houston,TX,USA,South,Organic Search,2025-05-21
2972,Lisa,Davis,lisa.davis2972@example.com,Columbus,OH,USA,Midwest,Organic Search,2024-01-06
2973,Liam,Iyer,liam.iyer2973@example.com,Las Vegas,NV,USA,West,Direct,2025-08-28
2974,Sarah,Adams,sarah.adams2974@example.com,Atlanta,GA,USA,South,Direct,2025-03-10
2975,William,Lopez,william.lopez2975@example.com,Nashville,TN,USA,South,Direct,2023-07-24
2976,Ethan,Taylor,ethan.taylor2976@example.com,Salt Lake City,UT,USA,West,Email Marketing,2026-08-02
2977,Linda,Smith,linda.smith2977@example.com,Salt Lake City,UT,USA,West,Organic Search,2025-08-29
2978,Fatima,Chen,fatima.chen2978@example.com,Baltimore,MD,USA,Northeast,Referral,2023-09-19
2979,William,Lopez,william.lopez2979@example.com,Vancouver,BC,Canada,International,Direct,2025-01-03
2980,Mary,Moore,mary.moore2980@example.com,Sacramento,CA,USA,West,Organic Search,2025-04-16
2981,Nancy,Kelly,nancy.kelly2981@example.com,Pittsburgh,PA,USA,Northeast,Organic Search,2023-08-16
2982,Michael,Wilson,michael.wilson2982@example.com,Raleigh,NC,USA,South,Organic Search,2025-09-07
2983,Chen,Gupta,chen.gupta2983@example.com,London,,UK,International,Direct,2025-12-26
2984,Hiroshi,Kelly,hiroshi.kelly2984@example.com,San Jose,CA,USA,West,Paid Social,2024-06-26
2985,Daniel,Martin,daniel.martin2985@example.com,Dallas,TX,USA,South,Organic Search,2026-02-15
2986,Sandra,Li,sandra.li2986@example.com,Atlanta,GA,USA,South,Email Marketing,2025-01-11
2987,Kavita,Brown,kavita.brown2987@example.com,Chicago,IL,USA,Midwest,Direct,2025-05-29
2988,Jose,Jackson,jose.jackson2988@example.com,Kansas City,MO,USA,Midwest,Organic Search,2023-10-26
2989,Elizabeth,Davis,elizabeth.davis2989@example.com,Dallas,TX,USA,South,Referral,2023-11-12
2990,Liam,Jackson,liam.jackson2990@example.com,Salt Lake City,UT,USA,West,Direct,2025-10-03
2991,William,Rao,william.rao2991@example.com,Sacramento,CA,USA,West,Email Marketing,2025-03-26
2992,Arjun,Scott,arjun.scott2992@example.com,Detroit,MI,USA,Midwest,Direct,2023-12-07
2993,Patricia,Gonzalez,patricia.gonzalez2993@example.com,Toronto,ON,Canada,International,Paid Social,2023-12-14
2994,Aiden,Gupta,aiden.gupta2994@example.com,New York,NY,USA,Northeast,Direct,2023-05-05
2995,David,Park,david.park2995@example.com,Tampa,FL,USA,South,Referral,2023-03-27
2996,Matthew,Williams,matthew.williams2996@example.com,Tampa,FL,USA,South,Direct,2024-04-15
2997,Harper,Li,harper.li2997@example.com,Austin,TX,USA,South,Organic Search,2024-04-14
2998,Sandra,Martin,sandra.martin2998@example.com,New York,NY,USA,Northeast,Organic Search,2026-07-23
2999,Mia,Jones,mia.jones2999@example.com,Orlando,FL,USA,South,Paid Social,2025-10-31
3000,David,Iyer,david.iyer3000@example.com,Minneapolis,MN,USA,Midwest,Referral,2024-07-25
3001,Maria,Taylor,maria.taylor3001@example.com,Boston,MA,USA,Northeast,Paid Social,2025-12-24
3002,Logan,Kumar,logan.kumar3002@example.com,Phoenix,AZ,USA,West,Paid Social,2026-06-22
3003,Susan,Smith,susan.smith3003@example.com,Atlanta,GA,USA,South,Organic Search,2026-05-05
3004,Logan,Mehta,logan.mehta3004@example.com,Milwaukee,WI,USA,Midwest,Paid Social,2024-06-07
3005,Luis,Nguyen,luis.nguyen3005@example.com,Vancouver,BC,Canada,International,Paid Social,2026-04-15
3006,Karen,Adams,karen.adams3006@example.com,Manchester,,UK,International,Organic Search,2024-10-06
3007,Sarah,Chen,sarah.chen3007@example.com,San Antonio,TX,USA,South,Organic Search,2025-07-09
3008,Ananya,Singh,ananya.singh3008@example.com,Seattle,WA,USA,West,Organic Search,2023-07-03
3009,Harper,Green,harper.green3009@example.com,Tampa,FL,USA,South,Direct,2023-12-25
3010,Anthony,Yamamoto,anthony.yamamoto3010@example.com,Seattle,WA,USA,West,Direct,2023-11-30
3011,Priya,Tanaka,priya.tanaka3011@example.com,San Antonio,TX,USA,South,Organic Search,2023-08-19
3012,Isabella,Johnson,isabella.johnson3012@example.com,Orlando,FL,USA,South,Referral,2023-11-18
3013,Anthony,Lopez,anthony.lopez3013@example.com,Raleigh,NC,USA,South,Email Marketing,2023-04-12
3014,Margaret,Hernandez,margaret.hernandez3014@example.com,Austin,TX,USA,South,Organic Search,2023-08-28
3015,Sandra,Lopez,sandra.lopez3015@example.com,New York,NY,USA,Northeast,Organic Search,2025-12-05
3016,Chen,Singh,chen.singh3016@example.com,San Diego,CA,USA,West,Organic Search,2023-03-03
3017,Sophia,Hill,sophia.hill3017@example.com,Tampa,FL,USA,South,Organic Search,2026-01-26
3018,Rajesh,Gonzalez,rajesh.gonzalez3018@example.com,Cleveland,OH,USA,Midwest,Paid Social,2023-07-10
3019,Priya,Yamamoto,priya.yamamoto3019@example.com,Detroit,MI,USA,Midwest,Referral,2026-08-23
3020,William,Kim,william.kim3020@example.com,Milwaukee,WI,USA,Midwest,Direct,2025-09-15
3021,Sarah,Gonzalez,sarah.gonzalez3021@example.com,Atlanta,GA,USA,South,Organic Search,2026-04-20
3022,Richard,Williams,richard.williams3022@example.com,New York,NY,USA,Northeast,Organic Search,2023-02-04
3023,Ahmed,Lopez,ahmed.lopez3023@example.com,New York,NY,USA,Northeast,Paid Social,2024-07-25
3024,Ana,Rao,ana.rao3024@example.com,Phoenix,AZ,USA,West,Organic Search,2023-04-05
3025,Luis,Iyer,luis.iyer3025@example.com,Nashville,TN,USA,South,Organic Search,2023-01-27
3026,Fatima,Kumar,fatima.kumar3026@example.com,Portland,OR,USA,West,Email Marketing,2023-07-04
3027,Mark,Jackson,mark.jackson3027@example.com,New York,NY,USA,Northeast,Email Marketing,2026-01-14
3028,Ahmed,Nguyen,ahmed.nguyen3028@example.com,London,,UK,International,Organic Search,2026-06-20
3029,Mason,Nguyen,mason.nguyen3029@example.com,New York,NY,USA,Northeast,Paid Social,2026-02-24
3030,Chen,Nair,chen.nair3030@example.com,Toronto,ON,Canada,International,Organic Search,2026-02-08
3031,Logan,Flores,logan.flores3031@example.com,Vancouver,BC,Canada,International,Paid Social,2025-04-09
3032,Emma,Smith,emma.smith3032@example.com,Raleigh,NC,USA,South,Organic Search,2025-06-06
3033,Mason,Kelly,mason.kelly3033@example.com,Vancouver,BC,Canada,International,Organic Search,2025-12-19
3034,Lucas,Nguyen,lucas.nguyen3034@example.com,Phoenix,AZ,USA,West,Paid Social,2025-01-29
3035,Elena,Lopez,elena.lopez3035@example.com,Cleveland,OH,USA,Midwest,Paid Social,2023-06-08
3036,Ana,Johnson,ana.johnson3036@example.com,Manchester,,UK,International,Organic Search,2023-02-15
3037,Thomas,Iyer,thomas.iyer3037@example.com,Minneapolis,MN,USA,Midwest,Paid Social,2026-07-16
3038,Lisa,Singh,lisa.singh3038@example.com,New York,NY,USA,Northeast,Organic Search,2023-06-11
3039,James,Adams,james.adams3039@example.com,Vancouver,BC,Canada,International,Paid Social,2023-10-13
3040,Noah,Kumar,noah.kumar3040@example.com,Miami,FL,USA,South,Paid Social,2023-08-30
3041,Emma,Jackson,emma.jackson3041@example.com,Philadelphia,PA,USA,Northeast,Direct,2023-10-10
3042,Luis,Park,luis.park3042@example.com,Columbus,OH,USA,Midwest,Email Marketing,2023-07-17
3043,Charles,Moore,charles.moore3043@example.com,Philadelphia,PA,USA,Northeast,Direct,2026-04-27
3044,Sarah,Iyer,sarah.iyer3044@example.com,Nashville,TN,USA,South,Organic Search,2023-10-16
3045,Sophia,Patel,sophia.patel3045@example.com,Milwaukee,WI,USA,Midwest,Direct,2025-07-09
3046,Rohan,Flores,rohan.flores3046@example.com,Cleveland,OH,USA,Midwest,Organic Search,2023-09-28
3047,Hiroshi,Torres,hiroshi.torres3047@example.com,Detroit,MI,USA,Midwest,Paid Social,2023-04-03
3048,Ethan,Rodriguez,ethan.rodriguez3048@example.com,New York,NY,USA,Northeast,Email Marketing,2023-10-17
3049,Maria,Wang,maria.wang3049@example.com,New York,NY,USA,Northeast,Direct,2023-02-06
3050,Michael,Jones,michael.jones3050@example.com,Melbourne,VIC,Australia,International,Paid Social,2024-12-01
3051,Michael,Mehta,michael.mehta3051@example.com,San Jose,CA,USA,West,Organic Search,2023-10-06
3052,Aiden,Lopez,aiden.lopez3052@example.com,Milwaukee,WI,USA,Midwest,Organic Search,2026-02-20
3053,Vikram,Smith,vikram.smith3053@example.com,Houston,TX,USA,South,Organic Search,2025-12-01
3054,Mason,Lopez,mason.lopez3054@example.com,San Jose,CA,USA,West,Direct,2025-07-15
3055,Sarah,Nair,sarah.nair3055@example.com,Phoenix,AZ,USA,West,Paid Social,2026-01-15
3056,Jose,Smith,jose.smith3056@example.com,Las Vegas,NV,USA,West,Organic Search,2024-12-20
3057,Linda,Garcia,linda.garcia3057@example.com,San Diego,CA,USA,West,Paid Social,2023-01-03
3058,Noah,Miller,noah.miller3058@example.com,Philadelphia,PA,USA,Northeast,Organic Search,2025-05-25
3059,Jennifer,Green,jennifer.green3059@example.com,Cleveland,OH,USA,Midwest,Organic Search,2025-06-21
3060,Sarah,Gonzalez,sarah.gonzalez3060@example.com,Chicago,IL,USA,Midwest,Organic Search,2023-05-26
3061,Wei,Torres,wei.torres3061@example.com,New York,NY,USA,Northeast,Organic Search,2025-09-17
3062,Barbara,Li,barbara.li3062@example.com,Vancouver,BC,Canada,International,Email Marketing,2026-02-24
3063,Rajesh,Anderson,rajesh.anderson3063@example.com,Austin,TX,USA,South,Email Marketing,2025-12-04
3064,Margaret,Nair,margaret.nair3064@example.com,Minneapolis,MN,USA,Midwest,Organic Search,2024-06-10
3065,Aiden,Baker,aiden.baker3065@example.com,San Diego,CA,USA,West,Paid Social,2023-06-30
3066,Mia,Martinez,mia.martinez3066@example.com,Las Vegas,NV,USA,West,Organic Search,2024-09-28
3067,William,Wilson,william.wilson3067@example.com,Phoenix,AZ,USA,West,Organic Search,2024-11-11
3068,Carlos,Baker,carlos.baker3068@example.com,Toronto,ON,Canada,International,Direct,2025-04-05
3069,Lisa,Jones,lisa.jones3069@example.com,Kansas City,MO,USA,Midwest,Email Marketing,2024-03-12
3070,Maria,Rao,maria.rao3070@example.com,Boston,MA,USA,Northeast,Paid Social,2024-05-10
3071,Karen,Nair,karen.nair3071@example.com,Raleigh,NC,USA,South,Organic Search,2024-07-13
3072,Chen,Williams,chen.williams3072@example.com,Pittsburgh,PA,USA,Northeast,Paid Social,2026-04-19
3073,Ananya,Martin,ananya.martin3073@example.com,Salt Lake City,UT,USA,West,Paid Social,2026-01-25
3074,Daniel,Sharma,daniel.sharma3074@example.com,Seattle,WA,USA,West,Paid Social,2026-07-15
3075,Sunita,Reddy,sunita.reddy3075@example.com,Dallas,TX,USA,South,Paid Social,2024-11-08
3076,Liam,Rao,liam.rao3076@example.com,Nashville,TN,USA,South,Direct,2025-03-16
3077,Jin,Gupta,jin.gupta3077@example.com,Philadelphia,PA,USA,Northeast,Paid Social,2025-03-24
3078,Lisa,Flores,lisa.flores3078@example.com,New York,NY,USA,Northeast,Direct,2026-01-12
3079,Mei,Miller,mei.miller3079@example.com,Chicago,IL,USA,Midwest,Paid Social,2024-09-25
3080,Susan,Anderson,susan.anderson3080@example.com,San Antonio,TX,USA,South,Referral,2023-07-25
3081,Ethan,Singh,ethan.singh3081@example.com,San Antonio,TX,USA,South,Direct,2023-02-09
3082,Rajesh,Hill,rajesh.hill3082@example.com,Sacramento,CA,USA,West,Direct,2023-04-21
3083,Daniel,Hernandez,daniel.hernandez3083@example.com,Melbourne,VIC,Australia,International,Organic Search,2026-06-25
3084,Sandra,Sharma,sandra.sharma3084@example.com,Nashville,TN,USA,South,Direct,2023-06-20
3085,James,Garcia,james.garcia3085@example.com,Dallas,TX,USA,South,Organic Search,2024-10-04
3086,Carlos,Brown,carlos.brown3086@example.com,New York,NY,USA,Northeast,Organic Search,2025-05-05
3087,Michael,Garcia,michael.garcia3087@example.com,Atlanta,GA,USA,South,Organic Search,2024-03-15
3088,Lisa,Gupta,lisa.gupta3088@example.com,London,,UK,International,Organic Search,2026-07-21
3089,Yuki,Williams,yuki.williams3089@example.com,Sacramento,CA,USA,West,Organic Search,2025-10-05
3090,Olivia,Hill,olivia.hill3090@example.com,Charlotte,NC,USA,South,Email Marketing,2025-08-07
3091,Michael,Gupta,michael.gupta3091@example.com,London,,UK,International,Direct,2026-08-11
3092,Sandra,Scott,sandra.scott3092@example.com,Phoenix,AZ,USA,West,Organic Search,2025-03-15
3093,Margaret,Martin,margaret.martin3093@example.com,New York,NY,USA,Northeast,Organic Search,2026-03-31
3094,Vikram,Gupta,vikram.gupta3094@example.com,Dallas,TX,USA,South,Referral,2024-03-15
3095,Ethan,Nguyen,ethan.nguyen3095@example.com,Detroit,MI,USA,Midwest,Organic Search,2026-01-16
3096,Richard,Anderson,richard.anderson3096@example.com,Miami,FL,USA,South,Email Marketing,2026-06-16
3097,Harper,Gupta,harper.gupta3097@example.com,Minneapolis,MN,USA,Midwest,Direct,2024-05-13
3098,Yuki,Martinez,yuki.martinez3098@example.com,Chicago,IL,USA,Midwest,Paid Social,2023-05-25
3099,Sofia,Wang,sofia.wang3099@example.com,Vancouver,BC,Canada,International,Referral,2023-01-27
3100,Fatima,Tanaka,fatima.tanaka3100@example.com,Pittsburgh,PA,USA,Northeast,Referral,2026-01-26
3101,Harper,Singh,harper.singh3101@example.com,Sacramento,CA,USA,West,Paid Social,2023-04-01
3102,Priya,Chen,priya.chen3102@example.com,Milwaukee,WI,USA,Midwest,Organic Search,2023-09-14
3103,Margaret,Scott,margaret.scott3103@example.com,Charlotte,NC,USA,South,Paid Social,2024-08-14
3104,Jose,Anderson,jose.anderson3104@example.com,Los Angeles,CA,USA,West,Organic Search,2025-10-02
3105,Christopher,Patel,christopher.patel3105@example.com,Atlanta,GA,USA,South,Organic Search,2023-11-26
3106,Mary,Jones,mary.jones3106@example.com,Baltimore,MD,USA,Northeast,Organic Search,2025-02-16
3107,Thomas,Reddy,thomas.reddy3107@example.com,Columbus,OH,USA,Midwest,Organic Search,2025-07-29
3108,Lisa,Kim,lisa.kim3108@example.com,Houston,TX,USA,South,Direct,2026-03-18
3109,Karen,Anderson,karen.anderson3109@example.com,Seattle,WA,USA,West,Organic Search,2023-07-15
3110,John,Tanaka,john.tanaka3110@example.com,Chicago,IL,USA,Midwest,Direct,2025-05-13
3111,Jennifer,Gupta,jennifer.gupta3111@example.com,Denver,CO,USA,West,Organic Search,2026-01-12
3112,Sofia,Li,sofia.li3112@example.com,Boston,MA,USA,Northeast,Organic Search,2023-11-07
3113,Joseph,Garcia,joseph.garcia3113@example.com,Tampa,FL,USA,South,Paid Social,2024-03-26
3114,James,Jackson,james.jackson3114@example.com,Miami,FL,USA,South,Referral,2025-07-23
3115,Harper,Rao,harper.rao3115@example.com,Atlanta,GA,USA,South,Email Marketing,2024-01-17
3116,Elena,Martin,elena.martin3116@example.com,San Jose,CA,USA,West,Paid Social,2024-04-17
3117,Priya,Nair,priya.nair3117@example.com,Columbus,OH,USA,Midwest,Email Marketing,2023-10-17
3118,Carlos,Zhang,carlos.zhang3118@example.com,Columbus,OH,USA,Midwest,Organic Search,2025-08-04
3119,Patricia,Diaz,patricia.diaz3119@example.com,Manchester,,UK,International,Organic Search,2025-06-30
3120,Hiroshi,Hernandez,hiroshi.hernandez3120@example.com,Seattle,WA,USA,West,Direct,2026-02-01
3121,Matthew,Iyer,matthew.iyer3121@example.com,San Jose,CA,USA,West,Organic Search,2026-05-30
3122,Nancy,Jones,nancy.jones3122@example.com,Minneapolis,MN,USA,Midwest,Email Marketing,2025-12-10
3123,Mason,Tanaka,mason.tanaka3123@example.com,Baltimore,MD,USA,Northeast,Direct,2025-01-19
3124,Chen,Miller,chen.miller3124@example.com,San Diego,CA,USA,West,Paid Social,2024-03-09
3125,Jin,Yamamoto,jin.yamamoto3125@example.com,Toronto,ON,Canada,International,Organic Search,2026-04-20
3126,Noah,Diaz,noah.diaz3126@example.com,Las Vegas,NV,USA,West,Organic Search,2023-07-12
3127,Mason,Williams,mason.williams3127@example.com,Houston,TX,USA,South,Direct,2024-11-26
3128,Sophia,Liu,sophia.liu3128@example.com,Manchester,,UK,International,Email Marketing,2023-05-18
3129,Ana,Park,ana.park3129@example.com,Austin,TX,USA,South,Paid Social,2026-04-06
3130,Daniel,Li,daniel.li3130@example.com,Nashville,TN,USA,South,Organic Search,2024-09-28
3131,Richard,Li,richard.li3131@example.com,Dallas,TX,USA,South,Organic Search,2025-09-03
3132,Michael,Lopez,michael.lopez3132@example.com,Toronto,ON,Canada,International,Organic Search,2024-08-26
3133,Sandra,Rodriguez,sandra.rodriguez3133@example.com,Austin,TX,USA,South,Organic Search,2023-07-01
3134,Lucas,Moore,lucas.moore3134@example.com,Indianapolis,IN,USA,Midwest,Direct,2025-12-10
3135,David,Nair,david.nair3135@example.com,Cleveland,OH,USA,Midwest,Paid Social,2024-02-06
3136,Thomas,Green,thomas.green3136@example.com,Melbourne,VIC,Australia,International,Direct,2023-09-19
3137,Anthony,Brown,anthony.brown3137@example.com,Nashville,TN,USA,South,Referral,2023-11-02
3138,Thomas,Rodriguez,thomas.rodriguez3138@example.com,Sacramento,CA,USA,West,Paid Social,2023-09-18
3139,Susan,Thomas,susan.thomas3139@example.com,Cleveland,OH,USA,Midwest,Direct,2023-03-26
3140,Thomas,Li,thomas.li3140@example.com,Philadelphia,PA,USA,Northeast,Paid Social,2023-04-07
3141,Fatima,Gonzalez,fatima.gonzalez3141@example.com,New York,NY,USA,Northeast,Direct,2023-04-28
3142,Sandra,Rao,sandra.rao3142@example.com,Kansas City,MO,USA,Midwest,Paid Social,2025-03-25
3143,Richard,Nguyen,richard.nguyen3143@example.com,Salt Lake City,UT,USA,West,Organic Search,2023-05-26
3144,Christopher,Park,christopher.park3144@example.com,Philadelphia,PA,USA,Northeast,Paid Social,2023-06-01
3145,Ana,Park,ana.park3145@example.com,Chicago,IL,USA,Midwest,Email Marketing,2023-11-22
3146,Amelia,Wilson,amelia.wilson3146@example.com,San Diego,CA,USA,West,Referral,2023-03-01
3147,Harper,Moore,harper.moore3147@example.com,Phoenix,AZ,USA,West,Direct,2025-03-13
3148,William,Gonzalez,william.gonzalez3148@example.com,San Diego,CA,USA,West,Paid Social,2023-01-29
3149,Maria,Reddy,maria.reddy3149@example.com,Toronto,ON,Canada,International,Email Marketing,2025-05-05
3150,Fatima,Mehta,fatima.mehta3150@example.com,Chicago,IL,USA,Midwest,Paid Social,2025-03-17
3151,William,Tanaka,william.tanaka3151@example.com,Milwaukee,WI,USA,Midwest,Email Marketing,2025-01-11
3152,Sunita,Kim,sunita.kim3152@example.com,Detroit,MI,USA,Midwest,Direct,2024-06-05
3153,John,Rao,john.rao3153@example.com,Pittsburgh,PA,USA,Northeast,Paid Social,2024-02-07
3154,Matthew,Hill,matthew.hill3154@example.com,Seattle,WA,USA,West,Paid Social,2024-12-05
3155,Ana,Hernandez,ana.hernandez3155@example.com,Kansas City,MO,USA,Midwest,Organic Search,2023-12-12
3156,Chen,Davis,chen.davis3156@example.com,Philadelphia,PA,USA,Northeast,Organic Search,2023-10-28
3157,Sofia,Scott,sofia.scott3157@example.com,Dallas,TX,USA,South,Referral,2024-12-04
3158,Mei,Moore,mei.moore3158@example.com,Austin,TX,USA,South,Organic Search,2025-11-20
3159,Jennifer,Liu,jennifer.liu3159@example.com,Baltimore,MD,USA,Northeast,Referral,2026-05-01
3160,Richard,Green,richard.green3160@example.com,Sydney,NSW,Australia,International,Referral,2023-10-30
3161,Amit,Hill,amit.hill3161@example.com,Philadelphia,PA,USA,Northeast,Direct,2026-03-15
3162,Rohan,Anderson,rohan.anderson3162@example.com,Charlotte,NC,USA,South,Paid Social,2024-05-05
3163,Neha,Mehta,neha.mehta3163@example.com,Columbus,OH,USA,Midwest,Email Marketing,2023-04-28
3164,Priya,Anderson,priya.anderson3164@example.com,Denver,CO,USA,West,Organic Search,2024-02-19
3165,John,Diaz,john.diaz3165@example.com,Denver,CO,USA,West,Organic Search,2025-01-19
3166,Amelia,Wang,amelia.wang3166@example.com,Orlando,FL,USA,South,Organic Search,2024-06-30
3167,Noah,Baker,noah.baker3167@example.com,Tampa,FL,USA,South,Referral,2026-02-28
3168,Isabella,Patel,isabella.patel3168@example.com,Kansas City,MO,USA,Midwest,Paid Social,2024-07-03
3169,Jin,Gonzalez,jin.gonzalez3169@example.com,Cleveland,OH,USA,Midwest,Referral,2025-06-13
3170,Aiden,Moore,aiden.moore3170@example.com,Orlando,FL,USA,South,Paid Social,2026-05-02
3171,Ana,Jones,ana.jones3171@example.com,Pittsburgh,PA,USA,Northeast,Organic Search,2024-07-28
3172,Daniel,Patel,daniel.patel3172@example.com,Detroit,MI,USA,Midwest,Paid Social,2026-01-01
3173,Mary,Tanaka,mary.tanaka3173@example.com,Miami,FL,USA,South,Referral,2026-06-20
3174,Amit,Li,amit.li3174@example.com,Philadelphia,PA,USA,Northeast,Email Marketing,2024-01-15
3175,Charles,Sharma,charles.sharma3175@example.com,Cleveland,OH,USA,Midwest,Paid Social,2025-03-24
3176,Liam,Lopez,liam.lopez3176@example.com,San Diego,CA,USA,West,Email Marketing,2024-05-05
3177,Vikram,Rodriguez,vikram.rodriguez3177@example.com,Denver,CO,USA,West,Paid Social,2026-04-20
3178,Kavita,Lopez,kavita.lopez3178@example.com,Tampa,FL,USA,South,Organic Search,2024-08-08
3179,Rohan,Wright,rohan.wright3179@example.com,Salt Lake City,UT,USA,West,Direct,2024-05-22
3180,Christopher,Nair,christopher.nair3180@example.com,San Diego,CA,USA,West,Organic Search,2024-10-10
3181,Margaret,Hill,margaret.hill3181@example.com,Houston,TX,USA,South,Paid Social,2025-04-25
3182,Emma,Anderson,emma.anderson3182@example.com,San Antonio,TX,USA,South,Referral,2023-02-07
3183,Jessica,Wang,jessica.wang3183@example.com,Raleigh,NC,USA,South,Email Marketing,2023-12-09
3184,Jessica,Garcia,jessica.garcia3184@example.com,Cleveland,OH,USA,Midwest,Direct,2025-07-03
3185,Vikram,Sharma,vikram.sharma3185@example.com,San Jose,CA,USA,West,Organic Search,2024-07-26
3186,Daniel,Iyer,daniel.iyer3186@example.com,Milwaukee,WI,USA,Midwest,Email Marketing,2024-06-15
3187,Isabella,Brown,isabella.brown3187@example.com,San Diego,CA,USA,West,Paid Social,2026-08-09
3188,Patricia,Diaz,patricia.diaz3188@example.com,Raleigh,NC,USA,South,Paid Social,2024-11-30
3189,Charles,Anderson,charles.anderson3189@example.com,Sacramento,CA,USA,West,Paid Social,2023-09-28
3190,Ahmed,Torres,ahmed.torres3190@example.com,Atlanta,GA,USA,South,Paid Social,2024-02-04
3191,Joseph,Moore,joseph.moore3191@example.com,Houston,TX,USA,South,Direct,2023-04-06
3192,Carlos,Martinez,carlos.martinez3192@example.com,Sacramento,CA,USA,West,Referral,2023-05-09
3193,Jose,Sharma,jose.sharma3193@example.com,Raleigh,NC,USA,South,Direct,2023-04-04
3194,Karen,Chen,karen.chen3194@example.com,Columbus,OH,USA,Midwest,Direct,2023-05-15
3195,Wei,Mehta,wei.mehta3195@example.com,Charlotte,NC,USA,South,Organic Search,2023-02-24
3196,Sandra,Tanaka,sandra.tanaka3196@example.com,San Diego,CA,USA,West,Direct,2024-03-21
3197,Amelia,Kelly,amelia.kelly3197@example.com,Philadelphia,PA,USA,Northeast,Paid Social,2023-12-03
3198,Betty,Davis,betty.davis3198@example.com,Charlotte,NC,USA,South,Paid Social,2024-12-09
3199,Karen,Zhang,karen.zhang3199@example.com,Orlando,FL,USA,South,Organic Search,2023-02-24
3200,Lisa,Tanaka,lisa.tanaka3200@example.com,Melbourne,VIC,Australia,International,Email Marketing,2024-05-19
3201,Jose,Nguyen,jose.nguyen3201@example.com,Minneapolis,MN,USA,Midwest,Email Marketing,2024-03-12
3202,Charles,Hernandez,charles.hernandez3202@example.com,Austin,TX,USA,South,Direct,2025-06-25
3203,Matthew,Zhang,matthew.zhang3203@example.com,Manchester,,UK,International,Direct,2023-01-03
3204,Aiden,Diaz,aiden.diaz3204@example.com,Seattle,WA,USA,West,Email Marketing,2024-04-06
3205,Elena,Iyer,elena.iyer3205@example.com,Philadelphia,PA,USA,Northeast,Paid Social,2023-03-13
3206,Barbara,Brown,barbara.brown3206@example.com,Toronto,ON,Canada,International,Referral,2023-04-04
3207,Luis,Park,luis.park3207@example.com,Baltimore,MD,USA,Northeast,Email Marketing,2023-09-05
3208,Christopher,Gonzalez,christopher.gonzalez3208@example.com,Tampa,FL,USA,South,Organic Search,2023-01-29
3209,Karen,Reddy,karen.reddy3209@example.com,San Antonio,TX,USA,South,Paid Social,2026-02-07
3210,Lisa,Hill,lisa.hill3210@example.com,Philadelphia,PA,USA,Northeast,Referral,2025-10-06
3211,Chen,Hill,chen.hill3211@example.com,Boston,MA,USA,Northeast,Paid Social,2024-06-12
3212,Sophia,Gonzalez,sophia.gonzalez3212@example.com,Atlanta,GA,USA,South,Paid Social,2024-06-21
3213,Anthony,Wilson,anthony.wilson3213@example.com,Austin,TX,USA,South,Organic Search,2023-11-27
3214,Mia,Johnson,mia.johnson3214@example.com,Melbourne,VIC,Australia,International,Organic Search,2026-05-29
3215,Karen,Gupta,karen.gupta3215@example.com,Toronto,ON,Canada,International,Referral,2026-03-05
3216,Lisa,Lopez,lisa.lopez3216@example.com,Minneapolis,MN,USA,Midwest,Paid Social,2025-02-11
3217,Yuki,Wilson,yuki.wilson3217@example.com,Cleveland,OH,USA,Midwest,Direct,2025-03-08
3218,Sophia,Thomas,sophia.thomas3218@example.com,Phoenix,AZ,USA,West,Email Marketing,2023-08-23
3219,Kavita,Reddy,kavita.reddy3219@example.com,Baltimore,MD,USA,Northeast,Organic Search,2024-04-28
3220,Wei,Anderson,wei.anderson3220@example.com,Toronto,ON,Canada,International,Referral,2023-09-07
3221,Mei,Martinez,mei.martinez3221@example.com,New York,NY,USA,Northeast,Email Marketing,2023-05-27
3222,Luis,Lopez,luis.lopez3222@example.com,Orlando,FL,USA,South,Direct,2025-11-07
3223,Ahmed,Anderson,ahmed.anderson3223@example.com,Vancouver,BC,Canada,International,Email Marketing,2025-08-27
3224,Luis,Jones,luis.jones3224@example.com,Atlanta,GA,USA,South,Direct,2025-09-02
3225,Wei,Taylor,wei.taylor3225@example.com,Vancouver,BC,Canada,International,Organic Search,2023-12-23
3226,David,Kumar,david.kumar3226@example.com,Philadelphia,PA,USA,Northeast,Paid Social,2024-07-02
3227,Yuki,Patel,yuki.patel3227@example.com,Pittsburgh,PA,USA,Northeast,Organic Search,2026-03-12
3228,Barbara,Tanaka,barbara.tanaka3228@example.com,Tampa,FL,USA,South,Direct,2024-03-09
3229,Liam,Yamamoto,liam.yamamoto3229@example.com,Baltimore,MD,USA,Northeast,Paid Social,2024-01-14
3230,James,Rodriguez,james.rodriguez3230@example.com,Los Angeles,CA,USA,West,Organic Search,2025-06-09
3231,Mary,Jones,mary.jones3231@example.com,Sydney,NSW,Australia,International,Email Marketing,2025-10-13
3232,Barbara,Martinez,barbara.martinez3232@example.com,Portland,OR,USA,West,Organic Search,2024-02-18
3233,Chen,Nguyen,chen.nguyen3233@example.com,Orlando,FL,USA,South,Paid Social,2026-03-06
3234,Ahmed,Williams,ahmed.williams3234@example.com,Vancouver,BC,Canada,International,Referral,2025-08-29
3235,Nancy,Iyer,nancy.iyer3235@example.com,Baltimore,MD,USA,Northeast,Email Marketing,2024-04-18
3236,Lisa,Rodriguez,lisa.rodriguez3236@example.com,Sacramento,CA,USA,West,Direct,2023-02-27
3237,Yuki,Diaz,yuki.diaz3237@example.com,Vancouver,BC,Canada,International,Referral,2025-12-31
3238,Harper,Nair,harper.nair3238@example.com,Minneapolis,MN,USA,Midwest,Organic Search,2026-07-29
3239,Amit,Gonzalez,amit.gonzalez3239@example.com,San Diego,CA,USA,West,Direct,2026-07-14
3240,Jin,Martin,jin.martin3240@example.com,Charlotte,NC,USA,South,Organic Search,2025-11-15
3241,Jin,Lopez,jin.lopez3241@example.com,Seattle,WA,USA,West,Organic Search,2023-04-04
3242,David,Gupta,david.gupta3242@example.com,Los Angeles,CA,USA,West,Direct,2025-09-22
3243,Kavita,Jackson,kavita.jackson3243@example.com,Vancouver,BC,Canada,International,Direct,2024-08-04
3244,Michael,Smith,michael.smith3244@example.com,Dallas,TX,USA,South,Paid Social,2026-02-23
3245,Amit,Martin,amit.martin3245@example.com,Salt Lake City,UT,USA,West,Direct,2025-06-10
3246,Sunita,Tanaka,sunita.tanaka3246@example.com,Sacramento,CA,USA,West,Direct,2024-09-25
3247,Barbara,Nair,barbara.nair3247@example.com,Charlotte,NC,USA,South,Paid Social,2024-12-12
3248,John,Taylor,john.taylor3248@example.com,Miami,FL,USA,South,Organic Search,2025-04-12
3249,Wei,Diaz,wei.diaz3249@example.com,Seattle,WA,USA,West,Paid Social,2023-03-19
3250,Luis,Moore,luis.moore3250@example.com,Vancouver,BC,Canada,International,Paid Social,2024-01-17
3251,Olivia,Garcia,olivia.garcia3251@example.com,San Diego,CA,USA,West,Email Marketing,2026-03-04
3252,Sarah,Tanaka,sarah.tanaka3252@example.com,Tampa,FL,USA,South,Organic Search,2024-02-26
3253,Jose,Kim,jose.kim3253@example.com,Kansas City,MO,USA,Midwest,Direct,2024-01-03
3254,Joseph,Hernandez,joseph.hernandez3254@example.com,Raleigh,NC,USA,South,Organic Search,2025-04-26
3255,Elena,Martin,elena.martin3255@example.com,Denver,CO,USA,West,Referral,2024-10-05
3256,Amelia,Nguyen,amelia.nguyen3256@example.com,Toronto,ON,Canada,International,Email Marketing,2024-11-17
3257,Hiroshi,Jackson,hiroshi.jackson3257@example.com,St. Louis,MO,USA,Midwest,Direct,2024-05-22
3258,Jin,Adams,jin.adams3258@example.com,Boston,MA,USA,Northeast,Email Marketing,2024-08-21
3259,Amit,Hill,amit.hill3259@example.com,Boston,MA,USA,Northeast,Email Marketing,2024-09-17
3260,Fatima,Tanaka,fatima.tanaka3260@example.com,Manchester,,UK,International,Direct,2026-05-29
3261,Rohan,Moore,rohan.moore3261@example.com,London,,UK,International,Paid Social,2024-04-08
3262,Kavita,Nair,kavita.nair3262@example.com,Boston,MA,USA,Northeast,Organic Search,2026-02-23
3263,Mark,Brown,mark.brown3263@example.com,London,,UK,International,Organic Search,2025-05-10
3264,Sophia,Flores,sophia.flores3264@example.com,Indianapolis,IN,USA,Midwest,Referral,2025-12-27
3265,Mason,Kim,mason.kim3265@example.com,Nashville,TN,USA,South,Organic Search,2023-11-19
3266,Mary,Adams,mary.adams3266@example.com,Vancouver,BC,Canada,International,Paid Social,2023-05-06
3267,Joseph,Chen,joseph.chen3267@example.com,Chicago,IL,USA,Midwest,Paid Social,2024-09-09
3268,Mason,Gupta,mason.gupta3268@example.com,Charlotte,NC,USA,South,Organic Search,2025-04-25
3269,Aiden,Kim,aiden.kim3269@example.com,Dallas,TX,USA,South,Email Marketing,2023-09-15
3270,Mary,Williams,mary.williams3270@example.com,Portland,OR,USA,West,Organic Search,2025-06-05
3271,Ana,Jones,ana.jones3271@example.com,Austin,TX,USA,South,Direct,2024-04-02
3272,Patricia,Martinez,patricia.martinez3272@example.com,Minneapolis,MN,USA,Midwest,Organic Search,2023-08-24
3273,Noah,Patel,noah.patel3273@example.com,Orlando,FL,USA,South,Email Marketing,2025-12-18
3274,Fatima,Gonzalez,fatima.gonzalez3274@example.com,Miami,FL,USA,South,Direct,2026-07-10
3275,Aiden,Smith,aiden.smith3275@example.com,Toronto,ON,Canada,International,Referral,2023-06-11
3276,Margaret,Jones,margaret.jones3276@example.com,Boston,MA,USA,Northeast,Direct,2026-02-05
3277,Rohan,Diaz,rohan.diaz3277@example.com,Atlanta,GA,USA,South,Paid Social,2024-03-29
3278,Mark,Liu,mark.liu3278@example.com,Toronto,ON,Canada,International,Paid Social,2024-02-24
3279,Lisa,Gonzalez,lisa.gonzalez3279@example.com,St. Louis,MO,USA,Midwest,Organic Search,2023-10-05
3280,Arjun,Gonzalez,arjun.gonzalez3280@example.com,Portland,OR,USA,West,Paid Social,2024-01-11
3281,Anthony,Wright,anthony.wright3281@example.com,San Antonio,TX,USA,South,Organic Search,2024-04-20
3282,Omar,Li,omar.li3282@example.com,Orlando,FL,USA,South,Email Marketing,2026-01-11
3283,John,Yamamoto,john.yamamoto3283@example.com,Atlanta,GA,USA,South,Direct,2023-10-16
3284,Vikram,Singh,vikram.singh3284@example.com,London,,UK,International,Referral,2023-11-10
3285,Barbara,Wright,barbara.wright3285@example.com,Baltimore,MD,USA,Northeast,Paid Social,2024-08-08
3286,Rohan,Gonzalez,rohan.gonzalez3286@example.com,Chicago,IL,USA,Midwest,Organic Search,2024-10-14
3287,Sandra,Liu,sandra.liu3287@example.com,Cleveland,OH,USA,Midwest,Referral,2023-12-01
3288,Vikram,Iyer,vikram.iyer3288@example.com,Orlando,FL,USA,South,Organic Search,2025-07-07
3289,Christopher,Gonzalez,christopher.gonzalez3289@example.com,Charlotte,NC,USA,South,Organic Search,2023-11-10
3290,Sandra,Smith,sandra.smith3290@example.com,Dallas,TX,USA,South,Organic Search,2024-11-07
3291,Susan,Wilson,susan.wilson3291@example.com,Indianapolis,IN,USA,Midwest,Email Marketing,2024-04-15
3292,Betty,Taylor,betty.taylor3292@example.com,St. Louis,MO,USA,Midwest,Paid Social,2023-05-19
3293,Jessica,Scott,jessica.scott3293@example.com,Pittsburgh,PA,USA,Northeast,Email Marketing,2025-01-17
3294,Mary,Rao,mary.rao3294@example.com,Pittsburgh,PA,USA,Northeast,Organic Search,2025-09-06
3295,Hiroshi,Adams,hiroshi.adams3295@example.com,Atlanta,GA,USA,South,Organic Search,2023-04-27
3296,Jose,Wilson,jose.wilson3296@example.com,Houston,TX,USA,South,Organic Search,2023-12-21
3297,Rohan,Wang,rohan.wang3297@example.com,San Jose,CA,USA,West,Organic Search,2024-03-19
3298,Thomas,Williams,thomas.williams3298@example.com,Dallas,TX,USA,South,Paid Social,2025-07-27
3299,Robert,Garcia,robert.garcia3299@example.com,Kansas City,MO,USA,Midwest,Direct,2023-12-01
3300,Thomas,Jackson,thomas.jackson3300@example.com,Houston,TX,USA,South,Email Marketing,2023-04-30
3301,Sofia,Taylor,sofia.taylor3301@example.com,Salt Lake City,UT,USA,West,Paid Social,2023-07-28
3302,Aiden,Wright,aiden.wright3302@example.com,Melbourne,VIC,Australia,International,Direct,2024-10-19
3303,Sofia,Miller,sofia.miller3303@example.com,Sydney,NSW,Australia,International,Email Marketing,2026-05-15
3304,Lisa,Taylor,lisa.taylor3304@example.com,Houston,TX,USA,South,Paid Social,2026-08-03
3305,Logan,Rao,logan.rao3305@example.com,Austin,TX,USA,South,Email Marketing,2025-08-18
3306,Yuki,Li,yuki.li3306@example.com,Phoenix,AZ,USA,West,Organic Search,2024-10-10
3307,Yuki,Singh,yuki.singh3307@example.com,Orlando,FL,USA,South,Direct,2024-07-31
3308,Ethan,Flores,ethan.flores3308@example.com,Austin,TX,USA,South,Referral,2025-09-21
3309,Matthew,Rao,matthew.rao3309@example.com,Vancouver,BC,Canada,International,Direct,2023-06-06
3310,Richard,Rodriguez,richard.rodriguez3310@example.com,Philadelphia,PA,USA,Northeast,Organic Search,2023-04-07
3311,Emma,Li,emma.li3311@example.com,Chicago,IL,USA,Midwest,Organic Search,2024-12-10
3312,Omar,Green,omar.green3312@example.com,Sydney,NSW,Australia,International,Organic Search,2023-06-01
3313,Michael,Wang,michael.wang3313@example.com,Detroit,MI,USA,Midwest,Direct,2026-07-12
3314,Karen,Gupta,karen.gupta3314@example.com,San Antonio,TX,USA,South,Direct,2026-06-22
3315,Carlos,Lopez,carlos.lopez3315@example.com,Manchester,,UK,International,Organic Search,2023-08-13
3316,Daniel,Lopez,daniel.lopez3316@example.com,Austin,TX,USA,South,Email Marketing,2025-03-05
3317,Arjun,Anderson,arjun.anderson3317@example.com,Toronto,ON,Canada,International,Paid Social,2023-12-01
3318,Rajesh,Martinez,rajesh.martinez3318@example.com,Austin,TX,USA,South,Organic Search,2023-12-27
3319,Mei,Torres,mei.torres3319@example.com,Boston,MA,USA,Northeast,Direct,2026-08-16
3320,Matthew,Gonzalez,matthew.gonzalez3320@example.com,New York,NY,USA,Northeast,Direct,2024-02-05
3321,Rajesh,Jackson,rajesh.jackson3321@example.com,Portland,OR,USA,West,Paid Social,2023-02-07
3322,Mason,Wang,mason.wang3322@example.com,Milwaukee,WI,USA,Midwest,Direct,2024-11-08
3323,Noah,Johnson,noah.johnson3323@example.com,San Jose,CA,USA,West,Organic Search,2025-02-05
3324,Ana,Baker,ana.baker3324@example.com,Milwaukee,WI,USA,Midwest,Direct,2023-05-27
3325,Wei,Gonzalez,wei.gonzalez3325@example.com,Sacramento,CA,USA,West,Paid Social,2026-07-01
3326,Lisa,Reddy,lisa.reddy3326@example.com,Pittsburgh,PA,USA,Northeast,Direct,2024-03-04
3327,Wei,Nair,wei.nair3327@example.com,Seattle,WA,USA,West,Organic Search,2025-07-15
3328,Aiden,Sharma,aiden.sharma3328@example.com,San Jose,CA,USA,West,Organic Search,2025-01-04
3329,Robert,Nair,robert.nair3329@example.com,Philadelphia,PA,USA,Northeast,Email Marketing,2024-12-16
3330,Charles,Park,charles.park3330@example.com,Dallas,TX,USA,South,Organic Search,2025-01-25
3331,Christopher,Martinez,christopher.martinez3331@example.com,London,,UK,International,Organic Search,2023-05-27
3332,Sofia,Wilson,sofia.wilson3332@example.com,Chicago,IL,USA,Midwest,Organic Search,2024-10-12
3333,Ahmed,Anderson,ahmed.anderson3333@example.com,Pittsburgh,PA,USA,Northeast,Organic Search,2023-11-12
3334,Daniel,Nguyen,daniel.nguyen3334@example.com,Detroit,MI,USA,Midwest,Direct,2024-01-04
3335,Ana,Jones,ana.jones3335@example.com,Miami,FL,USA,South,Direct,2026-06-30
3336,Yuki,Miller,yuki.miller3336@example.com,Charlotte,NC,USA,South,Organic Search,2023-08-08
3337,Logan,Adams,logan.adams3337@example.com,Chicago,IL,USA,Midwest,Organic Search,2026-03-21
3338,Mark,Hill,mark.hill3338@example.com,San Jose,CA,USA,West,Organic Search,2026-08-08
3339,Karen,Miller,karen.miller3339@example.com,Columbus,OH,USA,Midwest,Email Marketing,2025-02-01
3340,Mia,Scott,mia.scott3340@example.com,San Diego,CA,USA,West,Direct,2026-01-07
3341,Chen,Liu,chen.liu3341@example.com,St. Louis,MO,USA,Midwest,Paid Social,2025-04-02
3342,Mary,Miller,mary.miller3342@example.com,London,,UK,International,Organic Search,2024-10-31
3343,Logan,Brown,logan.brown3343@example.com,Tampa,FL,USA,South,Organic Search,2024-09-17
3344,James,Williams,james.williams3344@example.com,Tampa,FL,USA,South,Organic Search,2025-10-26
3345,Isabella,Rao,isabella.rao3345@example.com,Melbourne,VIC,Australia,International,Paid Social,2024-05-15
3346,Mason,Sharma,mason.sharma3346@example.com,Tampa,FL,USA,South,Direct,2024-07-31
3347,Ahmed,Green,ahmed.green3347@example.com,Portland,OR,USA,West,Direct,2023-09-01
3348,Thomas,Wilson,thomas.wilson3348@example.com,Detroit,MI,USA,Midwest,Direct,2023-08-17
3349,Chen,Martinez,chen.martinez3349@example.com,Columbus,OH,USA,Midwest,Organic Search,2024-01-10
3350,David,Williams,david.williams3350@example.com,Detroit,MI,USA,Midwest,Organic Search,2024-06-02
3351,Joseph,Jackson,joseph.jackson3351@example.com,Baltimore,MD,USA,Northeast,Referral,2026-03-09
3352,Joseph,Garcia,joseph.garcia3352@example.com,Las Vegas,NV,USA,West,Email Marketing,2025-07-03
3353,Sofia,Kim,sofia.kim3353@example.com,Sydney,NSW,Australia,International,Direct,2026-06-09
3354,Amelia,Miller,amelia.miller3354@example.com,San Jose,CA,USA,West,Paid Social,2024-02-12
3355,Robert,Brown,robert.brown3355@example.com,Seattle,WA,USA,West,Email Marketing,2025-05-14
3356,Nancy,Hill,nancy.hill3356@example.com,New York,NY,USA,Northeast,Organic Search,2024-12-13
3357,Christopher,Liu,christopher.liu3357@example.com,Miami,FL,USA,South,Organic Search,2025-03-22
3358,Richard,Smith,richard.smith3358@example.com,Atlanta,GA,USA,South,Direct,2024-10-30
3359,Kavita,Thomas,kavita.thomas3359@example.com,Raleigh,NC,USA,South,Email Marketing,2026-01-31
3360,Carlos,Yamamoto,carlos.yamamoto3360@example.com,San Jose,CA,USA,West,Referral,2026-06-15
3361,Linda,Brown,linda.brown3361@example.com,Sacramento,CA,USA,West,Paid Social,2025-06-04
3362,Emma,Adams,emma.adams3362@example.com,Pittsburgh,PA,USA,Northeast,Referral,2024-04-10
3363,Anthony,Li,anthony.li3363@example.com,Sydney,NSW,Australia,International,Email Marketing,2024-02-22
3364,Sophia,Nair,sophia.nair3364@example.com,Philadelphia,PA,USA,Northeast,Paid Social,2026-07-24
3365,Harper,Adams,harper.adams3365@example.com,Orlando,FL,USA,South,Organic Search,2025-07-20
3366,Chen,Yamamoto,chen.yamamoto3366@example.com,Portland,OR,USA,West,Referral,2023-08-11
3367,Elizabeth,Gonzalez,elizabeth.gonzalez3367@example.com,Austin,TX,USA,South,Direct,2023-11-18
3368,Mark,Hill,mark.hill3368@example.com,Manchester,,UK,International,Organic Search,2026-01-12
3369,Mark,Gupta,mark.gupta3369@example.com,Columbus,OH,USA,Midwest,Paid Social,2026-05-13
3370,David,Zhang,david.zhang3370@example.com,Las Vegas,NV,USA,West,Organic Search,2023-02-10
3371,Sophia,Wang,sophia.wang3371@example.com,Tampa,FL,USA,South,Organic Search,2023-03-30
3372,Jose,Kim,jose.kim3372@example.com,San Jose,CA,USA,West,Organic Search,2026-01-07
3373,Kavita,Thomas,kavita.thomas3373@example.com,Phoenix,AZ,USA,West,Direct,2025-08-14
3374,Sofia,Davis,sofia.davis3374@example.com,Kansas City,MO,USA,Midwest,Referral,2023-08-15
3375,Omar,Kim,omar.kim3375@example.com,Salt Lake City,UT,USA,West,Direct,2026-01-13
3376,Hiroshi,Scott,hiroshi.scott3376@example.com,Baltimore,MD,USA,Northeast,Organic Search,2023-02-04
3377,Karen,Diaz,karen.diaz3377@example.com,Orlando,FL,USA,South,Paid Social,2025-03-28
3378,Nancy,Nguyen,nancy.nguyen3378@example.com,Minneapolis,MN,USA,Midwest,Paid Social,2023-07-12
3379,Liam,Wilson,liam.wilson3379@example.com,Portland,OR,USA,West,Direct,2026-04-29
3380,Christopher,Patel,christopher.patel3380@example.com,Atlanta,GA,USA,South,Organic Search,2024-07-12
3381,Mary,Adams,mary.adams3381@example.com,Sacramento,CA,USA,West,Direct,2023-10-07
3382,Robert,Rao,robert.rao3382@example.com,Nashville,TN,USA,South,Direct,2023-10-20
3383,Sofia,Iyer,sofia.iyer3383@example.com,London,,UK,International,Referral,2024-09-15
3384,Olivia,Tanaka,olivia.tanaka3384@example.com,Sydney,NSW,Australia,International,Paid Social,2023-02-14
3385,Emma,Martin,emma.martin3385@example.com,Baltimore,MD,USA,Northeast,Organic Search,2024-12-21
3386,Neha,Reddy,neha.reddy3386@example.com,Nashville,TN,USA,South,Organic Search,2025-11-08
3387,Ethan,Martin,ethan.martin3387@example.com,San Diego,CA,USA,West,Paid Social,2024-05-11
3388,Emma,Zhang,emma.zhang3388@example.com,Melbourne,VIC,Australia,International,Paid Social,2025-03-27
3389,Logan,Liu,logan.liu3389@example.com,San Antonio,TX,USA,South,Referral,2024-08-22
3390,Logan,Johnson,logan.johnson3390@example.com,Boston,MA,USA,Northeast,Organic Search,2023-01-21
3391,Nancy,Scott,nancy.scott3391@example.com,Melbourne,VIC,Australia,International,Paid Social,2025-03-18
3392,Mei,Hernandez,mei.hernandez3392@example.com,San Diego,CA,USA,West,Email Marketing,2023-03-06
3393,Sarah,Mehta,sarah.mehta3393@example.com,Chicago,IL,USA,Midwest,Paid Social,2024-08-16
3394,Linda,Johnson,linda.johnson3394@example.com,Salt Lake City,UT,USA,West,Organic Search,2025-12-30
3395,Carlos,Zhang,carlos.zhang3395@example.com,San Antonio,TX,USA,South,Direct,2023-01-02
3396,Harper,Tanaka,harper.tanaka3396@example.com,Toronto,ON,Canada,International,Organic Search,2023-03-26
3397,Amit,Scott,amit.scott3397@example.com,Salt Lake City,UT,USA,West,Paid Social,2026-06-21
3398,Aiden,Taylor,aiden.taylor3398@example.com,San Antonio,TX,USA,South,Paid Social,2025-05-01
3399,Priya,Smith,priya.smith3399@example.com,Austin,TX,USA,South,Referral,2025-07-04
3400,Mary,Brown,mary.brown3400@example.com,New York,NY,USA,Northeast,Organic Search,2024-12-07
3401,Ahmed,Miller,ahmed.miller3401@example.com,London,,UK,International,Email Marketing,2026-05-06
3402,Anthony,Johnson,anthony.johnson3402@example.com,Minneapolis,MN,USA,Midwest,Paid Social,2023-07-18
3403,Matthew,Rao,matthew.rao3403@example.com,Salt Lake City,UT,USA,West,Direct,2024-08-25
3404,Michael,Li,michael.li3404@example.com,Las Vegas,NV,USA,West,Referral,2023-02-09
3405,Amelia,Chen,amelia.chen3405@example.com,San Jose,CA,USA,West,Paid Social,2026-08-09
3406,Patricia,Davis,patricia.davis3406@example.com,Melbourne,VIC,Australia,International,Direct,2025-05-25
3407,Jessica,Brown,jessica.brown3407@example.com,Seattle,WA,USA,West,Organic Search,2024-08-28
3408,Ananya,Rodriguez,ananya.rodriguez3408@example.com,Manchester,,UK,International,Direct,2023-03-30
3409,Vikram,Scott,vikram.scott3409@example.com,Miami,FL,USA,South,Referral,2026-02-18
3410,Ahmed,Kumar,ahmed.kumar3410@example.com,San Jose,CA,USA,West,Organic Search,2023-03-21
3411,Thomas,Davis,thomas.davis3411@example.com,Atlanta,GA,USA,South,Referral,2026-06-05
3412,Sophia,Rodriguez,sophia.rodriguez3412@example.com,Atlanta,GA,USA,South,Referral,2024-01-01
3413,Lisa,Davis,lisa.davis3413@example.com,Manchester,,UK,International,Organic Search,2024-04-28
3414,Rajesh,Rao,rajesh.rao3414@example.com,Los Angeles,CA,USA,West,Organic Search,2024-09-21
3415,Luis,Martin,luis.martin3415@example.com,Salt Lake City,UT,USA,West,Organic Search,2024-10-28
3416,Mark,Park,mark.park3416@example.com,Pittsburgh,PA,USA,Northeast,Organic Search,2023-07-17
3417,Sandra,Liu,sandra.liu3417@example.com,Seattle,WA,USA,West,Organic Search,2025-09-28
3418,Sarah,Jackson,sarah.jackson3418@example.com,Miami,FL,USA,South,Direct,2024-03-22
3419,Linda,Smith,linda.smith3419@example.com,Denver,CO,USA,West,Paid Social,2024-01-14
3420,David,Hill,david.hill3420@example.com,Las Vegas,NV,USA,West,Organic Search,2026-08-03
3421,Noah,Wang,noah.wang3421@example.com,San Jose,CA,USA,West,Paid Social,2024-07-08
3422,Harper,Flores,harper.flores3422@example.com,Denver,CO,USA,West,Direct,2026-02-12
3423,Mei,Yamamoto,mei.yamamoto3423@example.com,Atlanta,GA,USA,South,Organic Search,2026-04-11
3424,Nancy,Torres,nancy.torres3424@example.com,Minneapolis,MN,USA,Midwest,Organic Search,2024-10-02
3425,Joseph,Li,joseph.li3425@example.com,Atlanta,GA,USA,South,Paid Social,2026-06-13
3426,David,Brown,david.brown3426@example.com,Miami,FL,USA,South,Referral,2025-12-19
3427,Michael,Kumar,michael.kumar3427@example.com,Portland,OR,USA,West,Direct,2024-06-13
3428,Amit,Moore,amit.moore3428@example.com,Las Vegas,NV,USA,West,Organic Search,2025-01-19
3429,Carlos,Baker,carlos.baker3429@example.com,Austin,TX,USA,South,Organic Search,2025-12-19
3430,Rajesh,Davis,rajesh.davis3430@example.com,Kansas City,MO,USA,Midwest,Organic Search,2026-04-04
3431,Emma,Gonzalez,emma.gonzalez3431@example.com,Boston,MA,USA,Northeast,Organic Search,2026-05-20
3432,Jin,Anderson,jin.anderson3432@example.com,Baltimore,MD,USA,Northeast,Paid Social,2023-03-04
3433,Jessica,Zhang,jessica.zhang3433@example.com,Indianapolis,IN,USA,Midwest,Paid Social,2023-05-21
3434,Priya,Wright,priya.wright3434@example.com,Raleigh,NC,USA,South,Referral,2024-01-09
3435,John,Li,john.li3435@example.com,Las Vegas,NV,USA,West,Paid Social,2023-12-25
3436,David,Gupta,david.gupta3436@example.com,Columbus,OH,USA,Midwest,Paid Social,2025-08-31
3437,Neha,Yamamoto,neha.yamamoto3437@example.com,Pittsburgh,PA,USA,Northeast,Organic Search,2023-05-09
3438,Jessica,Rao,jessica.rao3438@example.com,Portland,OR,USA,West,Paid Social,2024-03-11
3439,Mark,Chen,mark.chen3439@example.com,Milwaukee,WI,USA,Midwest,Organic Search,2025-11-14
3440,Susan,Gupta,susan.gupta3440@example.com,Pittsburgh,PA,USA,Northeast,Direct,2024-01-21
3441,Ana,Wang,ana.wang3441@example.com,Philadelphia,PA,USA,Northeast,Direct,2025-06-25
3442,Christopher,Kim,christopher.kim3442@example.com,Orlando,FL,USA,South,Direct,2023-05-14
3443,Mark,Wilson,mark.wilson3443@example.com,Orlando,FL,USA,South,Organic Search,2026-05-23
3444,Ana,Kelly,ana.kelly3444@example.com,Pittsburgh,PA,USA,Northeast,Organic Search,2024-11-30
3445,Patricia,Diaz,patricia.diaz3445@example.com,Chicago,IL,USA,Midwest,Organic Search,2025-12-26
3446,Yuki,Chen,yuki.chen3446@example.com,Seattle,WA,USA,West,Paid Social,2025-12-24
3447,Yuki,Hernandez,yuki.hernandez3447@example.com,San Antonio,TX,USA,South,Direct,2026-01-11
3448,Mason,Jackson,mason.jackson3448@example.com,Detroit,MI,USA,Midwest,Organic Search,2024-08-26
3449,Mia,Baker,mia.baker3449@example.com,Raleigh,NC,USA,South,Organic Search,2026-06-13
3450,Jose,Rao,jose.rao3450@example.com,San Jose,CA,USA,West,Paid Social,2025-01-29
3451,Lucas,Patel,lucas.patel3451@example.com,Melbourne,VIC,Australia,International,Direct,2024-12-14
3452,Thomas,Zhang,thomas.zhang3452@example.com,San Diego,CA,USA,West,Email Marketing,2023-04-16
3453,Elizabeth,Rao,elizabeth.rao3453@example.com,London,,UK,International,Paid Social,2026-01-08
3454,Elizabeth,Rodriguez,elizabeth.rodriguez3454@example.com,Portland,OR,USA,West,Paid Social,2024-01-20
3455,Liam,Garcia,liam.garcia3455@example.com,Kansas City,MO,USA,Midwest,Organic Search,2024-11-03
3456,Amelia,Martin,amelia.martin3456@example.com,Boston,MA,USA,Northeast,Referral,2023-07-22
3457,Anthony,Iyer,anthony.iyer3457@example.com,Baltimore,MD,USA,Northeast,Direct,2023-11-24
3458,Fatima,Zhang,fatima.zhang3458@example.com,San Antonio,TX,USA,South,Organic Search,2024-03-21
3459,Anthony,Zhang,anthony.zhang3459@example.com,Milwaukee,WI,USA,Midwest,Paid Social,2025-06-08
3460,Joseph,Baker,joseph.baker3460@example.com,Philadelphia,PA,USA,Northeast,Paid Social,2026-06-02
3461,Lucas,Liu,lucas.liu3461@example.com,Philadelphia,PA,USA,Northeast,Organic Search,2024-11-20
3462,Robert,Green,robert.green3462@example.com,Sydney,NSW,Australia,International,Direct,2026-03-19
3463,Nancy,Miller,nancy.miller3463@example.com,Sacramento,CA,USA,West,Paid Social,2023-04-07
3464,Charles,Yamamoto,charles.yamamoto3464@example.com,Pittsburgh,PA,USA,Northeast,Referral,2026-04-13
3465,Jose,Garcia,jose.garcia3465@example.com,Melbourne,VIC,Australia,International,Email Marketing,2024-10-03
3466,Logan,Adams,logan.adams3466@example.com,Los Angeles,CA,USA,West,Direct,2025-08-09
3467,Mary,Baker,mary.baker3467@example.com,Atlanta,GA,USA,South,Organic Search,2025-03-19
3468,Jessica,Davis,jessica.davis3468@example.com,Vancouver,BC,Canada,International,Organic Search,2026-04-12
3469,Arjun,Liu,arjun.liu3469@example.com,Dallas,TX,USA,South,Email Marketing,2025-08-29
3470,Wei,Gupta,wei.gupta3470@example.com,San Diego,CA,USA,West,Organic Search,2025-05-23
3471,Linda,Diaz,linda.diaz3471@example.com,Raleigh,NC,USA,South,Organic Search,2025-12-31
3472,Ethan,Hill,ethan.hill3472@example.com,San Diego,CA,USA,West,Organic Search,2024-11-02
3473,Sarah,Martin,sarah.martin3473@example.com,Indianapolis,IN,USA,Midwest,Direct,2024-02-28
3474,Yuki,Diaz,yuki.diaz3474@example.com,Raleigh,NC,USA,South,Paid Social,2025-02-15
3475,Sarah,Rao,sarah.rao3475@example.com,Philadelphia,PA,USA,Northeast,Organic Search,2024-12-15
3476,Ahmed,Tanaka,ahmed.tanaka3476@example.com,Denver,CO,USA,West,Organic Search,2024-05-10
3477,Linda,Hill,linda.hill3477@example.com,New York,NY,USA,Northeast,Direct,2026-01-20
3478,Chen,Garcia,chen.garcia3478@example.com,Cleveland,OH,USA,Midwest,Direct,2024-08-20
3479,Arjun,Garcia,arjun.garcia3479@example.com,Miami,FL,USA,South,Email Marketing,2025-02-08
3480,Lucas,Tanaka,lucas.tanaka3480@example.com,Columbus,OH,USA,Midwest,Paid Social,2023-08-25
3481,Rajesh,Thomas,rajesh.thomas3481@example.com,Orlando,FL,USA,South,Referral,2026-06-10
3482,Sarah,Li,sarah.li3482@example.com,Denver,CO,USA,West,Paid Social,2024-01-08
3483,Christopher,Liu,christopher.liu3483@example.com,Manchester,,UK,International,Paid Social,2026-08-24
3484,James,Patel,james.patel3484@example.com,Denver,CO,USA,West,Organic Search,2025-12-03
3485,Ananya,Taylor,ananya.taylor3485@example.com,Phoenix,AZ,USA,West,Email Marketing,2025-04-24
3486,Susan,Nguyen,susan.nguyen3486@example.com,Kansas City,MO,USA,Midwest,Referral,2024-10-24
3487,Anthony,Patel,anthony.patel3487@example.com,Salt Lake City,UT,USA,West,Email Marketing,2026-07-24
3488,Sofia,Taylor,sofia.taylor3488@example.com,Chicago,IL,USA,Midwest,Referral,2023-09-12
3489,Harper,Smith,harper.smith3489@example.com,Dallas,TX,USA,South,Paid Social,2024-03-14
3490,Charles,Wang,charles.wang3490@example.com,St. Louis,MO,USA,Midwest,Organic Search,2023-10-03
3491,Mia,Miller,mia.miller3491@example.com,Boston,MA,USA,Northeast,Direct,2024-07-08
3492,Amelia,Adams,amelia.adams3492@example.com,London,,UK,International,Organic Search,2024-10-11
3493,Robert,Tanaka,robert.tanaka3493@example.com,St. Louis,MO,USA,Midwest,Paid Social,2023-04-02
3494,Ahmed,Taylor,ahmed.taylor3494@example.com,Manchester,,UK,International,Direct,2023-01-08
3495,Daniel,Li,daniel.li3495@example.com,Salt Lake City,UT,USA,West,Direct,2024-07-23
3496,Mia,Mehta,mia.mehta3496@example.com,Nashville,TN,USA,South,Email Marketing,2024-12-19
3497,Priya,Baker,priya.baker3497@example.com,Miami,FL,USA,South,Paid Social,2025-07-18
3498,Lucas,Davis,lucas.davis3498@example.com,Kansas City,MO,USA,Midwest,Organic Search,2024-02-07
3499,Elena,Yamamoto,elena.yamamoto3499@example.com,Toronto,ON,Canada,International,Referral,2023-08-05
3500,Kavita,Baker,kavita.baker3500@example.com,Chicago,IL,USA,Midwest,Organic Search,2024-03-02
3501,Mason,Jones,mason.jones3501@example.com,Milwaukee,WI,USA,Midwest,Paid Social,2026-01-28
3502,Carlos,Li,carlos.li3502@example.com,Seattle,WA,USA,West,Direct,2024-03-15
3503,Aiden,Rao,aiden.rao3503@example.com,New York,NY,USA,Northeast,Email Marketing,2023-07-13
3504,Mary,Park,mary.park3504@example.com,New York,NY,USA,Northeast,Direct,2023-08-19
3505,Hiroshi,Gonzalez,hiroshi.gonzalez3505@example.com,Milwaukee,WI,USA,Midwest,Email Marketing,2025-05-08
3506,Lisa,Liu,lisa.liu3506@example.com,Dallas,TX,USA,South,Paid Social,2024-12-15
3507,Nancy,Williams,nancy.williams3507@example.com,Boston,MA,USA,Northeast,Organic Search,2023-12-15
3508,Sandra,Garcia,sandra.garcia3508@example.com,Sydney,NSW,Australia,International,Organic Search,2026-08-29
3509,Noah,Rodriguez,noah.rodriguez3509@example.com,New York,NY,USA,Northeast,Organic Search,2024-07-26
3510,Linda,Hill,linda.hill3510@example.com,Baltimore,MD,USA,Northeast,Direct,2024-07-11
3511,Margaret,Hernandez,margaret.hernandez3511@example.com,Nashville,TN,USA,South,Paid Social,2024-05-06
3512,Elizabeth,Brown,elizabeth.brown3512@example.com,Sydney,NSW,Australia,International,Paid Social,2026-06-15
3513,Charles,Martinez,charles.martinez3513@example.com,Nashville,TN,USA,South,Paid Social,2025-08-11
3514,Aiden,Martinez,aiden.martinez3514@example.com,Tampa,FL,USA,South,Referral,2026-03-22
3515,Lisa,Lopez,lisa.lopez3515@example.com,Cleveland,OH,USA,Midwest,Organic Search,2025-10-12
3516,Charles,Lopez,charles.lopez3516@example.com,Detroit,MI,USA,Midwest,Organic Search,2026-08-15
3517,Daniel,Nair,daniel.nair3517@example.com,San Antonio,TX,USA,South,Organic Search,2026-06-27
3518,Matthew,Martin,matthew.martin3518@example.com,Tampa,FL,USA,South,Paid Social,2023-07-23
3519,Margaret,Brown,margaret.brown3519@example.com,Las Vegas,NV,USA,West,Organic Search,2026-01-23
3520,Nancy,Brown,nancy.brown3520@example.com,Austin,TX,USA,South,Direct,2023-03-07
3521,Priya,Reddy,priya.reddy3521@example.com,St. Louis,MO,USA,Midwest,Direct,2023-05-24
3522,Betty,Nair,betty.nair3522@example.com,Salt Lake City,UT,USA,West,Direct,2023-01-21
3523,Aiden,Park,aiden.park3523@example.com,Atlanta,GA,USA,South,Organic Search,2023-07-16
3524,Sarah,Patel,sarah.patel3524@example.com,Vancouver,BC,Canada,International,Referral,2023-02-23
3525,Margaret,Nguyen,margaret.nguyen3525@example.com,Kansas City,MO,USA,Midwest,Organic Search,2023-03-12
3526,Nancy,Hernandez,nancy.hernandez3526@example.com,Philadelphia,PA,USA,Northeast,Organic Search,2026-01-12
3527,Jennifer,Green,jennifer.green3527@example.com,Milwaukee,WI,USA,Midwest,Paid Social,2023-06-04
3528,Isabella,Martinez,isabella.martinez3528@example.com,Columbus,OH,USA,Midwest,Organic Search,2024-06-03
3529,Vikram,Green,vikram.green3529@example.com,St. Louis,MO,USA,Midwest,Email Marketing,2025-10-12
3530,Nancy,Yamamoto,nancy.yamamoto3530@example.com,Phoenix,AZ,USA,West,Paid Social,2023-01-13
3531,Amit,Thomas,amit.thomas3531@example.com,St. Louis,MO,USA,Midwest,Organic Search,2023-10-24
3532,Sunita,Jackson,sunita.jackson3532@example.com,Dallas,TX,USA,South,Organic Search,2023-10-23
3533,Fatima,Smith,fatima.smith3533@example.com,Austin,TX,USA,South,Paid Social,2024-03-15
3534,Kavita,Adams,kavita.adams3534@example.com,Philadelphia,PA,USA,Northeast,Organic Search,2023-02-04
3535,Amit,Green,amit.green3535@example.com,Sacramento,CA,USA,West,Email Marketing,2025-08-29
3536,Ana,Nguyen,ana.nguyen3536@example.com,Los Angeles,CA,USA,West,Organic Search,2024-01-10
3537,Carlos,Sharma,carlos.sharma3537@example.com,San Antonio,TX,USA,South,Organic Search,2023-09-25
3538,William,Wright,william.wright3538@example.com,Kansas City,MO,USA,Midwest,Direct,2024-09-06
3539,Patricia,Torres,patricia.torres3539@example.com,Dallas,TX,USA,South,Organic Search,2024-12-07
3540,Carlos,Kim,carlos.kim3540@example.com,Salt Lake City,UT,USA,West,Paid Social,2025-02-21
3541,Susan,Miller,susan.miller3541@example.com,Vancouver,BC,Canada,International,Direct,2024-10-16
3542,Logan,Kim,logan.kim3542@example.com,Philadelphia,PA,USA,Northeast,Organic Search,2025-05-30
3543,Ahmed,Adams,ahmed.adams3543@example.com,Detroit,MI,USA,Midwest,Direct,2026-01-02
3544,Ananya,Chen,ananya.chen3544@example.com,Toronto,ON,Canada,International,Paid Social,2025-11-18
3545,Thomas,Wilson,thomas.wilson3545@example.com,Kansas City,MO,USA,Midwest,Paid Social,2023-05-01
3546,Ethan,Zhang,ethan.zhang3546@example.com,Nashville,TN,USA,South,Organic Search,2024-06-14
3547,Sandra,Rao,sandra.rao3547@example.com,Toronto,ON,Canada,International,Referral,2026-03-02
3548,John,Wang,john.wang3548@example.com,Detroit,MI,USA,Midwest,Direct,2026-03-07
3549,Chen,Martin,chen.martin3549@example.com,Chicago,IL,USA,Midwest,Organic Search,2026-03-15
3550,Amelia,Baker,amelia.baker3550@example.com,Charlotte,NC,USA,South,Paid Social,2026-07-04
3551,Betty,Sharma,betty.sharma3551@example.com,Seattle,WA,USA,West,Organic Search,2024-07-04
3552,Kavita,Rao,kavita.rao3552@example.com,Chicago,IL,USA,Midwest,Paid Social,2023-08-29
3553,Amelia,Nair,amelia.nair3553@example.com,Atlanta,GA,USA,South,Organic Search,2024-01-19
3554,Mary,Hernandez,mary.hernandez3554@example.com,Phoenix,AZ,USA,West,Referral,2024-02-13
3555,Lucas,Torres,lucas.torres3555@example.com,Austin,TX,USA,South,Email Marketing,2025-01-05
3556,James,Wilson,james.wilson3556@example.com,Indianapolis,IN,USA,Midwest,Organic Search,2023-02-12
3557,Mason,Singh,mason.singh3557@example.com,Denver,CO,USA,West,Email Marketing,2025-04-05
3558,Joseph,Nguyen,joseph.nguyen3558@example.com,New York,NY,USA,Northeast,Organic Search,2025-12-03
3559,Barbara,Davis,barbara.davis3559@example.com,Boston,MA,USA,Northeast,Organic Search,2023-01-06
3560,Barbara,Singh,barbara.singh3560@example.com,Vancouver,BC,Canada,International,Direct,2026-07-09
3561,Priya,Rodriguez,priya.rodriguez3561@example.com,Baltimore,MD,USA,Northeast,Organic Search,2025-07-24
3562,Logan,Baker,logan.baker3562@example.com,Vancouver,BC,Canada,International,Direct,2026-06-19
3563,Mary,Liu,mary.liu3563@example.com,Miami,FL,USA,South,Organic Search,2023-06-18
3564,Elena,Chen,elena.chen3564@example.com,Boston,MA,USA,Northeast,Paid Social,2023-03-25
3565,Mia,Moore,mia.moore3565@example.com,Seattle,WA,USA,West,Organic Search,2023-09-01
3566,Arjun,Rao,arjun.rao3566@example.com,Philadelphia,PA,USA,Northeast,Referral,2025-12-07
3567,Wei,Garcia,wei.garcia3567@example.com,Manchester,,UK,International,Paid Social,2025-01-26
3568,Jin,Li,jin.li3568@example.com,Austin,TX,USA,South,Direct,2024-09-24
3569,Robert,Gonzalez,robert.gonzalez3569@example.com,Melbourne,VIC,Australia,International,Organic Search,2023-01-25
3570,Anthony,Sharma,anthony.sharma3570@example.com,Denver,CO,USA,West,Organic Search,2025-04-21
3571,Mei,Singh,mei.singh3571@example.com,Vancouver,BC,Canada,International,Direct,2024-05-27
3572,Kavita,Reddy,kavita.reddy3572@example.com,Pittsburgh,PA,USA,Northeast,Paid Social,2023-04-20
3573,Sarah,Moore,sarah.moore3573@example.com,Los Angeles,CA,USA,West,Email Marketing,2026-01-09
3574,Ethan,Martinez,ethan.martinez3574@example.com,Dallas,TX,USA,South,Direct,2025-11-17
3575,Neha,Smith,neha.smith3575@example.com,Austin,TX,USA,South,Referral,2025-03-11
3576,Amelia,Gupta,amelia.gupta3576@example.com,Milwaukee,WI,USA,Midwest,Email Marketing,2025-10-14
3577,Mei,Rodriguez,mei.rodriguez3577@example.com,Kansas City,MO,USA,Midwest,Organic Search,2025-01-04
3578,Matthew,Nair,matthew.nair3578@example.com,Portland,OR,USA,West,Organic Search,2024-03-31
3579,Emma,Johnson,emma.johnson3579@example.com,New York,NY,USA,Northeast,Organic Search,2023-11-23
3580,Sarah,Yamamoto,sarah.yamamoto3580@example.com,Miami,FL,USA,South,Organic Search,2023-08-26
3581,David,Kelly,david.kelly3581@example.com,Columbus,OH,USA,Midwest,Email Marketing,2024-11-01
3582,Robert,Jackson,robert.jackson3582@example.com,Orlando,FL,USA,South,Organic Search,2023-03-06
3583,Daniel,Anderson,daniel.anderson3583@example.com,Houston,TX,USA,South,Organic Search,2025-04-16
3584,William,Rodriguez,william.rodriguez3584@example.com,Toronto,ON,Canada,International,Organic Search,2023-10-21
3585,Patricia,Garcia,patricia.garcia3585@example.com,Columbus,OH,USA,Midwest,Organic Search,2023-09-18
3586,Elena,Jones,elena.jones3586@example.com,Minneapolis,MN,USA,Midwest,Organic Search,2023-03-02
3587,Rohan,Liu,rohan.liu3587@example.com,Cleveland,OH,USA,Midwest,Organic Search,2025-05-29
3588,Mei,Anderson,mei.anderson3588@example.com,Boston,MA,USA,Northeast,Organic Search,2023-04-05
3589,Amit,Wright,amit.wright3589@example.com,Columbus,OH,USA,Midwest,Email Marketing,2025-06-19
3590,Mark,Kelly,mark.kelly3590@example.com,Portland,OR,USA,West,Paid Social,2023-02-21
3591,Barbara,Patel,barbara.patel3591@example.com,Denver,CO,USA,West,Organic Search,2025-10-19
3592,Anthony,Flores,anthony.flores3592@example.com,Portland,OR,USA,West,Paid Social,2023-11-01
3593,Hiroshi,Yamamoto,hiroshi.yamamoto3593@example.com,St. Louis,MO,USA,Midwest,Organic Search,2025-04-19
3594,Christopher,Sharma,christopher.sharma3594@example.com,San Antonio,TX,USA,South,Direct,2023-09-16
3595,Lisa,Reddy,lisa.reddy3595@example.com,Sacramento,CA,USA,West,Referral,2025-11-09
3596,Omar,Hill,omar.hill3596@example.com,Tampa,FL,USA,South,Referral,2025-03-30
3597,Thomas,Moore,thomas.moore3597@example.com,Phoenix,AZ,USA,West,Referral,2026-06-26
3598,Sofia,Liu,sofia.liu3598@example.com,Sacramento,CA,USA,West,Paid Social,2024-07-06
3599,Rajesh,Chen,rajesh.chen3599@example.com,Kansas City,MO,USA,Midwest,Email Marketing,2023-11-23
3600,Anthony,Kumar,anthony.kumar3600@example.com,New York,NY,USA,Northeast,Organic Search,2023-08-11
3601,Sunita,Li,sunita.li3601@example.com,Vancouver,BC,Canada,International,Paid Social,2024-09-09
3602,Thomas,Thomas,thomas.thomas3602@example.com,Atlanta,GA,USA,South,Email Marketing,2024-03-05
3603,Amit,Flores,amit.flores3603@example.com,St. Louis,MO,USA,Midwest,Email Marketing,2025-02-13
3604,Joseph,Martinez,joseph.martinez3604@example.com,Philadelphia,PA,USA,Northeast,Organic Search,2026-07-28
3605,Ananya,Park,ananya.park3605@example.com,Minneapolis,MN,USA,Midwest,Organic Search,2024-06-09
3606,Daniel,Johnson,daniel.johnson3606@example.com,Orlando,FL,USA,South,Direct,2024-07-20
3607,Barbara,Baker,barbara.baker3607@example.com,San Diego,CA,USA,West,Organic Search,2026-06-08
3608,Betty,Liu,betty.liu3608@example.com,Toronto,ON,Canada,International,Organic Search,2023-10-28
3609,James,Scott,james.scott3609@example.com,Pittsburgh,PA,USA,Northeast,Organic Search,2024-04-06
3610,Neha,Li,neha.li3610@example.com,Milwaukee,WI,USA,Midwest,Email Marketing,2023-05-13
3611,Vikram,Kim,vikram.kim3611@example.com,St. Louis,MO,USA,Midwest,Paid Social,2025-04-09
3612,Robert,Gupta,robert.gupta3612@example.com,San Antonio,TX,USA,South,Email Marketing,2023-03-31
3613,Christopher,Kumar,christopher.kumar3613@example.com,Portland,OR,USA,West,Organic Search,2024-07-25
3614,Lisa,Thomas,lisa.thomas3614@example.com,Los Angeles,CA,USA,West,Organic Search,2025-04-02
3615,Amelia,Iyer,amelia.iyer3615@example.com,New York,NY,USA,Northeast,Email Marketing,2024-05-05
3616,Richard,Hill,richard.hill3616@example.com,Milwaukee,WI,USA,Midwest,Paid Social,2023-04-30
3617,Linda,Diaz,linda.diaz3617@example.com,Charlotte,NC,USA,South,Organic Search,2025-07-03
3618,Michael,Garcia,michael.garcia3618@example.com,Philadelphia,PA,USA,Northeast,Email Marketing,2023-03-08
3619,Anthony,Martin,anthony.martin3619@example.com,Las Vegas,NV,USA,West,Email Marketing,2024-05-07
3620,Isabella,Green,isabella.green3620@example.com,San Antonio,TX,USA,South,Direct,2025-08-13
3621,Omar,Williams,omar.williams3621@example.com,San Antonio,TX,USA,South,Email Marketing,2025-03-05
3622,Karen,Adams,karen.adams3622@example.com,Minneapolis,MN,USA,Midwest,Direct,2026-06-17
3623,Michael,Flores,michael.flores3623@example.com,Milwaukee,WI,USA,Midwest,Organic Search,2026-04-06
3624,Noah,Zhang,noah.zhang3624@example.com,Miami,FL,USA,South,Email Marketing,2023-01-20
3625,Elizabeth,Wilson,elizabeth.wilson3625@example.com,Sacramento,CA,USA,West,Paid Social,2024-11-22
3626,Jessica,Johnson,jessica.johnson3626@example.com,Las Vegas,NV,USA,West,Referral,2026-02-17
3627,Olivia,Zhang,olivia.zhang3627@example.com,New York,NY,USA,Northeast,Paid Social,2025-08-16
3628,Linda,Hill,linda.hill3628@example.com,Seattle,WA,USA,West,Paid Social,2025-04-30
3629,Patricia,Yamamoto,patricia.yamamoto3629@example.com,Milwaukee,WI,USA,Midwest,Organic Search,2026-06-14
3630,Karen,Rodriguez,karen.rodriguez3630@example.com,Charlotte,NC,USA,South,Direct,2026-04-19
3631,Luis,Taylor,luis.taylor3631@example.com,Las Vegas,NV,USA,West,Paid Social,2023-09-05
3632,Lucas,Patel,lucas.patel3632@example.com,Seattle,WA,USA,West,Organic Search,2025-05-08
3633,Susan,Smith,susan.smith3633@example.com,Columbus,OH,USA,Midwest,Email Marketing,2026-01-25
3634,Maria,Gupta,maria.gupta3634@example.com,Kansas City,MO,USA,Midwest,Email Marketing,2025-10-22
3635,Nancy,Wright,nancy.wright3635@example.com,Boston,MA,USA,Northeast,Direct,2024-08-23
3636,Sarah,Wilson,sarah.wilson3636@example.com,Orlando,FL,USA,South,Referral,2023-11-29
3637,Jessica,Reddy,jessica.reddy3637@example.com,London,,UK,International,Organic Search,2025-02-26
3638,Ana,Yamamoto,ana.yamamoto3638@example.com,Minneapolis,MN,USA,Midwest,Email Marketing,2024-06-15
3639,Aiden,Johnson,aiden.johnson3639@example.com,Tampa,FL,USA,South,Email Marketing,2024-12-31
3640,Jessica,Thomas,jessica.thomas3640@example.com,Vancouver,BC,Canada,International,Email Marketing,2025-01-16
3641,Charles,Garcia,charles.garcia3641@example.com,Atlanta,GA,USA,South,Organic Search,2023-08-25
3642,Sunita,Martinez,sunita.martinez3642@example.com,Tampa,FL,USA,South,Organic Search,2025-09-10
3643,Margaret,Gonzalez,margaret.gonzalez3643@example.com,Cleveland,OH,USA,Midwest,Organic Search,2026-08-21
3644,Rohan,Hernandez,rohan.hernandez3644@example.com,Detroit,MI,USA,Midwest,Email Marketing,2023-08-19
3645,Mark,Tanaka,mark.tanaka3645@example.com,Dallas,TX,USA,South,Organic Search,2024-08-22
3646,Mark,Johnson,mark.johnson3646@example.com,New York,NY,USA,Northeast,Organic Search,2023-08-08
3647,Elizabeth,Smith,elizabeth.smith3647@example.com,Atlanta,GA,USA,South,Email Marketing,2023-04-06
3648,Jose,Jones,jose.jones3648@example.com,Tampa,FL,USA,South,Paid Social,2025-01-16
3649,Luis,Diaz,luis.diaz3649@example.com,Detroit,MI,USA,Midwest,Paid Social,2024-05-16
3650,Jin,Anderson,jin.anderson3650@example.com,Portland,OR,USA,West,Paid Social,2023-07-11
3651,Robert,Davis,robert.davis3651@example.com,Nashville,TN,USA,South,Referral,2025-05-11
3652,Karen,Wang,karen.wang3652@example.com,Milwaukee,WI,USA,Midwest,Email Marketing,2026-04-13
3653,Jessica,Sharma,jessica.sharma3653@example.com,Las Vegas,NV,USA,West,Organic Search,2024-11-21
3654,Joseph,Rodriguez,joseph.rodriguez3654@example.com,Salt Lake City,UT,USA,West,Direct,2025-07-08
3655,Jin,Miller,jin.miller3655@example.com,Dallas,TX,USA,South,Organic Search,2025-02-01
3656,Isabella,Li,isabella.li3656@example.com,San Antonio,TX,USA,South,Paid Social,2024-06-15
3657,Jennifer,Adams,jennifer.adams3657@example.com,Manchester,,UK,International,Paid Social,2024-04-10
3658,Robert,Martinez,robert.martinez3658@example.com,Detroit,MI,USA,Midwest,Email Marketing,2025-06-10
3659,Jose,Baker,jose.baker3659@example.com,Nashville,TN,USA,South,Paid Social,2025-08-05
3660,John,Gupta,john.gupta3660@example.com,Phoenix,AZ,USA,West,Paid Social,2023-02-25
3661,Linda,Li,linda.li3661@example.com,Kansas City,MO,USA,Midwest,Organic Search,2025-02-25
3662,Sophia,Liu,sophia.liu3662@example.com,Seattle,WA,USA,West,Paid Social,2023-05-06
3663,Lucas,Sharma,lucas.sharma3663@example.com,Portland,OR,USA,West,Referral,2025-12-21
3664,Lisa,Rao,lisa.rao3664@example.com,Detroit,MI,USA,Midwest,Email Marketing,2024-09-09
3665,Mei,Hill,mei.hill3665@example.com,Kansas City,MO,USA,Midwest,Direct,2025-02-24
3666,Daniel,Patel,daniel.patel3666@example.com,Boston,MA,USA,Northeast,Direct,2025-03-18
3667,Ahmed,Martinez,ahmed.martinez3667@example.com,Sacramento,CA,USA,West,Organic Search,2025-11-23
3668,Jennifer,Rao,jennifer.rao3668@example.com,St. Louis,MO,USA,Midwest,Paid Social,2023-10-06
3669,Ana,Torres,ana.torres3669@example.com,Indianapolis,IN,USA,Midwest,Organic Search,2023-05-19
3670,Anthony,Patel,anthony.patel3670@example.com,Indianapolis,IN,USA,Midwest,Direct,2025-04-01
3671,Sarah,Gupta,sarah.gupta3671@example.com,Manchester,,UK,International,Organic Search,2025-12-19
3672,Ethan,Chen,ethan.chen3672@example.com,Manchester,,UK,International,Organic Search,2023-03-03
3673,Mason,Zhang,mason.zhang3673@example.com,Orlando,FL,USA,South,Direct,2024-04-23
3674,Jin,Baker,jin.baker3674@example.com,Cleveland,OH,USA,Midwest,Direct,2024-06-15
3675,Patricia,Torres,patricia.torres3675@example.com,Raleigh,NC,USA,South,Referral,2026-05-21
3676,Aiden,Gonzalez,aiden.gonzalez3676@example.com,Vancouver,BC,Canada,International,Paid Social,2023-06-21
3677,Mei,Park,mei.park3677@example.com,Sacramento,CA,USA,West,Paid Social,2024-06-11
3678,Wei,Gonzalez,wei.gonzalez3678@example.com,Atlanta,GA,USA,South,Paid Social,2023-04-29
3679,Ethan,Park,ethan.park3679@example.com,Kansas City,MO,USA,Midwest,Paid Social,2024-11-25
3680,Christopher,Iyer,christopher.iyer3680@example.com,Phoenix,AZ,USA,West,Direct,2023-02-26
3681,Amelia,Taylor,amelia.taylor3681@example.com,Austin,TX,USA,South,Email Marketing,2025-09-03
3682,Ahmed,Green,ahmed.green3682@example.com,Dallas,TX,USA,South,Paid Social,2024-02-27
3683,Daniel,Lopez,daniel.lopez3683@example.com,Austin,TX,USA,South,Paid Social,2023-08-06
3684,Noah,Kumar,noah.kumar3684@example.com,Baltimore,MD,USA,Northeast,Paid Social,2023-09-05
3685,Susan,Iyer,susan.iyer3685@example.com,San Jose,CA,USA,West,Organic Search,2024-08-26
3686,Harper,Kumar,harper.kumar3686@example.com,San Diego,CA,USA,West,Organic Search,2026-02-05
3687,Sandra,Williams,sandra.williams3687@example.com,Cleveland,OH,USA,Midwest,Organic Search,2023-08-01
3688,Mary,Wilson,mary.wilson3688@example.com,London,,UK,International,Email Marketing,2024-01-02
3689,Lisa,Green,lisa.green3689@example.com,St. Louis,MO,USA,Midwest,Referral,2026-03-10
3690,Mary,Miller,mary.miller3690@example.com,Nashville,TN,USA,South,Organic Search,2025-03-25
3691,Elizabeth,Brown,elizabeth.brown3691@example.com,Pittsburgh,PA,USA,Northeast,Paid Social,2023-05-27
3692,Robert,Wilson,robert.wilson3692@example.com,Philadelphia,PA,USA,Northeast,Paid Social,2024-02-02
3693,Jennifer,Patel,jennifer.patel3693@example.com,New York,NY,USA,Northeast,Referral,2024-08-19
3694,Anthony,Lopez,anthony.lopez3694@example.com,St. Louis,MO,USA,Midwest,Email Marketing,2024-01-11
3695,Vikram,Singh,vikram.singh3695@example.com,Vancouver,BC,Canada,International,Organic Search,2023-08-20
3696,Olivia,Hernandez,olivia.hernandez3696@example.com,Vancouver,BC,Canada,International,Organic Search,2025-06-27
3697,Priya,Yamamoto,priya.yamamoto3697@example.com,New York,NY,USA,Northeast,Paid Social,2026-02-26
3698,Fatima,Adams,fatima.adams3698@example.com,Atlanta,GA,USA,South,Organic Search,2023-11-17
3699,Mei,Miller,mei.miller3699@example.com,Manchester,,UK,International,Organic Search,2026-05-23
3700,Noah,Diaz,noah.diaz3700@example.com,San Jose,CA,USA,West,Referral,2025-10-07
3701,Barbara,Hernandez,barbara.hernandez3701@example.com,Vancouver,BC,Canada,International,Organic Search,2025-03-04
3702,Michael,Martin,michael.martin3702@example.com,Vancouver,BC,Canada,International,Email Marketing,2023-05-02
3703,Chen,Hill,chen.hill3703@example.com,St. Louis,MO,USA,Midwest,Paid Social,2026-08-15
3704,Nancy,Mehta,nancy.mehta3704@example.com,San Jose,CA,USA,West,Paid Social,2024-09-14
3705,Anthony,Kim,anthony.kim3705@example.com,Baltimore,MD,USA,Northeast,Organic Search,2026-07-07
3706,Robert,Rao,robert.rao3706@example.com,New York,NY,USA,Northeast,Paid Social,2026-01-23
3707,James,Nair,james.nair3707@example.com,Baltimore,MD,USA,Northeast,Referral,2025-04-25
3708,Robert,Hernandez,robert.hernandez3708@example.com,Chicago,IL,USA,Midwest,Paid Social,2023-07-31
3709,Nancy,Park,nancy.park3709@example.com,Chicago,IL,USA,Midwest,Organic Search,2023-06-09
3710,Sunita,Thomas,sunita.thomas3710@example.com,Sydney,NSW,Australia,International,Organic Search,2024-06-14
3711,John,Kim,john.kim3711@example.com,Seattle,WA,USA,West,Organic Search,2023-11-18
3712,Matthew,Thomas,matthew.thomas3712@example.com,Indianapolis,IN,USA,Midwest,Organic Search,2023-12-10
3713,David,Williams,david.williams3713@example.com,Austin,TX,USA,South,Email Marketing,2026-08-28
3714,Hiroshi,Brown,hiroshi.brown3714@example.com,San Diego,CA,USA,West,Direct,2024-04-08
3715,Neha,Patel,neha.patel3715@example.com,Chicago,IL,USA,Midwest,Organic Search,2025-04-09
3716,Neha,Diaz,neha.diaz3716@example.com,Indianapolis,IN,USA,Midwest,Direct,2024-05-17
3717,Christopher,Jackson,christopher.jackson3717@example.com,Denver,CO,USA,West,Paid Social,2023-12-01
3718,Thomas,Smith,thomas.smith3718@example.com,Salt Lake City,UT,USA,West,Organic Search,2026-03-01
3719,Logan,Wright,logan.wright3719@example.com,Seattle,WA,USA,West,Organic Search,2024-07-05
3720,Barbara,Hernandez,barbara.hernandez3720@example.com,London,,UK,International,Organic Search,2024-11-13
3721,Fatima,Sharma,fatima.sharma3721@example.com,Sydney,NSW,Australia,International,Direct,2023-10-02
3722,Jessica,Martinez,jessica.martinez3722@example.com,Denver,CO,USA,West,Referral,2025-04-02
3723,Sophia,Mehta,sophia.mehta3723@example.com,Portland,OR,USA,West,Direct,2024-07-23
3724,Mary,Singh,mary.singh3724@example.com,Columbus,OH,USA,Midwest,Direct,2024-07-03
3725,Anthony,Rao,anthony.rao3725@example.com,Miami,FL,USA,South,Direct,2023-07-20
3726,Lisa,Reddy,lisa.reddy3726@example.com,Sacramento,CA,USA,West,Organic Search,2024-04-14
3727,Jose,Anderson,jose.anderson3727@example.com,Orlando,FL,USA,South,Organic Search,2025-05-17
3728,Vikram,Chen,vikram.chen3728@example.com,Atlanta,GA,USA,South,Organic Search,2025-11-07
3729,Ahmed,Taylor,ahmed.taylor3729@example.com,Tampa,FL,USA,South,Organic Search,2023-10-18
3730,Elena,Davis,elena.davis3730@example.com,Sacramento,CA,USA,West,Email Marketing,2024-04-13
3731,Christopher,Scott,christopher.scott3731@example.com,Salt Lake City,UT,USA,West,Email Marketing,2024-10-07
3732,Kavita,Brown,kavita.brown3732@example.com,Charlotte,NC,USA,South,Organic Search,2023-08-05
3733,Sandra,Patel,sandra.patel3733@example.com,Minneapolis,MN,USA,Midwest,Organic Search,2023-07-12
3734,Sarah,Miller,sarah.miller3734@example.com,London,,UK,International,Direct,2024-09-05
3735,Michael,Zhang,michael.zhang3735@example.com,Sacramento,CA,USA,West,Paid Social,2026-04-25
3736,Sarah,Taylor,sarah.taylor3736@example.com,Kansas City,MO,USA,Midwest,Direct,2023-09-17
3737,Ananya,Rodriguez,ananya.rodriguez3737@example.com,Austin,TX,USA,South,Referral,2025-10-24
3738,Ananya,Kelly,ananya.kelly3738@example.com,Atlanta,GA,USA,South,Direct,2026-01-10
3739,Lisa,Green,lisa.green3739@example.com,New York,NY,USA,Northeast,Organic Search,2026-01-16
3740,Jennifer,Iyer,jennifer.iyer3740@example.com,Baltimore,MD,USA,Northeast,Direct,2026-03-22
3741,Anthony,Thomas,anthony.thomas3741@example.com,San Jose,CA,USA,West,Direct,2026-02-17
3742,Richard,Gupta,richard.gupta3742@example.com,Sydney,NSW,Australia,International,Referral,2023-12-06
3743,Harper,Scott,harper.scott3743@example.com,Detroit,MI,USA,Midwest,Referral,2024-07-17
3744,Mason,Patel,mason.patel3744@example.com,Melbourne,VIC,Australia,International,Paid Social,2025-01-05
3745,Amelia,Gonzalez,amelia.gonzalez3745@example.com,Salt Lake City,UT,USA,West,Organic Search,2024-10-18
3746,Sophia,Rodriguez,sophia.rodriguez3746@example.com,Orlando,FL,USA,South,Email Marketing,2023-02-06
3747,Kavita,Reddy,kavita.reddy3747@example.com,Las Vegas,NV,USA,West,Organic Search,2026-04-12
3748,Maria,Martin,maria.martin3748@example.com,Indianapolis,IN,USA,Midwest,Email Marketing,2026-07-29
3749,Jose,Garcia,jose.garcia3749@example.com,London,,UK,International,Paid Social,2026-02-11
3750,Lisa,Gupta,lisa.gupta3750@example.com,New York,NY,USA,Northeast,Direct,2025-12-28
3751,Ahmed,Hernandez,ahmed.hernandez3751@example.com,Portland,OR,USA,West,Paid Social,2026-02-05
3752,Ananya,Lopez,ananya.lopez3752@example.com,New York,NY,USA,Northeast,Organic Search,2023-12-14
3753,Arjun,Moore,arjun.moore3753@example.com,Philadelphia,PA,USA,Northeast,Organic Search,2026-03-20
3754,Mary,Smith,mary.smith3754@example.com,Manchester,,UK,International,Direct,2025-05-05
3755,Olivia,Williams,olivia.williams3755@example.com,Dallas,TX,USA,South,Paid Social,2023-01-01
3756,Yuki,Brown,yuki.brown3756@example.com,London,,UK,International,Paid Social,2024-02-02
3757,Sophia,Jackson,sophia.jackson3757@example.com,Chicago,IL,USA,Midwest,Organic Search,2024-04-19
3758,Michael,Green,michael.green3758@example.com,Philadelphia,PA,USA,Northeast,Paid Social,2024-05-18
3759,Betty,Liu,betty.liu3759@example.com,Sydney,NSW,Australia,International,Organic Search,2023-11-25
3760,Noah,Garcia,noah.garcia3760@example.com,Philadelphia,PA,USA,Northeast,Referral,2024-03-31
3761,James,Diaz,james.diaz3761@example.com,Chicago,IL,USA,Midwest,Paid Social,2023-02-13
3762,Charles,Mehta,charles.mehta3762@example.com,Baltimore,MD,USA,Northeast,Direct,2024-10-18
3763,Ahmed,Davis,ahmed.davis3763@example.com,St. Louis,MO,USA,Midwest,Email Marketing,2023-04-23
3764,Chen,Rodriguez,chen.rodriguez3764@example.com,Orlando,FL,USA,South,Organic Search,2025-12-12
3765,Carlos,Smith,carlos.smith3765@example.com,New York,NY,USA,Northeast,Paid Social,2024-04-12
3766,Betty,Moore,betty.moore3766@example.com,Pittsburgh,PA,USA,Northeast,Organic Search,2025-05-21
3767,Mark,Torres,mark.torres3767@example.com,San Diego,CA,USA,West,Organic Search,2024-02-10
3768,Joseph,Smith,joseph.smith3768@example.com,Sydney,NSW,Australia,International,Organic Search,2023-07-10
3769,Sunita,Rodriguez,sunita.rodriguez3769@example.com,Charlotte,NC,USA,South,Direct,2025-03-07
3770,Neha,Davis,neha.davis3770@example.com,Charlotte,NC,USA,South,Paid Social,2025-08-08
3771,Luis,Zhang,luis.zhang3771@example.com,Cleveland,OH,USA,Midwest,Paid Social,2025-05-10
3772,John,Iyer,john.iyer3772@example.com,Indianapolis,IN,USA,Midwest,Email Marketing,2026-05-22
3773,Jennifer,Moore,jennifer.moore3773@example.com,Pittsburgh,PA,USA,Northeast,Email Marketing,2025-08-27
3774,Yuki,Miller,yuki.miller3774@example.com,Milwaukee,WI,USA,Midwest,Paid Social,2023-02-10
3775,Isabella,Nguyen,isabella.nguyen3775@example.com,Sydney,NSW,Australia,International,Paid Social,2023-12-20
3776,Lisa,Williams,lisa.williams3776@example.com,San Jose,CA,USA,West,Organic Search,2024-03-24
3777,Kavita,Baker,kavita.baker3777@example.com,Nashville,TN,USA,South,Organic Search,2025-10-13
3778,Kavita,Gupta,kavita.gupta3778@example.com,Pittsburgh,PA,USA,Northeast,Email Marketing,2024-02-07
3779,Luis,Tanaka,luis.tanaka3779@example.com,Boston,MA,USA,Northeast,Paid Social,2023-01-23
3780,Rajesh,Baker,rajesh.baker3780@example.com,Salt Lake City,UT,USA,West,Paid Social,2024-04-06
3781,Sarah,Nair,sarah.nair3781@example.com,Toronto,ON,Canada,International,Paid Social,2024-07-29
3782,Daniel,Gonzalez,daniel.gonzalez3782@example.com,Raleigh,NC,USA,South,Paid Social,2024-06-29
3783,Mary,Smith,mary.smith3783@example.com,Manchester,,UK,International,Organic Search,2025-10-22
3784,Wei,Chen,wei.chen3784@example.com,Nashville,TN,USA,South,Organic Search,2025-03-11
3785,Priya,Sharma,priya.sharma3785@example.com,London,,UK,International,Direct,2023-03-08
3786,Mark,Chen,mark.chen3786@example.com,Salt Lake City,UT,USA,West,Organic Search,2025-05-25
3787,Lucas,Wright,lucas.wright3787@example.com,Melbourne,VIC,Australia,International,Paid Social,2023-07-12
3788,Emma,Li,emma.li3788@example.com,Raleigh,NC,USA,South,Organic Search,2024-03-10
3789,Fatima,Flores,fatima.flores3789@example.com,Tampa,FL,USA,South,Organic Search,2025-07-13
3790,Hiroshi,Nair,hiroshi.nair3790@example.com,Boston,MA,USA,Northeast,Email Marketing,2025-08-15
3791,Luis,Adams,luis.adams3791@example.com,Seattle,WA,USA,West,Paid Social,2023-05-18
3792,Sunita,Diaz,sunita.diaz3792@example.com,Philadelphia,PA,USA,Northeast,Paid Social,2025-11-25
3793,John,Brown,john.brown3793@example.com,Austin,TX,USA,South,Paid Social,2023-12-08
3794,Joseph,Smith,joseph.smith3794@example.com,Raleigh,NC,USA,South,Organic Search,2023-03-25
3795,Luis,Johnson,luis.johnson3795@example.com,Detroit,MI,USA,Midwest,Referral,2025-01-14
3796,Elena,Williams,elena.williams3796@example.com,Miami,FL,USA,South,Email Marketing,2024-04-11
3797,Olivia,Moore,olivia.moore3797@example.com,Pittsburgh,PA,USA,Northeast,Direct,2024-05-18
3798,Fatima,Chen,fatima.chen3798@example.com,Sacramento,CA,USA,West,Direct,2023-02-15
3799,Aiden,Diaz,aiden.diaz3799@example.com,San Diego,CA,USA,West,Paid Social,2023-10-05
3800,Lisa,Nair,lisa.nair3800@example.com,St. Louis,MO,USA,Midwest,Email Marketing,2025-08-31
3801,Vikram,Baker,vikram.baker3801@example.com,Philadelphia,PA,USA,Northeast,Direct,2025-11-14
3802,Ethan,Iyer,ethan.iyer3802@example.com,Miami,FL,USA,South,Organic Search,2024-11-05
3803,Jennifer,Singh,jennifer.singh3803@example.com,Las Vegas,NV,USA,West,Direct,2026-03-18
3804,Sunita,Torres,sunita.torres3804@example.com,San Jose,CA,USA,West,Direct,2026-06-19
3805,Ethan,Adams,ethan.adams3805@example.com,Las Vegas,NV,USA,West,Referral,2023-02-19
3806,Wei,Kelly,wei.kelly3806@example.com,Atlanta,GA,USA,South,Email Marketing,2026-07-28
3807,Sarah,Rodriguez,sarah.rodriguez3807@example.com,San Diego,CA,USA,West,Direct,2023-05-01
3808,Elena,Adams,elena.adams3808@example.com,Phoenix,AZ,USA,West,Paid Social,2025-04-02
3809,Olivia,Johnson,olivia.johnson3809@example.com,St. Louis,MO,USA,Midwest,Paid Social,2024-01-18
3810,David,Reddy,david.reddy3810@example.com,San Jose,CA,USA,West,Paid Social,2023-01-31
3811,Daniel,Baker,daniel.baker3811@example.com,Milwaukee,WI,USA,Midwest,Email Marketing,2023-06-14
3812,Logan,Hernandez,logan.hernandez3812@example.com,Baltimore,MD,USA,Northeast,Organic Search,2023-11-12
3813,Mei,Baker,mei.baker3813@example.com,Indianapolis,IN,USA,Midwest,Direct,2024-04-22
3814,Emma,Green,emma.green3814@example.com,New York,NY,USA,Northeast,Paid Social,2024-09-22
3815,Nancy,Reddy,nancy.reddy3815@example.com,London,,UK,International,Organic Search,2023-03-03
3816,Logan,Torres,logan.torres3816@example.com,Denver,CO,USA,West,Referral,2023-06-28
3817,Priya,Sharma,priya.sharma3817@example.com,Portland,OR,USA,West,Direct,2026-08-03
3818,Robert,Davis,robert.davis3818@example.com,Detroit,MI,USA,Midwest,Paid Social,2026-03-04
3819,Omar,Rao,omar.rao3819@example.com,Los Angeles,CA,USA,West,Referral,2026-05-11
3820,Yuki,Liu,yuki.liu3820@example.com,Sacramento,CA,USA,West,Organic Search,2025-01-23
3821,Amelia,Hernandez,amelia.hernandez3821@example.com,Nashville,TN,USA,South,Organic Search,2025-11-15
3822,Vikram,Scott,vikram.scott3822@example.com,Denver,CO,USA,West,Email Marketing,2023-10-28
3823,Elizabeth,Mehta,elizabeth.mehta3823@example.com,Salt Lake City,UT,USA,West,Organic Search,2025-08-23
3824,James,Singh,james.singh3824@example.com,Melbourne,VIC,Australia,International,Paid Social,2026-08-05
3825,Mark,Torres,mark.torres3825@example.com,San Diego,CA,USA,West,Paid Social,2026-08-14
3826,Michael,Miller,michael.miller3826@example.com,Tampa,FL,USA,South,Direct,2024-06-01
3827,Charles,Wright,charles.wright3827@example.com,Milwaukee,WI,USA,Midwest,Organic Search,2023-01-04
3828,Liam,Baker,liam.baker3828@example.com,Chicago,IL,USA,Midwest,Organic Search,2023-04-22
3829,Karen,Nair,karen.nair3829@example.com,Melbourne,VIC,Australia,International,Organic Search,2025-07-02
3830,Anthony,Johnson,anthony.johnson3830@example.com,Milwaukee,WI,USA,Midwest,Direct,2023-03-06
3831,David,Mehta,david.mehta3831@example.com,San Jose,CA,USA,West,Paid Social,2025-12-18
3832,Omar,Yamamoto,omar.yamamoto3832@example.com,Columbus,OH,USA,Midwest,Direct,2024-08-29
3833,Amelia,Sharma,amelia.sharma3833@example.com,Los Angeles,CA,USA,West,Direct,2023-02-09
3834,Mason,Li,mason.li3834@example.com,London,,UK,International,Referral,2026-03-03
3835,Noah,Kelly,noah.kelly3835@example.com,Nashville,TN,USA,South,Organic Search,2025-05-08
3836,Elena,Kim,elena.kim3836@example.com,San Diego,CA,USA,West,Direct,2025-02-27
3837,Nancy,Chen,nancy.chen3837@example.com,Orlando,FL,USA,South,Paid Social,2023-02-01
3838,Amelia,Rodriguez,amelia.rodriguez3838@example.com,Los Angeles,CA,USA,West,Organic Search,2023-09-03
3839,Daniel,Nair,daniel.nair3839@example.com,Charlotte,NC,USA,South,Direct,2024-06-25
3840,Margaret,Sharma,margaret.sharma3840@example.com,Manchester,,UK,International,Paid Social,2026-08-26
3841,Ananya,Patel,ananya.patel3841@example.com,Raleigh,NC,USA,South,Direct,2025-09-19
3842,William,Lopez,william.lopez3842@example.com,New York,NY,USA,Northeast,Direct,2024-08-27
3843,Charles,Martin,charles.martin3843@example.com,San Jose,CA,USA,West,Direct,2025-02-04
3844,Robert,Kim,robert.kim3844@example.com,Philadelphia,PA,USA,Northeast,Referral,2023-11-16
3845,Emma,Kumar,emma.kumar3845@example.com,Denver,CO,USA,West,Organic Search,2026-02-03
3846,Liam,Reddy,liam.reddy3846@example.com,Houston,TX,USA,South,Organic Search,2025-02-10
3847,Liam,Smith,liam.smith3847@example.com,Dallas,TX,USA,South,Referral,2024-08-24
3848,Wei,Rodriguez,wei.rodriguez3848@example.com,Portland,OR,USA,West,Organic Search,2024-12-27
3849,Elena,Taylor,elena.taylor3849@example.com,Milwaukee,WI,USA,Midwest,Direct,2025-12-27
3850,Jose,Baker,jose.baker3850@example.com,Nashville,TN,USA,South,Direct,2024-05-12
3851,Kavita,Li,kavita.li3851@example.com,Salt Lake City,UT,USA,West,Organic Search,2024-12-22
3852,Liam,Wang,liam.wang3852@example.com,Denver,CO,USA,West,Paid Social,2024-07-20
3853,Ahmed,Nair,ahmed.nair3853@example.com,Austin,TX,USA,South,Referral,2023-09-18
3854,John,Singh,john.singh3854@example.com,Orlando,FL,USA,South,Email Marketing,2026-05-22
3855,Amelia,Nair,amelia.nair3855@example.com,Detroit,MI,USA,Midwest,Direct,2023-09-22
3856,Amit,Tanaka,amit.tanaka3856@example.com,Baltimore,MD,USA,Northeast,Referral,2023-12-23
3857,Michael,Taylor,michael.taylor3857@example.com,Columbus,OH,USA,Midwest,Direct,2025-03-03
3858,Sofia,Tanaka,sofia.tanaka3858@example.com,Sydney,NSW,Australia,International,Organic Search,2025-02-25
3859,Elizabeth,Mehta,elizabeth.mehta3859@example.com,Vancouver,BC,Canada,International,Direct,2023-12-29
3860,Hiroshi,Singh,hiroshi.singh3860@example.com,Sydney,NSW,Australia,International,Referral,2026-05-15
3861,Karen,Kim,karen.kim3861@example.com,Manchester,,UK,International,Email Marketing,2026-01-27
3862,Mei,Adams,mei.adams3862@example.com,Toronto,ON,Canada,International,Direct,2025-03-29
3863,Noah,Hill,noah.hill3863@example.com,Baltimore,MD,USA,Northeast,Paid Social,2024-01-19
3864,Chen,Smith,chen.smith3864@example.com,Portland,OR,USA,West,Organic Search,2024-06-05
3865,Michael,Zhang,michael.zhang3865@example.com,Boston,MA,USA,Northeast,Email Marketing,2024-05-20
3866,Betty,Park,betty.park3866@example.com,Raleigh,NC,USA,South,Direct,2026-05-12
3867,Thomas,Reddy,thomas.reddy3867@example.com,New York,NY,USA,Northeast,Organic Search,2023-05-17
3868,Michael,Wright,michael.wright3868@example.com,Kansas City,MO,USA,Midwest,Referral,2023-10-28
3869,David,Martin,david.martin3869@example.com,Seattle,WA,USA,West,Email Marketing,2024-08-05
3870,Elizabeth,Wilson,elizabeth.wilson3870@example.com,Portland,OR,USA,West,Organic Search,2024-02-23
3871,Isabella,Sharma,isabella.sharma3871@example.com,Austin,TX,USA,South,Email Marketing,2026-01-18
3872,John,Kim,john.kim3872@example.com,Sydney,NSW,Australia,International,Paid Social,2026-08-12
3873,Luis,Martin,luis.martin3873@example.com,San Jose,CA,USA,West,Direct,2023-10-05
3874,Mary,Patel,mary.patel3874@example.com,Sydney,NSW,Australia,International,Referral,2026-08-22
3875,Mason,Lopez,mason.lopez3875@example.com,Seattle,WA,USA,West,Organic Search,2024-04-20
3876,Lucas,Iyer,lucas.iyer3876@example.com,Pittsburgh,PA,USA,Northeast,Direct,2023-07-29
3877,Rohan,Yamamoto,rohan.yamamoto3877@example.com,Sydney,NSW,Australia,International,Paid Social,2026-03-10
3878,Harper,Williams,harper.williams3878@example.com,Cleveland,OH,USA,Midwest,Paid Social,2023-09-27
3879,William,Chen,william.chen3879@example.com,Cleveland,OH,USA,Midwest,Organic Search,2023-01-06
3880,Sofia,Nair,sofia.nair3880@example.com,San Antonio,TX,USA,South,Referral,2025-05-31
3881,Sophia,Martinez,sophia.martinez3881@example.com,Detroit,MI,USA,Midwest,Email Marketing,2023-01-14
3882,Amit,Wang,amit.wang3882@example.com,Boston,MA,USA,Northeast,Organic Search,2023-12-01
3883,Elizabeth,Scott,elizabeth.scott3883@example.com,Charlotte,NC,USA,South,Paid Social,2026-06-21
3884,Ahmed,Miller,ahmed.miller3884@example.com,New York,NY,USA,Northeast,Organic Search,2025-09-30
3885,Nancy,Jones,nancy.jones3885@example.com,Baltimore,MD,USA,Northeast,Referral,2024-12-17
3886,Omar,Garcia,omar.garcia3886@example.com,Vancouver,BC,Canada,International,Direct,2024-01-03
3887,Charles,Diaz,charles.diaz3887@example.com,Miami,FL,USA,South,Email Marketing,2026-04-10
3888,Elizabeth,Kim,elizabeth.kim3888@example.com,Charlotte,NC,USA,South,Paid Social,2024-02-01
3889,Jennifer,Gonzalez,jennifer.gonzalez3889@example.com,Portland,OR,USA,West,Direct,2024-08-24
3890,Amit,Moore,amit.moore3890@example.com,Sacramento,CA,USA,West,Organic Search,2026-06-01
3891,Kavita,Wang,kavita.wang3891@example.com,Pittsburgh,PA,USA,Northeast,Organic Search,2025-12-30
3892,Thomas,Baker,thomas.baker3892@example.com,Seattle,WA,USA,West,Organic Search,2023-05-15
3893,James,Diaz,james.diaz3893@example.com,Las Vegas,NV,USA,West,Paid Social,2023-06-06
3894,Elizabeth,Chen,elizabeth.chen3894@example.com,Melbourne,VIC,Australia,International,Organic Search,2026-02-15
3895,Carlos,Garcia,carlos.garcia3895@example.com,Las Vegas,NV,USA,West,Direct,2023-12-07
3896,Hiroshi,Garcia,hiroshi.garcia3896@example.com,Nashville,TN,USA,South,Paid Social,2024-01-30
3897,John,Park,john.park3897@example.com,Phoenix,AZ,USA,West,Paid Social,2024-12-26
3898,Hiroshi,Gupta,hiroshi.gupta3898@example.com,Salt Lake City,UT,USA,West,Direct,2023-07-15
3899,Liam,Taylor,liam.taylor3899@example.com,Nashville,TN,USA,South,Direct,2026-06-22
3900,Maria,Thomas,maria.thomas3900@example.com,Manchester,,UK,International,Direct,2025-03-26
3901,Lucas,Chen,lucas.chen3901@example.com,New York,NY,USA,Northeast,Organic Search,2023-01-24
3902,Mary,Hill,mary.hill3902@example.com,Portland,OR,USA,West,Organic Search,2024-09-30
3903,Vikram,Johnson,vikram.johnson3903@example.com,Denver,CO,USA,West,Direct,2026-01-23
3904,William,Liu,william.liu3904@example.com,Los Angeles,CA,USA,West,Direct,2026-04-20
3905,Christopher,Baker,christopher.baker3905@example.com,Chicago,IL,USA,Midwest,Organic Search,2025-01-31
3906,Harper,Yamamoto,harper.yamamoto3906@example.com,Orlando,FL,USA,South,Direct,2024-07-24
3907,Robert,Scott,robert.scott3907@example.com,Sacramento,CA,USA,West,Paid Social,2023-01-26
3908,Mei,Hernandez,mei.hernandez3908@example.com,Manchester,,UK,International,Direct,2023-07-05
3909,Ana,Jackson,ana.jackson3909@example.com,Pittsburgh,PA,USA,Northeast,Direct,2024-02-28
3910,Priya,Patel,priya.patel3910@example.com,St. Louis,MO,USA,Midwest,Organic Search,2023-04-24
3911,Noah,Martin,noah.martin3911@example.com,Boston,MA,USA,Northeast,Email Marketing,2025-10-27
3912,Michael,Adams,michael.adams3912@example.com,Pittsburgh,PA,USA,Northeast,Paid Social,2025-11-01
3913,Sophia,Williams,sophia.williams3913@example.com,Manchester,,UK,International,Organic Search,2023-08-29
3914,Barbara,Liu,barbara.liu3914@example.com,Melbourne,VIC,Australia,International,Email Marketing,2024-07-31
3915,William,Garcia,william.garcia3915@example.com,Charlotte,NC,USA,South,Direct,2023-10-25
3916,Ana,Miller,ana.miller3916@example.com,San Antonio,TX,USA,South,Organic Search,2024-07-18
3917,Michael,Patel,michael.patel3917@example.com,San Jose,CA,USA,West,Email Marketing,2024-05-08
3918,Jessica,Davis,jessica.davis3918@example.com,Manchester,,UK,International,Direct,2023-03-08
3919,Emma,Torres,emma.torres3919@example.com,San Jose,CA,USA,West,Organic Search,2024-10-04
3920,Aiden,Torres,aiden.torres3920@example.com,New York,NY,USA,Northeast,Paid Social,2024-07-12
3921,Vikram,Jackson,vikram.jackson3921@example.com,Las Vegas,NV,USA,West,Direct,2023-04-27
3922,Sarah,Kelly,sarah.kelly3922@example.com,Charlotte,NC,USA,South,Organic Search,2023-05-11
3923,Elizabeth,Nguyen,elizabeth.nguyen3923@example.com,Vancouver,BC,Canada,International,Organic Search,2024-05-14
3924,Omar,Wang,omar.wang3924@example.com,Tampa,FL,USA,South,Referral,2023-09-28
3925,Lisa,Thomas,lisa.thomas3925@example.com,Atlanta,GA,USA,South,Direct,2026-03-26
3926,James,Kumar,james.kumar3926@example.com,Seattle,WA,USA,West,Referral,2023-10-10
3927,Elizabeth,Green,elizabeth.green3927@example.com,Salt Lake City,UT,USA,West,Organic Search,2023-09-23
3928,Liam,Smith,liam.smith3928@example.com,Indianapolis,IN,USA,Midwest,Email Marketing,2025-11-24
3929,Jin,Brown,jin.brown3929@example.com,Orlando,FL,USA,South,Organic Search,2025-03-22
3930,Chen,Smith,chen.smith3930@example.com,Cleveland,OH,USA,Midwest,Organic Search,2025-12-23
3931,Barbara,Wright,barbara.wright3931@example.com,Melbourne,VIC,Australia,International,Paid Social,2023-01-17
3932,Jessica,Smith,jessica.smith3932@example.com,Indianapolis,IN,USA,Midwest,Direct,2026-04-28
3933,Nancy,Brown,nancy.brown3933@example.com,Denver,CO,USA,West,Direct,2023-10-21
3934,Robert,Park,robert.park3934@example.com,Boston,MA,USA,Northeast,Organic Search,2024-02-14
3935,Emma,Adams,emma.adams3935@example.com,Cleveland,OH,USA,Midwest,Paid Social,2026-05-08
3936,Joseph,Tanaka,joseph.tanaka3936@example.com,Columbus,OH,USA,Midwest,Referral,2023-03-27
3937,Logan,Iyer,logan.iyer3937@example.com,Chicago,IL,USA,Midwest,Organic Search,2025-08-07
3938,Isabella,Jackson,isabella.jackson3938@example.com,Atlanta,GA,USA,South,Organic Search,2024-07-13
3939,Sarah,Williams,sarah.williams3939@example.com,Atlanta,GA,USA,South,Organic Search,2026-02-14
3940,Neha,Diaz,neha.diaz3940@example.com,Detroit,MI,USA,Midwest,Referral,2024-04-06
3941,Jessica,Yamamoto,jessica.yamamoto3941@example.com,Los Angeles,CA,USA,West,Direct,2023-09-05
3942,Luis,Gupta,luis.gupta3942@example.com,Melbourne,VIC,Australia,International,Paid Social,2024-03-08
3943,Neha,Adams,neha.adams3943@example.com,Miami,FL,USA,South,Paid Social,2025-04-11
3944,Nancy,Park,nancy.park3944@example.com,Cleveland,OH,USA,Midwest,Organic Search,2025-10-07
3945,Michael,Sharma,michael.sharma3945@example.com,St. Louis,MO,USA,Midwest,Paid Social,2024-04-25
3946,Sofia,Miller,sofia.miller3946@example.com,St. Louis,MO,USA,Midwest,Email Marketing,2024-09-26
3947,Patricia,Rao,patricia.rao3947@example.com,New York,NY,USA,Northeast,Organic Search,2026-08-04
3948,Omar,Reddy,omar.reddy3948@example.com,Los Angeles,CA,USA,West,Organic Search,2024-12-24
3949,David,Kumar,david.kumar3949@example.com,Milwaukee,WI,USA,Midwest,Paid Social,2023-05-26
3950,Betty,Torres,betty.torres3950@example.com,New York,NY,USA,Northeast,Organic Search,2024-04-16
3951,Barbara,Iyer,barbara.iyer3951@example.com,Baltimore,MD,USA,Northeast,Email Marketing,2024-10-09
3952,Hiroshi,Zhang,hiroshi.zhang3952@example.com,Sacramento,CA,USA,West,Paid Social,2025-02-03
3953,Ananya,Martin,ananya.martin3953@example.com,Phoenix,AZ,USA,West,Organic Search,2026-04-24
3954,Olivia,Tanaka,olivia.tanaka3954@example.com,Boston,MA,USA,Northeast,Organic Search,2025-02-07
3955,Maria,Wilson,maria.wilson3955@example.com,San Antonio,TX,USA,South,Direct,2024-10-17
3956,Noah,Kim,noah.kim3956@example.com,Houston,TX,USA,South,Organic Search,2025-07-31
3957,William,Adams,william.adams3957@example.com,Raleigh,NC,USA,South,Direct,2025-12-24
3958,Sunita,Hill,sunita.hill3958@example.com,Orlando,FL,USA,South,Direct,2025-05-29
3959,Jessica,Yamamoto,jessica.yamamoto3959@example.com,Denver,CO,USA,West,Organic Search,2024-10-22
3960,Isabella,Taylor,isabella.taylor3960@example.com,Melbourne,VIC,Australia,International,Direct,2025-07-31
3961,James,Kumar,james.kumar3961@example.com,Kansas City,MO,USA,Midwest,Organic Search,2024-01-16
3962,Sophia,Chen,sophia.chen3962@example.com,Philadelphia,PA,USA,Northeast,Paid Social,2024-05-15
3963,Richard,Tanaka,richard.tanaka3963@example.com,Columbus,OH,USA,Midwest,Organic Search,2026-05-20
3964,Lucas,Thomas,lucas.thomas3964@example.com,Indianapolis,IN,USA,Midwest,Organic Search,2023-10-22
3965,Sophia,Wilson,sophia.wilson3965@example.com,Dallas,TX,USA,South,Organic Search,2025-04-09
3966,Jennifer,Lopez,jennifer.lopez3966@example.com,Toronto,ON,Canada,International,Referral,2024-10-21
3967,Christopher,Reddy,christopher.reddy3967@example.com,Kansas City,MO,USA,Midwest,Paid Social,2026-04-30
3968,Rohan,Hernandez,rohan.hernandez3968@example.com,Sacramento,CA,USA,West,Paid Social,2024-04-29
3969,Christopher,Anderson,christopher.anderson3969@example.com,Salt Lake City,UT,USA,West,Email Marketing,2026-08-27
3970,Sarah,Thomas,sarah.thomas3970@example.com,Columbus,OH,USA,Midwest,Organic Search,2023-07-12
3971,James,Jones,james.jones3971@example.com,Pittsburgh,PA,USA,Northeast,Direct,2024-04-11
3972,Daniel,Zhang,daniel.zhang3972@example.com,Nashville,TN,USA,South,Organic Search,2024-03-11
3973,Isabella,Scott,isabella.scott3973@example.com,Phoenix,AZ,USA,West,Direct,2025-12-11
3974,Mary,Torres,mary.torres3974@example.com,Las Vegas,NV,USA,West,Organic Search,2024-10-19
3975,Jin,Moore,jin.moore3975@example.com,Miami,FL,USA,South,Organic Search,2025-03-07
3976,Olivia,Sharma,olivia.sharma3976@example.com,Pittsburgh,PA,USA,Northeast,Paid Social,2026-06-01
3977,Betty,Yamamoto,betty.yamamoto3977@example.com,Seattle,WA,USA,West,Organic Search,2023-01-08
3978,Fatima,Jackson,fatima.jackson3978@example.com,Denver,CO,USA,West,Organic Search,2023-11-13
3979,Chen,Kelly,chen.kelly3979@example.com,Austin,TX,USA,South,Referral,2025-10-06
3980,Noah,Wilson,noah.wilson3980@example.com,Indianapolis,IN,USA,Midwest,Referral,2025-04-28
3981,Ethan,Diaz,ethan.diaz3981@example.com,Chicago,IL,USA,Midwest,Referral,2025-04-02
3982,Sophia,Johnson,sophia.johnson3982@example.com,Sacramento,CA,USA,West,Organic Search,2026-02-17
3983,Priya,Singh,priya.singh3983@example.com,Chicago,IL,USA,Midwest,Organic Search,2024-10-03
3984,Ethan,Martin,ethan.martin3984@example.com,Dallas,TX,USA,South,Direct,2023-06-23
3985,John,Kelly,john.kelly3985@example.com,Las Vegas,NV,USA,West,Email Marketing,2024-09-01
3986,Thomas,Wang,thomas.wang3986@example.com,Nashville,TN,USA,South,Organic Search,2026-08-20
3987,Aiden,Adams,aiden.adams3987@example.com,Cleveland,OH,USA,Midwest,Paid Social,2025-05-26
3988,Sarah,Kumar,sarah.kumar3988@example.com,Vancouver,BC,Canada,International,Referral,2025-05-30
3989,Mary,Williams,mary.williams3989@example.com,Denver,CO,USA,West,Direct,2024-01-26
3990,Carlos,Kelly,carlos.kelly3990@example.com,Orlando,FL,USA,South,Email Marketing,2024-06-21
3991,Elizabeth,Jackson,elizabeth.jackson3991@example.com,Vancouver,BC,Canada,International,Paid Social,2024-10-07
3992,Anthony,Miller,anthony.miller3992@example.com,Raleigh,NC,USA,South,Referral,2026-04-17
3993,Lucas,Green,lucas.green3993@example.com,Vancouver,BC,Canada,International,Email Marketing,2024-07-22
3994,Elizabeth,Taylor,elizabeth.taylor3994@example.com,Manchester,,UK,International,Referral,2025-11-02
3995,Wei,Sharma,wei.sharma3995@example.com,New York,NY,USA,Northeast,Email Marketing,2026-05-08
3996,Anthony,Martinez,anthony.martinez3996@example.com,St. Louis,MO,USA,Midwest,Direct,2025-06-12
3997,Thomas,Rodriguez,thomas.rodriguez3997@example.com,Seattle,WA,USA,West,Referral,2024-06-10
3998,Richard,Rodriguez,richard.rodriguez3998@example.com,San Antonio,TX,USA,South,Organic Search,2026-01-27
3999,Logan,Wright,logan.wright3999@example.com,Phoenix,AZ,USA,West,Direct,2023-08-02
4000,Neha,Yamamoto,neha.yamamoto4000@example.com,Miami,FL,USA,South,Organic Search,2023-02-03
4001,Elizabeth,Lopez,elizabeth.lopez4001@example.com,Sacramento,CA,USA,West,Paid Social,2023-12-01
4002,Matthew,Kim,matthew.kim4002@example.com,Raleigh,NC,USA,South,Direct,2024-09-14
4003,Sunita,Lopez,sunita.lopez4003@example.com,Melbourne,VIC,Australia,International,Organic Search,2025-03-25
4004,Ethan,Diaz,ethan.diaz4004@example.com,Baltimore,MD,USA,Northeast,Organic Search,2025-11-17
4005,Amelia,Martinez,amelia.martinez4005@example.com,Dallas,TX,USA,South,Organic Search,2025-12-12
4006,Sophia,Brown,sophia.brown4006@example.com,Miami,FL,USA,South,Direct,2024-08-17
4007,Mason,Brown,mason.brown4007@example.com,Tampa,FL,USA,South,Direct,2024-02-14
4008,Ananya,Tanaka,ananya.tanaka4008@example.com,Cleveland,OH,USA,Midwest,Paid Social,2025-08-15
4009,Logan,Moore,logan.moore4009@example.com,Orlando,FL,USA,South,Organic Search,2024-10-26
4010,Olivia,Nguyen,olivia.nguyen4010@example.com,Nashville,TN,USA,South,Paid Social,2025-03-03
4011,Harper,Thomas,harper.thomas4011@example.com,New York,NY,USA,Northeast,Email Marketing,2025-06-29
4012,Fatima,Davis,fatima.davis4012@example.com,Houston,TX,USA,South,Email Marketing,2023-05-02
4013,Charles,Nair,charles.nair4013@example.com,Philadelphia,PA,USA,Northeast,Paid Social,2023-09-29
4014,Omar,Sharma,omar.sharma4014@example.com,Minneapolis,MN,USA,Midwest,Email Marketing,2025-07-09
4015,Sofia,Moore,sofia.moore4015@example.com,Miami,FL,USA,South,Paid Social,2025-12-06
4016,Mei,Sharma,mei.sharma4016@example.com,Minneapolis,MN,USA,Midwest,Email Marketing,2024-12-22
4017,Daniel,Taylor,daniel.taylor4017@example.com,Las Vegas,NV,USA,West,Paid Social,2023-01-12
4018,Luis,Zhang,luis.zhang4018@example.com,Sacramento,CA,USA,West,Organic Search,2025-04-29
4019,Thomas,Jackson,thomas.jackson4019@example.com,Houston,TX,USA,South,Paid Social,2025-04-29
4020,Ananya,Sharma,ananya.sharma4020@example.com,San Antonio,TX,USA,South,Organic Search,2024-06-09
4021,Rohan,Jones,rohan.jones4021@example.com,Milwaukee,WI,USA,Midwest,Direct,2025-08-25
4022,James,Martinez,james.martinez4022@example.com,Charlotte,NC,USA,South,Organic Search,2025-04-12
4023,Elena,Johnson,elena.johnson4023@example.com,Milwaukee,WI,USA,Midwest,Direct,2024-10-13
4024,Jennifer,Flores,jennifer.flores4024@example.com,Phoenix,AZ,USA,West,Paid Social,2024-05-17
4025,Jennifer,Nguyen,jennifer.nguyen4025@example.com,Portland,OR,USA,West,Email Marketing,2024-07-02
4026,Margaret,Li,margaret.li4026@example.com,St. Louis,MO,USA,Midwest,Organic Search,2023-04-03
4027,Jin,Flores,jin.flores4027@example.com,Houston,TX,USA,South,Paid Social,2025-12-31
4028,Vikram,Green,vikram.green4028@example.com,Phoenix,AZ,USA,West,Organic Search,2026-03-30
4029,Chen,Kelly,chen.kelly4029@example.com,Phoenix,AZ,USA,West,Email Marketing,2025-09-01
4030,Lucas,Rodriguez,lucas.rodriguez4030@example.com,Nashville,TN,USA,South,Organic Search,2023-11-10
4031,Joseph,Wilson,joseph.wilson4031@example.com,Cleveland,OH,USA,Midwest,Paid Social,2024-07-07
4032,Sunita,Sharma,sunita.sharma4032@example.com,Chicago,IL,USA,Midwest,Paid Social,2024-12-25
4033,Ana,Adams,ana.adams4033@example.com,Baltimore,MD,USA,Northeast,Organic Search,2025-11-09
4034,Mary,Tanaka,mary.tanaka4034@example.com,Atlanta,GA,USA,South,Paid Social,2026-08-01
4035,Ananya,Torres,ananya.torres4035@example.com,Los Angeles,CA,USA,West,Email Marketing,2026-04-12
4036,Jennifer,Rodriguez,jennifer.rodriguez4036@example.com,Pittsburgh,PA,USA,Northeast,Organic Search,2026-06-17
4037,Charles,Wright,charles.wright4037@example.com,Chicago,IL,USA,Midwest,Email Marketing,2023-07-04
4038,Amelia,Park,amelia.park4038@example.com,Dallas,TX,USA,South,Organic Search,2024-07-28
4039,Robert,Mehta,robert.mehta4039@example.com,Charlotte,NC,USA,South,Email Marketing,2023-11-11
4040,Richard,Tanaka,richard.tanaka4040@example.com,Sacramento,CA,USA,West,Direct,2025-08-22
4041,Chen,Mehta,chen.mehta4041@example.com,Cleveland,OH,USA,Midwest,Direct,2023-08-21
4042,David,Li,david.li4042@example.com,Pittsburgh,PA,USA,Northeast,Direct,2025-12-06
4043,Betty,Smith,betty.smith4043@example.com,Milwaukee,WI,USA,Midwest,Paid Social,2023-09-22
4044,Wei,Wright,wei.wright4044@example.com,Raleigh,NC,USA,South,Email Marketing,2025-11-19
4045,Vikram,Miller,vikram.miller4045@example.com,Vancouver,BC,Canada,International,Paid Social,2024-05-16
4046,Mark,Hernandez,mark.hernandez4046@example.com,Pittsburgh,PA,USA,Northeast,Organic Search,2026-08-09
4047,Ana,Hill,ana.hill4047@example.com,Sydney,NSW,Australia,International,Direct,2023-12-06
4048,Sophia,Jackson,sophia.jackson4048@example.com,Raleigh,NC,USA,South,Organic Search,2025-06-27
4049,James,Singh,james.singh4049@example.com,Orlando,FL,USA,South,Organic Search,2026-04-24
4050,Barbara,Kumar,barbara.kumar4050@example.com,Philadelphia,PA,USA,Northeast,Referral,2025-12-20
4051,Barbara,Mehta,barbara.mehta4051@example.com,Salt Lake City,UT,USA,West,Paid Social,2024-08-26
4052,Ana,Kumar,ana.kumar4052@example.com,Miami,FL,USA,South,Paid Social,2025-04-28
4053,Robert,Nair,robert.nair4053@example.com,Austin,TX,USA,South,Organic Search,2025-07-31
4054,Mark,Wright,mark.wright4054@example.com,Las Vegas,NV,USA,West,Organic Search,2026-07-03
4055,Patricia,Martinez,patricia.martinez4055@example.com,San Jose,CA,USA,West,Organic Search,2026-03-19
4056,Elena,Sharma,elena.sharma4056@example.com,Nashville,TN,USA,South,Email Marketing,2026-01-15
4057,Liam,Brown,liam.brown4057@example.com,Toronto,ON,Canada,International,Organic Search,2025-08-12
4058,Mei,Hill,mei.hill4058@example.com,Boston,MA,USA,Northeast,Organic Search,2025-06-30
4059,Wei,Sharma,wei.sharma4059@example.com,Charlotte,NC,USA,South,Direct,2023-06-08
4060,Harper,Liu,harper.liu4060@example.com,Sydney,NSW,Australia,International,Direct,2025-07-15
4061,Noah,Li,noah.li4061@example.com,Phoenix,AZ,USA,West,Paid Social,2023-05-13
4062,Linda,Yamamoto,linda.yamamoto4062@example.com,London,,UK,International,Organic Search,2025-11-10
4063,Luis,Hernandez,luis.hernandez4063@example.com,Orlando,FL,USA,South,Email Marketing,2024-03-06
4064,Mia,Rao,mia.rao4064@example.com,St. Louis,MO,USA,Midwest,Organic Search,2023-02-16
4065,Robert,Torres,robert.torres4065@example.com,Las Vegas,NV,USA,West,Paid Social,2023-11-06
4066,Ahmed,Torres,ahmed.torres4066@example.com,San Antonio,TX,USA,South,Organic Search,2026-07-17
4067,Patricia,Kelly,patricia.kelly4067@example.com,Miami,FL,USA,South,Direct,2026-01-25
4068,Harper,Miller,harper.miller4068@example.com,Austin,TX,USA,South,Referral,2026-08-18
4069,Mason,Wright,mason.wright4069@example.com,Tampa,FL,USA,South,Email Marketing,2023-07-21
4070,Sarah,Johnson,sarah.johnson4070@example.com,Baltimore,MD,USA,Northeast,Organic Search,2025-04-02
4071,John,Davis,john.davis4071@example.com,Houston,TX,USA,South,Paid Social,2023-09-28
4072,Charles,Kim,charles.kim4072@example.com,Toronto,ON,Canada,International,Organic Search,2026-02-07
4073,Sandra,Anderson,sandra.anderson4073@example.com,Nashville,TN,USA,South,Email Marketing,2025-11-13
4074,Chen,Scott,chen.scott4074@example.com,Portland,OR,USA,West,Direct,2025-07-19
4075,Arjun,Hill,arjun.hill4075@example.com,Atlanta,GA,USA,South,Organic Search,2025-10-02
4076,Mia,Nguyen,mia.nguyen4076@example.com,St. Louis,MO,USA,Midwest,Email Marketing,2024-04-06
4077,Matthew,Patel,matthew.patel4077@example.com,Minneapolis,MN,USA,Midwest,Direct,2023-01-28
4078,Olivia,Thomas,olivia.thomas4078@example.com,San Antonio,TX,USA,South,Direct,2024-03-22
4079,Jin,Patel,jin.patel4079@example.com,Melbourne,VIC,Australia,International,Organic Search,2024-10-13
4080,John,Gupta,john.gupta4080@example.com,Dallas,TX,USA,South,Direct,2025-12-10
4081,Mark,Zhang,mark.zhang4081@example.com,Nashville,TN,USA,South,Direct,2024-07-27
4082,Amit,Kumar,amit.kumar4082@example.com,Milwaukee,WI,USA,Midwest,Paid Social,2023-08-03
4083,Amit,Jones,amit.jones4083@example.com,Portland,OR,USA,West,Email Marketing,2023-04-16
4084,Susan,Adams,susan.adams4084@example.com,Austin,TX,USA,South,Referral,2026-08-20
4085,Michael,Gonzalez,michael.gonzalez4085@example.com,Orlando,FL,USA,South,Paid Social,2025-06-28
4086,Fatima,Baker,fatima.baker4086@example.com,Salt Lake City,UT,USA,West,Direct,2023-03-18
4087,Olivia,Rao,olivia.rao4087@example.com,Sydney,NSW,Australia,International,Paid Social,2023-04-20
4088,Charles,Anderson,charles.anderson4088@example.com,Melbourne,VIC,Australia,International,Referral,2026-07-09
4089,Elena,Li,elena.li4089@example.com,Detroit,MI,USA,Midwest,Organic Search,2025-08-26
4090,Rajesh,Johnson,rajesh.johnson4090@example.com,Seattle,WA,USA,West,Email Marketing,2025-05-16
4091,Elena,Martin,elena.martin4091@example.com,Los Angeles,CA,USA,West,Organic Search,2024-03-22
4092,Wei,Chen,wei.chen4092@example.com,Indianapolis,IN,USA,Midwest,Direct,2025-11-02
4093,Jessica,Gupta,jessica.gupta4093@example.com,London,,UK,International,Referral,2025-01-19
4094,Christopher,Park,christopher.park4094@example.com,Austin,TX,USA,South,Direct,2024-04-23
4095,Fatima,Yamamoto,fatima.yamamoto4095@example.com,Indianapolis,IN,USA,Midwest,Direct,2023-10-07
4096,Barbara,Patel,barbara.patel4096@example.com,Toronto,ON,Canada,International,Paid Social,2024-09-15
4097,Sandra,Anderson,sandra.anderson4097@example.com,Columbus,OH,USA,Midwest,Organic Search,2025-02-08
4098,Jose,Jones,jose.jones4098@example.com,Toronto,ON,Canada,International,Paid Social,2024-06-04
4099,Chen,Singh,chen.singh4099@example.com,Los Angeles,CA,USA,West,Referral,2024-02-29
4100,Luis,Chen,luis.chen4100@example.com,Boston,MA,USA,Northeast,Paid Social,2023-09-08
4101,Carlos,Liu,carlos.liu4101@example.com,Detroit,MI,USA,Midwest,Direct,2026-07-08
4102,Joseph,Iyer,joseph.iyer4102@example.com,Phoenix,AZ,USA,West,Paid Social,2024-11-20
4103,Christopher,Hernandez,christopher.hernandez4103@example.com,Phoenix,AZ,USA,West,Paid Social,2023-07-12
4104,Elizabeth,Wright,elizabeth.wright4104@example.com,Detroit,MI,USA,Midwest,Email Marketing,2023-07-22
4105,Sunita,Moore,sunita.moore4105@example.com,Las Vegas,NV,USA,West,Paid Social,2023-04-30
4106,Ananya,Yamamoto,ananya.yamamoto4106@example.com,Indianapolis,IN,USA,Midwest,Direct,2025-07-10
4107,Thomas,Kim,thomas.kim4107@example.com,Dallas,TX,USA,South,Paid Social,2024-08-14
4108,Priya,Gonzalez,priya.gonzalez4108@example.com,Los Angeles,CA,USA,West,Email Marketing,2025-05-19
4109,Hiroshi,Green,hiroshi.green4109@example.com,Los Angeles,CA,USA,West,Paid Social,2026-08-15
4110,Lisa,Davis,lisa.davis4110@example.com,Toronto,ON,Canada,International,Email Marketing,2025-05-01
4111,Emma,Davis,emma.davis4111@example.com,Manchester,,UK,International,Direct,2025-04-30
4112,Elizabeth,Smith,elizabeth.smith4112@example.com,Dallas,TX,USA,South,Referral,2025-03-18
4113,Vikram,Lopez,vikram.lopez4113@example.com,Chicago,IL,USA,Midwest,Organic Search,2023-09-20
4114,Mark,Moore,mark.moore4114@example.com,Sydney,NSW,Australia,International,Direct,2023-03-23
4115,Anthony,Flores,anthony.flores4115@example.com,Sacramento,CA,USA,West,Referral,2026-02-08
4116,Omar,Wang,omar.wang4116@example.com,Minneapolis,MN,USA,Midwest,Direct,2023-02-03
4117,Liam,Nguyen,liam.nguyen4117@example.com,Phoenix,AZ,USA,West,Organic Search,2026-07-25
4118,Ahmed,Davis,ahmed.davis4118@example.com,Nashville,TN,USA,South,Organic Search,2026-06-17
4119,Arjun,Baker,arjun.baker4119@example.com,Minneapolis,MN,USA,Midwest,Organic Search,2024-09-14
4120,Maria,Iyer,maria.iyer4120@example.com,Portland,OR,USA,West,Organic Search,2025-02-10
4121,Joseph,Yamamoto,joseph.yamamoto4121@example.com,Tampa,FL,USA,South,Organic Search,2023-09-20
4122,David,Tanaka,david.tanaka4122@example.com,London,,UK,International,Email Marketing,2024-12-31
4123,Ana,Nguyen,ana.nguyen4123@example.com,Melbourne,VIC,Australia,International,Organic Search,2026-04-08
4124,Lisa,Wang,lisa.wang4124@example.com,Sacramento,CA,USA,West,Paid Social,2024-06-22
4125,Sunita,Park,sunita.park4125@example.com,Chicago,IL,USA,Midwest,Organic Search,2026-01-26
4126,Daniel,Green,daniel.green4126@example.com,Miami,FL,USA,South,Paid Social,2024-03-02
4127,Kavita,Baker,kavita.baker4127@example.com,Detroit,MI,USA,Midwest,Referral,2024-06-07
4128,Ahmed,Chen,ahmed.chen4128@example.com,Austin,TX,USA,South,Organic Search,2026-01-02
4129,James,Martin,james.martin4129@example.com,Las Vegas,NV,USA,West,Direct,2024-04-23
4130,Maria,Moore,maria.moore4130@example.com,Tampa,FL,USA,South,Direct,2023-06-21
4131,Sophia,Jackson,sophia.jackson4131@example.com,London,,UK,International,Email Marketing,2023-11-01
4132,Joseph,Taylor,joseph.taylor4132@example.com,London,,UK,International,Paid Social,2025-11-24
4133,Wei,Wilson,wei.wilson4133@example.com,Phoenix,AZ,USA,West,Organic Search,2023-01-17
4134,Mei,Jackson,mei.jackson4134@example.com,Denver,CO,USA,West,Paid Social,2026-08-25
4135,Richard,Li,richard.li4135@example.com,Charlotte,NC,USA,South,Organic Search,2025-12-18
4136,Ethan,Brown,ethan.brown4136@example.com,Houston,TX,USA,South,Organic Search,2026-01-02
4137,Arjun,Garcia,arjun.garcia4137@example.com,Portland,OR,USA,West,Organic Search,2023-06-22
4138,David,Taylor,david.taylor4138@example.com,Seattle,WA,USA,West,Paid Social,2025-12-31
4139,Susan,Smith,susan.smith4139@example.com,Baltimore,MD,USA,Northeast,Email Marketing,2023-06-08
4140,Richard,Williams,richard.williams4140@example.com,Sydney,NSW,Australia,International,Direct,2026-07-16
4141,Elena,Martin,elena.martin4141@example.com,Dallas,TX,USA,South,Organic Search,2025-07-19
4142,Sofia,Wright,sofia.wright4142@example.com,Toronto,ON,Canada,International,Direct,2023-01-05
4143,Elena,Kim,elena.kim4143@example.com,Charlotte,NC,USA,South,Organic Search,2023-05-28
4144,Rohan,Lopez,rohan.lopez4144@example.com,Charlotte,NC,USA,South,Organic Search,2023-03-10
4145,Matthew,Brown,matthew.brown4145@example.com,Columbus,OH,USA,Midwest,Referral,2025-06-03
4146,Jin,Diaz,jin.diaz4146@example.com,Los Angeles,CA,USA,West,Direct,2023-10-10
4147,Richard,Miller,richard.miller4147@example.com,Detroit,MI,USA,Midwest,Email Marketing,2023-02-25
4148,Sophia,Williams,sophia.williams4148@example.com,San Antonio,TX,USA,South,Organic Search,2024-06-08
4149,Charles,Johnson,charles.johnson4149@example.com,San Antonio,TX,USA,South,Referral,2025-04-02
4150,Arjun,Wilson,arjun.wilson4150@example.com,Raleigh,NC,USA,South,Organic Search,2023-10-05
4151,Vikram,Williams,vikram.williams4151@example.com,Chicago,IL,USA,Midwest,Referral,2024-04-20
4152,Thomas,Lopez,thomas.lopez4152@example.com,Columbus,OH,USA,Midwest,Organic Search,2025-02-12
4153,Patricia,Miller,patricia.miller4153@example.com,Sydney,NSW,Australia,International,Direct,2023-06-04
4154,Anthony,Taylor,anthony.taylor4154@example.com,Salt Lake City,UT,USA,West,Organic Search,2024-04-02
4155,Matthew,Anderson,matthew.anderson4155@example.com,Columbus,OH,USA,Midwest,Paid Social,2025-11-24
4156,Joseph,Wilson,joseph.wilson4156@example.com,San Jose,CA,USA,West,Organic Search,2026-05-09
4157,Sofia,Torres,sofia.torres4157@example.com,Detroit,MI,USA,Midwest,Organic Search,2024-03-19
4158,Ethan,Reddy,ethan.reddy4158@example.com,Portland,OR,USA,West,Direct,2024-09-02
4159,Elena,Smith,elena.smith4159@example.com,Columbus,OH,USA,Midwest,Organic Search,2025-11-14
4160,Matthew,Moore,matthew.moore4160@example.com,Columbus,OH,USA,Midwest,Direct,2026-04-09
4161,Arjun,Iyer,arjun.iyer4161@example.com,Kansas City,MO,USA,Midwest,Direct,2025-08-27
4162,Arjun,Moore,arjun.moore4162@example.com,Vancouver,BC,Canada,International,Paid Social,2026-07-04
4163,Aiden,Anderson,aiden.anderson4163@example.com,Minneapolis,MN,USA,Midwest,Paid Social,2023-07-08
4164,Daniel,Singh,daniel.singh4164@example.com,Orlando,FL,USA,South,Paid Social,2024-11-11
4165,David,Moore,david.moore4165@example.com,Baltimore,MD,USA,Northeast,Direct,2025-03-09
4166,Jose,Thomas,jose.thomas4166@example.com,Melbourne,VIC,Australia,International,Paid Social,2026-06-22
4167,Omar,Martin,omar.martin4167@example.com,San Antonio,TX,USA,South,Organic Search,2025-01-26
4168,Ahmed,Kim,ahmed.kim4168@example.com,Cleveland,OH,USA,Midwest,Organic Search,2025-06-23
4169,Kavita,Adams,kavita.adams4169@example.com,Orlando,FL,USA,South,Paid Social,2024-10-12
4170,Yuki,Wilson,yuki.wilson4170@example.com,Toronto,ON,Canada,International,Direct,2025-04-15
4171,Yuki,Green,yuki.green4171@example.com,Denver,CO,USA,West,Organic Search,2024-02-19
4172,Luis,Wang,luis.wang4172@example.com,London,,UK,International,Organic Search,2023-07-31
4173,William,Hernandez,william.hernandez4173@example.com,Kansas City,MO,USA,Midwest,Email Marketing,2025-05-06
4174,Mark,Sharma,mark.sharma4174@example.com,Nashville,TN,USA,South,Organic Search,2024-08-09
4175,Jin,Li,jin.li4175@example.com,Pittsburgh,PA,USA,Northeast,Organic Search,2026-03-29
4176,Richard,Reddy,richard.reddy4176@example.com,Salt Lake City,UT,USA,West,Organic Search,2026-03-04
4177,Priya,Nguyen,priya.nguyen4177@example.com,Manchester,,UK,International,Direct,2026-01-23
4178,Elizabeth,Nair,elizabeth.nair4178@example.com,San Antonio,TX,USA,South,Paid Social,2024-04-04
4179,Ethan,Garcia,ethan.garcia4179@example.com,San Antonio,TX,USA,South,Paid Social,2025-11-21
4180,Noah,Garcia,noah.garcia4180@example.com,Los Angeles,CA,USA,West,Organic Search,2025-10-15
4181,Aiden,Rodriguez,aiden.rodriguez4181@example.com,Tampa,FL,USA,South,Organic Search,2023-12-07
4182,James,Miller,james.miller4182@example.com,Nashville,TN,USA,South,Paid Social,2025-05-17
4183,Robert,Yamamoto,robert.yamamoto4183@example.com,Dallas,TX,USA,South,Paid Social,2024-07-17
4184,Jessica,Rodriguez,jessica.rodriguez4184@example.com,San Diego,CA,USA,West,Referral,2025-03-26
4185,Sunita,Baker,sunita.baker4185@example.com,Sacramento,CA,USA,West,Paid Social,2024-10-24
4186,Charles,Green,charles.green4186@example.com,London,,UK,International,Referral,2026-07-20
4187,Rajesh,Gupta,rajesh.gupta4187@example.com,Orlando,FL,USA,South,Organic Search,2024-01-27
4188,Emma,Rodriguez,emma.rodriguez4188@example.com,London,,UK,International,Email Marketing,2026-04-20
4189,Sunita,Smith,sunita.smith4189@example.com,Indianapolis,IN,USA,Midwest,Paid Social,2026-03-18
4190,William,Scott,william.scott4190@example.com,San Diego,CA,USA,West,Organic Search,2025-04-27
4191,Luis,Hill,luis.hill4191@example.com,Detroit,MI,USA,Midwest,Paid Social,2023-07-01
4192,Liam,Torres,liam.torres4192@example.com,Los Angeles,CA,USA,West,Paid Social,2026-02-01
4193,Jin,Anderson,jin.anderson4193@example.com,Manchester,,UK,International,Organic Search,2023-08-03
4194,Susan,Hernandez,susan.hernandez4194@example.com,Minneapolis,MN,USA,Midwest,Email Marketing,2026-03-15
4195,Ahmed,Baker,ahmed.baker4195@example.com,Denver,CO,USA,West,Paid Social,2024-07-11
4196,John,Adams,john.adams4196@example.com,Philadelphia,PA,USA,Northeast,Organic Search,2024-04-19
4197,Kavita,Wilson,kavita.wilson4197@example.com,Las Vegas,NV,USA,West,Referral,2025-05-08
4198,Anthony,Torres,anthony.torres4198@example.com,Nashville,TN,USA,South,Paid Social,2023-07-25
4199,Harper,Diaz,harper.diaz4199@example.com,Boston,MA,USA,Northeast,Organic Search,2023-05-08
4200,Chen,Wang,chen.wang4200@example.com,Manchester,,UK,International,Organic Search,2023-06-01
4201,Harper,Garcia,harper.garcia4201@example.com,San Antonio,TX,USA,South,Paid Social,2024-08-02
4202,William,Baker,william.baker4202@example.com,Los Angeles,CA,USA,West,Organic Search,2024-09-30
4203,Christopher,Williams,christopher.williams4203@example.com,Austin,TX,USA,South,Paid Social,2025-05-04
4204,Jessica,Reddy,jessica.reddy4204@example.com,Salt Lake City,UT,USA,West,Referral,2023-05-29
4205,Jennifer,Thomas,jennifer.thomas4205@example.com,Detroit,MI,USA,Midwest,Organic Search,2024-02-15
4206,Jin,Martin,jin.martin4206@example.com,Toronto,ON,Canada,International,Organic Search,2023-11-16
4207,Anthony,Sharma,anthony.sharma4207@example.com,Charlotte,NC,USA,South,Organic Search,2023-05-06
4208,Richard,Wang,richard.wang4208@example.com,London,,UK,International,Organic Search,2026-01-18
4209,William,Sharma,william.sharma4209@example.com,Las Vegas,NV,USA,West,Organic Search,2023-06-26
4210,Joseph,Wilson,joseph.wilson4210@example.com,Dallas,TX,USA,South,Email Marketing,2023-07-20
4211,Amit,Johnson,amit.johnson4211@example.com,Dallas,TX,USA,South,Organic Search,2025-08-08
4212,James,Hernandez,james.hernandez4212@example.com,Raleigh,NC,USA,South,Paid Social,2023-06-30
4213,Jessica,Rodriguez,jessica.rodriguez4213@example.com,Salt Lake City,UT,USA,West,Paid Social,2026-07-18
4214,Sarah,Wang,sarah.wang4214@example.com,Phoenix,AZ,USA,West,Direct,2026-05-29
4215,Chen,Chen,chen.chen4215@example.com,Milwaukee,WI,USA,Midwest,Paid Social,2025-02-18
4216,Elena,Gonzalez,elena.gonzalez4216@example.com,Manchester,,UK,International,Organic Search,2026-02-08
4217,William,Williams,william.williams4217@example.com,Melbourne,VIC,Australia,International,Paid Social,2026-06-12
4218,Ana,Davis,ana.davis4218@example.com,Vancouver,BC,Canada,International,Referral,2023-12-13
4219,Karen,Davis,karen.davis4219@example.com,Minneapolis,MN,USA,Midwest,Organic Search,2023-04-09
4220,Priya,Garcia,priya.garcia4220@example.com,Miami,FL,USA,South,Organic Search,2023-04-16
4221,Chen,Scott,chen.scott4221@example.com,Columbus,OH,USA,Midwest,Paid Social,2025-04-12
4222,Hiroshi,Patel,hiroshi.patel4222@example.com,San Jose,CA,USA,West,Referral,2023-12-26
4223,Isabella,Green,isabella.green4223@example.com,Portland,OR,USA,West,Email Marketing,2023-01-05
4224,Maria,Jackson,maria.jackson4224@example.com,Baltimore,MD,USA,Northeast,Direct,2023-05-14
4225,Noah,Kim,noah.kim4225@example.com,Salt Lake City,UT,USA,West,Direct,2026-06-10
4226,Amelia,Gupta,amelia.gupta4226@example.com,Pittsburgh,PA,USA,Northeast,Paid Social,2024-08-01
4227,Mark,Brown,mark.brown4227@example.com,Los Angeles,CA,USA,West,Paid Social,2026-04-25
4228,Yuki,Iyer,yuki.iyer4228@example.com,Sacramento,CA,USA,West,Paid Social,2025-04-03
4229,Maria,Baker,maria.baker4229@example.com,Milwaukee,WI,USA,Midwest,Organic Search,2023-10-26
4230,Lisa,Rao,lisa.rao4230@example.com,Melbourne,VIC,Australia,International,Direct,2025-07-22
4231,Ahmed,Rodriguez,ahmed.rodriguez4231@example.com,Cleveland,OH,USA,Midwest,Paid Social,2023-02-23
4232,Mary,Chen,mary.chen4232@example.com,Los Angeles,CA,USA,West,Direct,2023-06-19
4233,Vikram,Davis,vikram.davis4233@example.com,Seattle,WA,USA,West,Organic Search,2025-02-13
4234,Omar,Lopez,omar.lopez4234@example.com,Boston,MA,USA,Northeast,Organic Search,2025-11-14
4235,Susan,Smith,susan.smith4235@example.com,New York,NY,USA,Northeast,Referral,2025-04-23
4236,Linda,Torres,linda.torres4236@example.com,Nashville,TN,USA,South,Referral,2023-07-25
4237,Logan,Martinez,logan.martinez4237@example.com,New York,NY,USA,Northeast,Paid Social,2023-12-12
4238,Joseph,Davis,joseph.davis4238@example.com,Minneapolis,MN,USA,Midwest,Email Marketing,2023-11-27
4239,Charles,Yamamoto,charles.yamamoto4239@example.com,Austin,TX,USA,South,Organic Search,2026-02-12
4240,Mary,Liu,mary.liu4240@example.com,Nashville,TN,USA,South,Paid Social,2023-11-15
4241,Carlos,Park,carlos.park4241@example.com,London,,UK,International,Direct,2023-03-07
4242,Barbara,Williams,barbara.williams4242@example.com,Toronto,ON,Canada,International,Organic Search,2026-05-24
4243,Sandra,Kumar,sandra.kumar4243@example.com,San Antonio,TX,USA,South,Direct,2024-05-19
4244,Patricia,Baker,patricia.baker4244@example.com,Atlanta,GA,USA,South,Organic Search,2025-06-26
4245,Nancy,Baker,nancy.baker4245@example.com,Raleigh,NC,USA,South,Direct,2023-01-16
4246,Chen,Jackson,chen.jackson4246@example.com,San Diego,CA,USA,West,Direct,2025-01-06
4247,Jennifer,Park,jennifer.park4247@example.com,Kansas City,MO,USA,Midwest,Paid Social,2023-03-01
4248,Harper,Johnson,harper.johnson4248@example.com,Phoenix,AZ,USA,West,Organic Search,2024-09-06
4249,Neha,Hill,neha.hill4249@example.com,Miami,FL,USA,South,Organic Search,2023-06-08
4250,Thomas,Adams,thomas.adams4250@example.com,Milwaukee,WI,USA,Midwest,Direct,2023-07-15
4251,Rohan,Jackson,rohan.jackson4251@example.com,Las Vegas,NV,USA,West,Paid Social,2025-07-19
4252,Thomas,Yamamoto,thomas.yamamoto4252@example.com,Chicago,IL,USA,Midwest,Organic Search,2026-08-06
4253,Mark,Johnson,mark.johnson4253@example.com,Tampa,FL,USA,South,Organic Search,2024-12-06
4254,Patricia,Torres,patricia.torres4254@example.com,Seattle,WA,USA,West,Paid Social,2026-04-13
4255,Charles,Miller,charles.miller4255@example.com,Seattle,WA,USA,West,Email Marketing,2026-06-24
4256,Olivia,Taylor,olivia.taylor4256@example.com,Denver,CO,USA,West,Email Marketing,2025-04-04
4257,Mary,Sharma,mary.sharma4257@example.com,Miami,FL,USA,South,Paid Social,2024-12-06
4258,Jose,Kim,jose.kim4258@example.com,Vancouver,BC,Canada,International,Organic Search,2023-02-12
4259,Vikram,Lopez,vikram.lopez4259@example.com,Vancouver,BC,Canada,International,Email Marketing,2023-01-02
4260,Chen,Tanaka,chen.tanaka4260@example.com,Melbourne,VIC,Australia,International,Organic Search,2024-09-02
4261,Karen,Zhang,karen.zhang4261@example.com,Manchester,,UK,International,Email Marketing,2025-05-28
4262,David,Flores,david.flores4262@example.com,Houston,TX,USA,South,Paid Social,2025-05-10
4263,Sandra,Rao,sandra.rao4263@example.com,Nashville,TN,USA,South,Paid Social,2023-03-30
4264,Wei,Martinez,wei.martinez4264@example.com,Sacramento,CA,USA,West,Paid Social,2024-04-01
4265,David,Martin,david.martin4265@example.com,London,,UK,International,Email Marketing,2023-04-30
4266,Mark,Kelly,mark.kelly4266@example.com,Los Angeles,CA,USA,West,Paid Social,2024-02-03
4267,Ahmed,Nguyen,ahmed.nguyen4267@example.com,Sydney,NSW,Australia,International,Organic Search,2026-06-09
4268,Rajesh,Moore,rajesh.moore4268@example.com,Portland,OR,USA,West,Paid Social,2025-10-18
4269,Lisa,Sharma,lisa.sharma4269@example.com,New York,NY,USA,Northeast,Paid Social,2024-01-13
4270,Charles,Taylor,charles.taylor4270@example.com,Columbus,OH,USA,Midwest,Organic Search,2025-11-15
4271,John,Moore,john.moore4271@example.com,Philadelphia,PA,USA,Northeast,Paid Social,2023-09-16
4272,Jin,Patel,jin.patel4272@example.com,Denver,CO,USA,West,Referral,2025-03-26
4273,Mei,Liu,mei.liu4273@example.com,Miami,FL,USA,South,Organic Search,2024-07-31
4274,Patricia,Singh,patricia.singh4274@example.com,Columbus,OH,USA,Midwest,Email Marketing,2026-02-27
4275,Mary,Hernandez,mary.hernandez4275@example.com,Nashville,TN,USA,South,Organic Search,2025-07-15
4276,Margaret,Anderson,margaret.anderson4276@example.com,Austin,TX,USA,South,Direct,2024-11-23
4277,Rajesh,Gupta,rajesh.gupta4277@example.com,Columbus,OH,USA,Midwest,Referral,2023-06-19
4278,Logan,Rodriguez,logan.rodriguez4278@example.com,Raleigh,NC,USA,South,Paid Social,2023-04-05
4279,Sarah,Park,sarah.park4279@example.com,Pittsburgh,PA,USA,Northeast,Paid Social,2026-06-18
4280,Olivia,Hernandez,olivia.hernandez4280@example.com,San Antonio,TX,USA,South,Paid Social,2023-11-18
4281,Thomas,Johnson,thomas.johnson4281@example.com,Portland,OR,USA,West,Organic Search,2025-08-08
4282,Daniel,Davis,daniel.davis4282@example.com,Minneapolis,MN,USA,Midwest,Direct,2026-04-24
4283,Ahmed,Singh,ahmed.singh4283@example.com,Manchester,,UK,International,Organic Search,2023-01-11
4284,Thomas,Gupta,thomas.gupta4284@example.com,Chicago,IL,USA,Midwest,Referral,2023-09-06
4285,Christopher,Li,christopher.li4285@example.com,Chicago,IL,USA,Midwest,Organic Search,2025-01-03
4286,Karen,Williams,karen.williams4286@example.com,St. Louis,MO,USA,Midwest,Organic Search,2026-04-13
4287,Priya,Wright,priya.wright4287@example.com,Denver,CO,USA,West,Organic Search,2026-06-21
4288,Lucas,Garcia,lucas.garcia4288@example.com,Manchester,,UK,International,Organic Search,2023-04-30
4289,Lisa,Hill,lisa.hill4289@example.com,London,,UK,International,Direct,2025-05-31
4290,Charles,Lopez,charles.lopez4290@example.com,Miami,FL,USA,South,Paid Social,2024-07-29
4291,David,Li,david.li4291@example.com,Cleveland,OH,USA,Midwest,Paid Social,2026-05-13
4292,Liam,Kim,liam.kim4292@example.com,Sydney,NSW,Australia,International,Email Marketing,2023-10-20
4293,Neha,Baker,neha.baker4293@example.com,Minneapolis,MN,USA,Midwest,Direct,2024-03-20
4294,Sandra,Garcia,sandra.garcia4294@example.com,Tampa,FL,USA,South,Direct,2025-08-17
4295,Logan,Baker,logan.baker4295@example.com,Phoenix,AZ,USA,West,Organic Search,2025-02-10
4296,Neha,Thomas,neha.thomas4296@example.com,Sacramento,CA,USA,West,Organic Search,2023-08-31
4297,Carlos,Gonzalez,carlos.gonzalez4297@example.com,Sydney,NSW,Australia,International,Direct,2023-08-02
4298,Liam,Wang,liam.wang4298@example.com,Pittsburgh,PA,USA,Northeast,Referral,2025-05-26
4299,Hiroshi,Lopez,hiroshi.lopez4299@example.com,Las Vegas,NV,USA,West,Direct,2025-05-06
4300,Patricia,Tanaka,patricia.tanaka4300@example.com,San Jose,CA,USA,West,Paid Social,2026-08-20
4301,Linda,Nair,linda.nair4301@example.com,Phoenix,AZ,USA,West,Email Marketing,2026-07-03
4302,Thomas,Thomas,thomas.thomas4302@example.com,Phoenix,AZ,USA,West,Direct,2025-03-11
4303,Olivia,Johnson,olivia.johnson4303@example.com,Tampa,FL,USA,South,Direct,2025-09-05
4304,Anthony,Patel,anthony.patel4304@example.com,Denver,CO,USA,West,Organic Search,2024-02-11
4305,Jessica,Liu,jessica.liu4305@example.com,Minneapolis,MN,USA,Midwest,Direct,2023-05-27
4306,Ana,Kelly,ana.kelly4306@example.com,Raleigh,NC,USA,South,Direct,2026-08-18
4307,Omar,Anderson,omar.anderson4307@example.com,Baltimore,MD,USA,Northeast,Organic Search,2024-08-08
4308,Amit,Gonzalez,amit.gonzalez4308@example.com,Los Angeles,CA,USA,West,Organic Search,2024-05-16
4309,Yuki,Baker,yuki.baker4309@example.com,Denver,CO,USA,West,Paid Social,2026-01-06
4310,Karen,Thomas,karen.thomas4310@example.com,Phoenix,AZ,USA,West,Organic Search,2024-06-15
4311,Ethan,Singh,ethan.singh4311@example.com,Tampa,FL,USA,South,Direct,2023-09-17
4312,Logan,Hill,logan.hill4312@example.com,Boston,MA,USA,Northeast,Organic Search,2026-02-08
4313,Isabella,Nair,isabella.nair4313@example.com,Miami,FL,USA,South,Paid Social,2024-11-29
4314,Amelia,Rodriguez,amelia.rodriguez4314@example.com,Chicago,IL,USA,Midwest,Organic Search,2024-07-16
4315,Patricia,Singh,patricia.singh4315@example.com,Minneapolis,MN,USA,Midwest,Organic Search,2025-05-26
4316,Lisa,Iyer,lisa.iyer4316@example.com,Sacramento,CA,USA,West,Email Marketing,2024-03-27
4317,Jose,Jones,jose.jones4317@example.com,Austin,TX,USA,South,Paid Social,2024-07-26
4318,Hiroshi,Anderson,hiroshi.anderson4318@example.com,Denver,CO,USA,West,Paid Social,2025-01-18
4319,Wei,Adams,wei.adams4319@example.com,Tampa,FL,USA,South,Direct,2025-04-21
4320,Olivia,Li,olivia.li4320@example.com,Detroit,MI,USA,Midwest,Direct,2023-11-24
4321,Neha,Hill,neha.hill4321@example.com,Cleveland,OH,USA,Midwest,Email Marketing,2023-02-14
4322,Sarah,Sharma,sarah.sharma4322@example.com,New York,NY,USA,Northeast,Referral,2026-03-30
4323,Omar,Sharma,omar.sharma4323@example.com,Tampa,FL,USA,South,Paid Social,2024-11-14
4324,Charles,Torres,charles.torres4324@example.com,Houston,TX,USA,South,Email Marketing,2023-09-16
4325,Omar,Hill,omar.hill4325@example.com,Baltimore,MD,USA,Northeast,Organic Search,2024-04-18
4326,Robert,Nguyen,robert.nguyen4326@example.com,Sacramento,CA,USA,West,Direct,2024-03-17
4327,Kavita,Rodriguez,kavita.rodriguez4327@example.com,Phoenix,AZ,USA,West,Organic Search,2023-08-14
4328,Jose,Smith,jose.smith4328@example.com,Columbus,OH,USA,Midwest,Organic Search,2024-02-06
4329,Isabella,Mehta,isabella.mehta4329@example.com,Toronto,ON,Canada,International,Referral,2023-01-13
4330,Hiroshi,Wang,hiroshi.wang4330@example.com,Vancouver,BC,Canada,International,Paid Social,2023-10-08
4331,Mason,Jackson,mason.jackson4331@example.com,Houston,TX,USA,South,Paid Social,2024-02-21
4332,Amelia,Rodriguez,amelia.rodriguez4332@example.com,Philadelphia,PA,USA,Northeast,Organic Search,2026-02-11
4333,Charles,Baker,charles.baker4333@example.com,Denver,CO,USA,West,Organic Search,2026-08-14
4334,Karen,Diaz,karen.diaz4334@example.com,Houston,TX,USA,South,Referral,2024-07-06
4335,Fatima,Wang,fatima.wang4335@example.com,Orlando,FL,USA,South,Direct,2025-06-30
4336,Betty,Nair,betty.nair4336@example.com,Melbourne,VIC,Australia,International,Organic Search,2023-10-15
4337,Mason,Iyer,mason.iyer4337@example.com,Charlotte,NC,USA,South,Organic Search,2023-05-18
4338,Karen,Johnson,karen.johnson4338@example.com,Houston,TX,USA,South,Email Marketing,2025-11-26
4339,Kavita,Rodriguez,kavita.rodriguez4339@example.com,Tampa,FL,USA,South,Email Marketing,2026-01-17
4340,Margaret,Iyer,margaret.iyer4340@example.com,Sacramento,CA,USA,West,Direct,2025-02-19
4341,Mia,Hernandez,mia.hernandez4341@example.com,Salt Lake City,UT,USA,West,Direct,2025-10-18
4342,William,Diaz,william.diaz4342@example.com,Indianapolis,IN,USA,Midwest,Paid Social,2024-11-18
4343,Ananya,Park,ananya.park4343@example.com,Detroit,MI,USA,Midwest,Email Marketing,2026-05-12
4344,Jose,Nair,jose.nair4344@example.com,Nashville,TN,USA,South,Paid Social,2023-04-17
4345,Matthew,Martinez,matthew.martinez4345@example.com,Boston,MA,USA,Northeast,Direct,2023-07-11
4346,Margaret,Kumar,margaret.kumar4346@example.com,Houston,TX,USA,South,Email Marketing,2023-01-02
4347,Jin,Jackson,jin.jackson4347@example.com,Orlando,FL,USA,South,Organic Search,2024-12-07
4348,Amelia,Hill,amelia.hill4348@example.com,Houston,TX,USA,South,Paid Social,2023-04-10
4349,Amelia,Flores,amelia.flores4349@example.com,Milwaukee,WI,USA,Midwest,Paid Social,2023-03-15
4350,David,Brown,david.brown4350@example.com,Detroit,MI,USA,Midwest,Organic Search,2024-05-10
4351,Ahmed,Singh,ahmed.singh4351@example.com,Milwaukee,WI,USA,Midwest,Organic Search,2024-03-13
4352,Matthew,Zhang,matthew.zhang4352@example.com,Melbourne,VIC,Australia,International,Direct,2024-07-16
4353,Margaret,Chen,margaret.chen4353@example.com,Portland,OR,USA,West,Paid Social,2024-12-22
4354,Betty,Williams,betty.williams4354@example.com,Sydney,NSW,Australia,International,Direct,2023-07-31
4355,Mason,Sharma,mason.sharma4355@example.com,Tampa,FL,USA,South,Organic Search,2023-08-14
4356,Liam,Yamamoto,liam.yamamoto4356@example.com,Boston,MA,USA,Northeast,Organic Search,2026-05-30
4357,Noah,Scott,noah.scott4357@example.com,San Antonio,TX,USA,South,Paid Social,2026-05-26
4358,Anthony,Chen,anthony.chen4358@example.com,San Antonio,TX,USA,South,Paid Social,2023-08-07
4359,Luis,Iyer,luis.iyer4359@example.com,Raleigh,NC,USA,South,Referral,2023-08-20
4360,Aiden,Singh,aiden.singh4360@example.com,Sacramento,CA,USA,West,Paid Social,2025-12-03
4361,Betty,Hernandez,betty.hernandez4361@example.com,St. Louis,MO,USA,Midwest,Organic Search,2023-03-27
4362,Patricia,Patel,patricia.patel4362@example.com,Salt Lake City,UT,USA,West,Organic Search,2024-01-24
4363,Harper,Jones,harper.jones4363@example.com,London,,UK,International,Paid Social,2024-11-01
4364,Karen,Liu,karen.liu4364@example.com,Cleveland,OH,USA,Midwest,Organic Search,2024-05-05
4365,Mia,Hernandez,mia.hernandez4365@example.com,Detroit,MI,USA,Midwest,Organic Search,2025-03-30
4366,Richard,Mehta,richard.mehta4366@example.com,Las Vegas,NV,USA,West,Organic Search,2023-03-30
4367,Jin,Liu,jin.liu4367@example.com,Nashville,TN,USA,South,Referral,2025-05-26
4368,Anthony,Smith,anthony.smith4368@example.com,Charlotte,NC,USA,South,Organic Search,2025-11-21
4369,Christopher,Mehta,christopher.mehta4369@example.com,Columbus,OH,USA,Midwest,Paid Social,2025-02-25
4370,Mark,Taylor,mark.taylor4370@example.com,Atlanta,GA,USA,South,Organic Search,2025-01-29
4371,Linda,Hernandez,linda.hernandez4371@example.com,Atlanta,GA,USA,South,Organic Search,2025-11-26
4372,Sunita,Iyer,sunita.iyer4372@example.com,San Antonio,TX,USA,South,Referral,2023-01-10
4373,Noah,Gonzalez,noah.gonzalez4373@example.com,New York,NY,USA,Northeast,Paid Social,2026-03-01
4374,Thomas,Flores,thomas.flores4374@example.com,New York,NY,USA,Northeast,Direct,2024-04-03
4375,Nancy,Chen,nancy.chen4375@example.com,Las Vegas,NV,USA,West,Paid Social,2023-08-26
4376,Ethan,Jackson,ethan.jackson4376@example.com,Dallas,TX,USA,South,Organic Search,2025-09-11
4377,Luis,Gonzalez,luis.gonzalez4377@example.com,New York,NY,USA,Northeast,Email Marketing,2023-05-06
4378,William,Martinez,william.martinez4378@example.com,Phoenix,AZ,USA,West,Organic Search,2023-10-17
4379,Vikram,Martinez,vikram.martinez4379@example.com,Charlotte,NC,USA,South,Organic Search,2024-08-17
4380,Michael,Gupta,michael.gupta4380@example.com,Las Vegas,NV,USA,West,Email Marketing,2025-07-04
4381,Richard,Adams,richard.adams4381@example.com,Sydney,NSW,Australia,International,Email Marketing,2025-05-24
4382,Aiden,Miller,aiden.miller4382@example.com,Tampa,FL,USA,South,Paid Social,2026-06-03
4383,Ahmed,Reddy,ahmed.reddy4383@example.com,Kansas City,MO,USA,Midwest,Paid Social,2023-03-25
4384,Ana,Zhang,ana.zhang4384@example.com,Denver,CO,USA,West,Organic Search,2024-06-28
4385,Maria,Martinez,maria.martinez4385@example.com,San Jose,CA,USA,West,Referral,2024-07-30
4386,Ana,Torres,ana.torres4386@example.com,Cleveland,OH,USA,Midwest,Organic Search,2025-07-28
4387,Lisa,Rodriguez,lisa.rodriguez4387@example.com,Philadelphia,PA,USA,Northeast,Paid Social,2024-06-13
4388,Mary,Mehta,mary.mehta4388@example.com,Los Angeles,CA,USA,West,Paid Social,2024-08-05
4389,Arjun,Nair,arjun.nair4389@example.com,Houston,TX,USA,South,Direct,2024-11-16
4390,Joseph,Garcia,joseph.garcia4390@example.com,Miami,FL,USA,South,Organic Search,2023-07-16
4391,Fatima,Hill,fatima.hill4391@example.com,Austin,TX,USA,South,Paid Social,2023-03-04
4392,Sarah,Reddy,sarah.reddy4392@example.com,Minneapolis,MN,USA,Midwest,Paid Social,2024-03-03
4393,Noah,Patel,noah.patel4393@example.com,Manchester,,UK,International,Paid Social,2026-02-13
4394,Anthony,Anderson,anthony.anderson4394@example.com,Atlanta,GA,USA,South,Organic Search,2025-10-21
4395,Carlos,Wang,carlos.wang4395@example.com,Philadelphia,PA,USA,Northeast,Direct,2023-08-09
4396,Ahmed,Chen,ahmed.chen4396@example.com,Vancouver,BC,Canada,International,Organic Search,2024-05-31
4397,Ethan,Nair,ethan.nair4397@example.com,Melbourne,VIC,Australia,International,Paid Social,2024-08-03
4398,Priya,Martinez,priya.martinez4398@example.com,Los Angeles,CA,USA,West,Email Marketing,2023-07-07
4399,Isabella,Diaz,isabella.diaz4399@example.com,Dallas,TX,USA,South,Email Marketing,2025-04-14
4400,Charles,Baker,charles.baker4400@example.com,Raleigh,NC,USA,South,Organic Search,2025-03-15
4401,Rohan,Kim,rohan.kim4401@example.com,San Jose,CA,USA,West,Referral,2025-10-17
4402,Rajesh,Smith,rajesh.smith4402@example.com,Chicago,IL,USA,Midwest,Email Marketing,2023-10-17
4403,Fatima,Scott,fatima.scott4403@example.com,Houston,TX,USA,South,Organic Search,2025-02-11
4404,Wei,Garcia,wei.garcia4404@example.com,London,,UK,International,Organic Search,2024-11-23
4405,Charles,Wang,charles.wang4405@example.com,San Diego,CA,USA,West,Paid Social,2026-08-27
4406,Linda,Wright,linda.wright4406@example.com,Charlotte,NC,USA,South,Referral,2024-10-17
4407,Margaret,Singh,margaret.singh4407@example.com,Manchester,,UK,International,Direct,2024-02-16
4408,Barbara,Brown,barbara.brown4408@example.com,Houston,TX,USA,South,Direct,2026-04-21
4409,Priya,Jones,priya.jones4409@example.com,Toronto,ON,Canada,International,Paid Social,2023-08-22
4410,Amit,Liu,amit.liu4410@example.com,Chicago,IL,USA,Midwest,Organic Search,2026-08-11
4411,Sandra,Patel,sandra.patel4411@example.com,Nashville,TN,USA,South,Organic Search,2026-01-18
4412,Lisa,Nguyen,lisa.nguyen4412@example.com,Houston,TX,USA,South,Direct,2024-04-16
4413,Rohan,Hill,rohan.hill4413@example.com,Seattle,WA,USA,West,Direct,2025-05-04
4414,Arjun,Baker,arjun.baker4414@example.com,St. Louis,MO,USA,Midwest,Paid Social,2025-12-29
4415,Patricia,Li,patricia.li4415@example.com,Philadelphia,PA,USA,Northeast,Organic Search,2023-10-08
4416,Elena,Zhang,elena.zhang4416@example.com,Phoenix,AZ,USA,West,Paid Social,2026-03-17
4417,Emma,Diaz,emma.diaz4417@example.com,Boston,MA,USA,Northeast,Direct,2023-01-08
4418,Mark,Jones,mark.jones4418@example.com,Philadelphia,PA,USA,Northeast,Organic Search,2024-12-15
4419,Margaret,Torres,margaret.torres4419@example.com,Denver,CO,USA,West,Organic Search,2026-06-09
4420,Betty,Park,betty.park4420@example.com,Sacramento,CA,USA,West,Direct,2024-08-17
4421,Richard,Yamamoto,richard.yamamoto4421@example.com,London,,UK,International,Referral,2024-09-23
4422,Elena,Park,elena.park4422@example.com,Seattle,WA,USA,West,Paid Social,2025-04-15
4423,Carlos,Wright,carlos.wright4423@example.com,Los Angeles,CA,USA,West,Direct,2023-08-01
4424,Lucas,Iyer,lucas.iyer4424@example.com,Las Vegas,NV,USA,West,Direct,2023-07-21
4425,Sophia,Reddy,sophia.reddy4425@example.com,Dallas,TX,USA,South,Direct,2026-01-16
4426,Margaret,Nair,margaret.nair4426@example.com,Denver,CO,USA,West,Paid Social,2025-12-13
4427,Carlos,Johnson,carlos.johnson4427@example.com,Philadelphia,PA,USA,Northeast,Direct,2025-03-23
4428,Christopher,Mehta,christopher.mehta4428@example.com,Orlando,FL,USA,South,Organic Search,2023-11-22
4429,Chen,Iyer,chen.iyer4429@example.com,Sacramento,CA,USA,West,Paid Social,2025-11-20
4430,Matthew,Rao,matthew.rao4430@example.com,Orlando,FL,USA,South,Organic Search,2025-03-20
4431,Mei,Hernandez,mei.hernandez4431@example.com,Columbus,OH,USA,Midwest,Paid Social,2026-08-05
4432,Logan,Park,logan.park4432@example.com,New York,NY,USA,Northeast,Paid Social,2026-04-04
4433,Wei,Tanaka,wei.tanaka4433@example.com,Salt Lake City,UT,USA,West,Organic Search,2024-10-24
4434,Sophia,Chen,sophia.chen4434@example.com,Kansas City,MO,USA,Midwest,Organic Search,2024-10-22
4435,Isabella,Singh,isabella.singh4435@example.com,Detroit,MI,USA,Midwest,Organic Search,2024-01-20
4436,Jose,Green,jose.green4436@example.com,Salt Lake City,UT,USA,West,Organic Search,2023-03-02
4437,Rajesh,Davis,rajesh.davis4437@example.com,Sacramento,CA,USA,West,Organic Search,2025-03-04
4438,Matthew,Tanaka,matthew.tanaka4438@example.com,Phoenix,AZ,USA,West,Referral,2023-10-12
4439,Carlos,Reddy,carlos.reddy4439@example.com,Minneapolis,MN,USA,Midwest,Email Marketing,2025-12-30
4440,William,Wright,william.wright4440@example.com,San Diego,CA,USA,West,Email Marketing,2024-09-23
4441,Jennifer,Brown,jennifer.brown4441@example.com,Cleveland,OH,USA,Midwest,Direct,2023-01-09
4442,Lisa,Taylor,lisa.taylor4442@example.com,Nashville,TN,USA,South,Direct,2026-07-31
4443,Liam,Yamamoto,liam.yamamoto4443@example.com,Baltimore,MD,USA,Northeast,Paid Social,2025-08-06
4444,Sandra,Wright,sandra.wright4444@example.com,Los Angeles,CA,USA,West,Direct,2026-04-22
4445,Jessica,Miller,jessica.miller4445@example.com,Austin,TX,USA,South,Organic Search,2023-01-28
4446,Ethan,Reddy,ethan.reddy4446@example.com,Melbourne,VIC,Australia,International,Organic Search,2024-07-17
4447,Robert,Reddy,robert.reddy4447@example.com,Manchester,,UK,International,Paid Social,2024-01-07
4448,Matthew,Nair,matthew.nair4448@example.com,Manchester,,UK,International,Organic Search,2023-09-01
4449,Robert,Singh,robert.singh4449@example.com,San Jose,CA,USA,West,Email Marketing,2023-01-28
4450,Isabella,Kelly,isabella.kelly4450@example.com,Charlotte,NC,USA,South,Organic Search,2023-10-06
4451,Daniel,Singh,daniel.singh4451@example.com,Pittsburgh,PA,USA,Northeast,Organic Search,2026-03-21
4452,Priya,Chen,priya.chen4452@example.com,Melbourne,VIC,Australia,International,Organic Search,2023-02-20
4453,Mei,Wang,mei.wang4453@example.com,Philadelphia,PA,USA,Northeast,Email Marketing,2024-07-21
4454,Jose,Nair,jose.nair4454@example.com,Baltimore,MD,USA,Northeast,Organic Search,2025-02-18
4455,Isabella,Wilson,isabella.wilson4455@example.com,Cleveland,OH,USA,Midwest,Direct,2024-06-02
4456,Mark,Taylor,mark.taylor4456@example.com,Miami,FL,USA,South,Direct,2024-07-28
4457,Elena,Yamamoto,elena.yamamoto4457@example.com,Salt Lake City,UT,USA,West,Direct,2025-05-07
4458,Mia,Gonzalez,mia.gonzalez4458@example.com,Nashville,TN,USA,South,Paid Social,2024-08-30
4459,Sandra,Scott,sandra.scott4459@example.com,Minneapolis,MN,USA,Midwest,Direct,2025-05-28
4460,Omar,Wang,omar.wang4460@example.com,Indianapolis,IN,USA,Midwest,Paid Social,2025-03-13
4461,Mason,Sharma,mason.sharma4461@example.com,Denver,CO,USA,West,Organic Search,2025-08-01
4462,Amelia,Chen,amelia.chen4462@example.com,New York,NY,USA,Northeast,Referral,2026-06-01
4463,Christopher,Baker,christopher.baker4463@example.com,St. Louis,MO,USA,Midwest,Direct,2026-06-03
4464,Ananya,Martin,ananya.martin4464@example.com,Denver,CO,USA,West,Email Marketing,2025-05-31
4465,Yuki,Liu,yuki.liu4465@example.com,Chicago,IL,USA,Midwest,Paid Social,2024-09-17
4466,Linda,Kumar,linda.kumar4466@example.com,Chicago,IL,USA,Midwest,Direct,2025-12-25
4467,Noah,Hernandez,noah.hernandez4467@example.com,New York,NY,USA,Northeast,Organic Search,2024-02-08
4468,Betty,Tanaka,betty.tanaka4468@example.com,Chicago,IL,USA,Midwest,Direct,2025-07-04
4469,Lucas,Martinez,lucas.martinez4469@example.com,London,,UK,International,Organic Search,2026-07-24
4470,Hiroshi,Scott,hiroshi.scott4470@example.com,Melbourne,VIC,Australia,International,Referral,2023-01-10
4471,Patricia,Jones,patricia.jones4471@example.com,St. Louis,MO,USA,Midwest,Organic Search,2026-02-19
4472,Joseph,Gupta,joseph.gupta4472@example.com,Chicago,IL,USA,Midwest,Direct,2026-07-26
4473,Yuki,Johnson,yuki.johnson4473@example.com,Columbus,OH,USA,Midwest,Referral,2023-07-12
4474,Yuki,Anderson,yuki.anderson4474@example.com,Phoenix,AZ,USA,West,Organic Search,2025-08-08
4475,Sandra,Anderson,sandra.anderson4475@example.com,Baltimore,MD,USA,Northeast,Direct,2024-11-08
4476,Richard,Davis,richard.davis4476@example.com,Austin,TX,USA,South,Organic Search,2024-12-23
4477,Vikram,Hernandez,vikram.hernandez4477@example.com,Orlando,FL,USA,South,Paid Social,2025-08-01
4478,Karen,Yamamoto,karen.yamamoto4478@example.com,Pittsburgh,PA,USA,Northeast,Email Marketing,2025-02-17
4479,Hiroshi,Davis,hiroshi.davis4479@example.com,Houston,TX,USA,South,Paid Social,2025-10-12
4480,Matthew,Yamamoto,matthew.yamamoto4480@example.com,Minneapolis,MN,USA,Midwest,Paid Social,2024-12-01
4481,Rohan,Kelly,rohan.kelly4481@example.com,Pittsburgh,PA,USA,Northeast,Referral,2026-05-21
4482,William,Kim,william.kim4482@example.com,Seattle,WA,USA,West,Organic Search,2023-06-10
4483,Sunita,Gupta,sunita.gupta4483@example.com,Minneapolis,MN,USA,Midwest,Organic Search,2024-03-26
4484,John,Adams,john.adams4484@example.com,St. Louis,MO,USA,Midwest,Organic Search,2024-01-17
4485,Susan,Nair,susan.nair4485@example.com,Kansas City,MO,USA,Midwest,Organic Search,2025-06-24
4486,Richard,Rodriguez,richard.rodriguez4486@example.com,Philadelphia,PA,USA,Northeast,Direct,2025-09-01
4487,Elena,Flores,elena.flores4487@example.com,San Jose,CA,USA,West,Direct,2024-06-11
4488,Daniel,Adams,daniel.adams4488@example.com,Pittsburgh,PA,USA,Northeast,Organic Search,2024-06-11
4489,Mia,Wright,mia.wright4489@example.com,Sacramento,CA,USA,West,Paid Social,2023-01-29
4490,Linda,Iyer,linda.iyer4490@example.com,Vancouver,BC,Canada,International,Organic Search,2026-05-20
4491,Priya,Johnson,priya.johnson4491@example.com,Denver,CO,USA,West,Referral,2026-05-09
4492,Elizabeth,Iyer,elizabeth.iyer4492@example.com,Baltimore,MD,USA,Northeast,Referral,2024-09-28
4493,Jin,Flores,jin.flores4493@example.com,Sydney,NSW,Australia,International,Email Marketing,2026-01-10
4494,Thomas,Torres,thomas.torres4494@example.com,St. Louis,MO,USA,Midwest,Paid Social,2023-07-24
4495,Margaret,Moore,margaret.moore4495@example.com,Seattle,WA,USA,West,Email Marketing,2025-12-23
4496,Amelia,Williams,amelia.williams4496@example.com,Portland,OR,USA,West,Paid Social,2023-07-05
4497,Karen,Brown,karen.brown4497@example.com,Austin,TX,USA,South,Paid Social,2024-05-11
4498,Maria,Williams,maria.williams4498@example.com,Austin,TX,USA,South,Paid Social,2024-05-01
4499,Ananya,Rodriguez,ananya.rodriguez4499@example.com,Las Vegas,NV,USA,West,Paid Social,2025-01-29
4500,Noah,Lopez,noah.lopez4500@example.com,Manchester,,UK,International,Direct,2023-08-14
4501,Rajesh,Kim,rajesh.kim4501@example.com,Los Angeles,CA,USA,West,Direct,2026-07-11
4502,William,Zhang,william.zhang4502@example.com,Charlotte,NC,USA,South,Direct,2024-05-24
4503,Jose,Anderson,jose.anderson4503@example.com,Philadelphia,PA,USA,Northeast,Email Marketing,2026-08-30
4504,Sophia,Chen,sophia.chen4504@example.com,San Diego,CA,USA,West,Direct,2023-08-08
4505,Sofia,Martinez,sofia.martinez4505@example.com,London,,UK,International,Organic Search,2025-08-15
4506,Luis,Patel,luis.patel4506@example.com,Phoenix,AZ,USA,West,Email Marketing,2024-03-13
4507,Mia,Davis,mia.davis4507@example.com,Pittsburgh,PA,USA,Northeast,Organic Search,2026-06-12
4508,Michael,Flores,michael.flores4508@example.com,Milwaukee,WI,USA,Midwest,Paid Social,2026-06-20
4509,Richard,Kim,richard.kim4509@example.com,Toronto,ON,Canada,International,Organic Search,2026-03-07
4510,Mei,Rao,mei.rao4510@example.com,Indianapolis,IN,USA,Midwest,Direct,2025-06-10
4511,Joseph,Baker,joseph.baker4511@example.com,Los Angeles,CA,USA,West,Paid Social,2026-03-02
4512,Liam,Wang,liam.wang4512@example.com,New York,NY,USA,Northeast,Paid Social,2024-08-21
4513,William,Kumar,william.kumar4513@example.com,Charlotte,NC,USA,South,Organic Search,2024-07-15
4514,Mary,Lopez,mary.lopez4514@example.com,New York,NY,USA,Northeast,Organic Search,2026-08-16
4515,Mason,Thomas,mason.thomas4515@example.com,Toronto,ON,Canada,International,Paid Social,2026-06-09
4516,Margaret,Green,margaret.green4516@example.com,Portland,OR,USA,West,Direct,2023-04-24
4517,Wei,Li,wei.li4517@example.com,Orlando,FL,USA,South,Paid Social,2025-03-23
4518,Michael,Moore,michael.moore4518@example.com,New York,NY,USA,Northeast,Direct,2024-02-26
4519,Emma,Torres,emma.torres4519@example.com,Minneapolis,MN,USA,Midwest,Organic Search,2023-05-21
4520,Charles,Thomas,charles.thomas4520@example.com,Pittsburgh,PA,USA,Northeast,Paid Social,2023-07-17
4521,Arjun,Yamamoto,arjun.yamamoto4521@example.com,Dallas,TX,USA,South,Paid Social,2023-05-27
4522,Wei,Miller,wei.miller4522@example.com,Denver,CO,USA,West,Organic Search,2025-02-07
4523,Harper,Martin,harper.martin4523@example.com,San Jose,CA,USA,West,Organic Search,2023-07-21
4524,Nancy,Kumar,nancy.kumar4524@example.com,Denver,CO,USA,West,Organic Search,2026-01-31
4525,Elizabeth,Adams,elizabeth.adams4525@example.com,Tampa,FL,USA,South,Paid Social,2026-07-28
4526,Omar,Smith,omar.smith4526@example.com,Denver,CO,USA,West,Paid Social,2023-06-26
4527,Sophia,Thomas,sophia.thomas4527@example.com,Tampa,FL,USA,South,Direct,2025-08-12
4528,Amit,Wright,amit.wright4528@example.com,Baltimore,MD,USA,Northeast,Paid Social,2024-01-13
4529,Robert,Gupta,robert.gupta4529@example.com,Dallas,TX,USA,South,Organic Search,2023-07-24
4530,Aiden,Smith,aiden.smith4530@example.com,Kansas City,MO,USA,Midwest,Organic Search,2024-05-09
4531,Maria,Johnson,maria.johnson4531@example.com,Salt Lake City,UT,USA,West,Email Marketing,2024-10-18
4532,Margaret,Mehta,margaret.mehta4532@example.com,New York,NY,USA,Northeast,Paid Social,2023-06-15
4533,William,Nguyen,william.nguyen4533@example.com,Boston,MA,USA,Northeast,Email Marketing,2024-09-14
4534,Maria,Nair,maria.nair4534@example.com,Manchester,,UK,International,Paid Social,2026-06-17
4535,Yuki,Singh,yuki.singh4535@example.com,San Diego,CA,USA,West,Direct,2025-07-17
4536,William,Thomas,william.thomas4536@example.com,Sacramento,CA,USA,West,Paid Social,2023-08-27
4537,Ethan,Li,ethan.li4537@example.com,St. Louis,MO,USA,Midwest,Direct,2025-05-21
4538,Carlos,Reddy,carlos.reddy4538@example.com,San Antonio,TX,USA,South,Organic Search,2025-04-02
4539,Ana,Baker,ana.baker4539@example.com,Sacramento,CA,USA,West,Paid Social,2023-02-21
4540,Isabella,Wilson,isabella.wilson4540@example.com,Kansas City,MO,USA,Midwest,Organic Search,2026-01-20
4541,Amelia,Chen,amelia.chen4541@example.com,Detroit,MI,USA,Midwest,Email Marketing,2023-04-06
4542,Sarah,Wilson,sarah.wilson4542@example.com,Detroit,MI,USA,Midwest,Direct,2023-05-21
4543,Fatima,Singh,fatima.singh4543@example.com,Columbus,OH,USA,Midwest,Paid Social,2024-02-24
4544,James,Jackson,james.jackson4544@example.com,San Diego,CA,USA,West,Organic Search,2025-07-25
4545,Richard,Torres,richard.torres4545@example.com,Portland,OR,USA,West,Organic Search,2023-07-29
4546,Rajesh,Li,rajesh.li4546@example.com,Seattle,WA,USA,West,Organic Search,2025-03-23
4547,Omar,Wilson,omar.wilson4547@example.com,St. Louis,MO,USA,Midwest,Organic Search,2023-02-25
4548,Luis,Sharma,luis.sharma4548@example.com,Tampa,FL,USA,South,Paid Social,2026-03-03
4549,Mia,Chen,mia.chen4549@example.com,Los Angeles,CA,USA,West,Organic Search,2026-02-02
4550,Sandra,Smith,sandra.smith4550@example.com,Los Angeles,CA,USA,West,Organic Search,2024-03-26
4551,Sandra,Reddy,sandra.reddy4551@example.com,Seattle,WA,USA,West,Direct,2023-06-11
4552,Lisa,Green,lisa.green4552@example.com,Austin,TX,USA,South,Direct,2026-05-01
4553,Nancy,Chen,nancy.chen4553@example.com,Houston,TX,USA,South,Paid Social,2026-05-10
4554,David,Williams,david.williams4554@example.com,Boston,MA,USA,Northeast,Organic Search,2023-10-25
4555,William,Liu,william.liu4555@example.com,Sacramento,CA,USA,West,Organic Search,2025-11-17
4556,Sophia,Davis,sophia.davis4556@example.com,Raleigh,NC,USA,South,Organic Search,2023-06-29
4557,Liam,Diaz,liam.diaz4557@example.com,London,,UK,International,Direct,2025-03-31
4558,Sophia,Patel,sophia.patel4558@example.com,Sacramento,CA,USA,West,Paid Social,2025-12-02
4559,Sophia,Jackson,sophia.jackson4559@example.com,London,,UK,International,Direct,2026-07-02
4560,Wei,Hernandez,wei.hernandez4560@example.com,Dallas,TX,USA,South,Organic Search,2023-09-12
4561,Harper,Nair,harper.nair4561@example.com,Miami,FL,USA,South,Referral,2024-12-29
4562,Richard,Yamamoto,richard.yamamoto4562@example.com,Sydney,NSW,Australia,International,Paid Social,2023-07-28
4563,Mary,Iyer,mary.iyer4563@example.com,Phoenix,AZ,USA,West,Paid Social,2026-07-18
4564,Wei,Nair,wei.nair4564@example.com,Denver,CO,USA,West,Organic Search,2025-04-15
4565,Richard,Hernandez,richard.hernandez4565@example.com,Manchester,,UK,International,Paid Social,2025-01-20
4566,Liam,Lopez,liam.lopez4566@example.com,St. Louis,MO,USA,Midwest,Organic Search,2026-05-07
4567,Sofia,Wilson,sofia.wilson4567@example.com,Baltimore,MD,USA,Northeast,Referral,2025-11-04
4568,Margaret,Zhang,margaret.zhang4568@example.com,London,,UK,International,Direct,2026-04-13
4569,Amelia,Hernandez,amelia.hernandez4569@example.com,Houston,TX,USA,South,Organic Search,2024-02-29
4570,Mary,Wang,mary.wang4570@example.com,Phoenix,AZ,USA,West,Paid Social,2025-10-08
4571,Nancy,Davis,nancy.davis4571@example.com,Tampa,FL,USA,South,Organic Search,2024-02-03
4572,Jessica,Thomas,jessica.thomas4572@example.com,Phoenix,AZ,USA,West,Paid Social,2025-12-15
4573,John,Adams,john.adams4573@example.com,Chicago,IL,USA,Midwest,Organic Search,2026-05-18
4574,Arjun,Chen,arjun.chen4574@example.com,San Jose,CA,USA,West,Direct,2024-08-28
4575,Jin,Li,jin.li4575@example.com,Seattle,WA,USA,West,Paid Social,2025-05-12
4576,Priya,Torres,priya.torres4576@example.com,Manchester,,UK,International,Referral,2026-01-27
4577,Jessica,Martinez,jessica.martinez4577@example.com,Las Vegas,NV,USA,West,Email Marketing,2024-03-22
4578,Karen,Martinez,karen.martinez4578@example.com,Atlanta,GA,USA,South,Direct,2024-12-01
4579,Kavita,Jones,kavita.jones4579@example.com,Manchester,,UK,International,Direct,2024-01-13
4580,David,Kelly,david.kelly4580@example.com,Boston,MA,USA,Northeast,Email Marketing,2025-05-12
4581,Susan,Hill,susan.hill4581@example.com,Columbus,OH,USA,Midwest,Direct,2025-04-11
4582,Jessica,Diaz,jessica.diaz4582@example.com,Salt Lake City,UT,USA,West,Paid Social,2026-03-16
4583,Carlos,Taylor,carlos.taylor4583@example.com,San Antonio,TX,USA,South,Email Marketing,2026-02-10
4584,Sandra,Miller,sandra.miller4584@example.com,Atlanta,GA,USA,South,Paid Social,2023-04-18
4585,Mary,Baker,mary.baker4585@example.com,Las Vegas,NV,USA,West,Direct,2025-12-03
4586,Yuki,Baker,yuki.baker4586@example.com,Sydney,NSW,Australia,International,Organic Search,2026-04-17
4587,Amit,Kumar,amit.kumar4587@example.com,London,,UK,International,Paid Social,2023-10-05
4588,John,Yamamoto,john.yamamoto4588@example.com,Sydney,NSW,Australia,International,Direct,2023-12-27
4589,Emma,Chen,emma.chen4589@example.com,Melbourne,VIC,Australia,International,Direct,2024-01-21
4590,Barbara,Nair,barbara.nair4590@example.com,Orlando,FL,USA,South,Paid Social,2023-05-17
4591,Margaret,Nguyen,margaret.nguyen4591@example.com,Las Vegas,NV,USA,West,Organic Search,2025-05-28
4592,Sophia,Diaz,sophia.diaz4592@example.com,Dallas,TX,USA,South,Organic Search,2024-04-08
4593,Mary,Hill,mary.hill4593@example.com,Columbus,OH,USA,Midwest,Organic Search,2026-08-25
4594,Nancy,Green,nancy.green4594@example.com,Nashville,TN,USA,South,Organic Search,2026-06-17
4595,Sandra,Brown,sandra.brown4595@example.com,St. Louis,MO,USA,Midwest,Direct,2024-05-18
4596,Priya,Iyer,priya.iyer4596@example.com,Atlanta,GA,USA,South,Organic Search,2023-01-30
4597,Harper,Miller,harper.miller4597@example.com,Portland,OR,USA,West,Organic Search,2023-12-11
4598,Kavita,Martinez,kavita.martinez4598@example.com,Los Angeles,CA,USA,West,Organic Search,2024-07-26
4599,Jose,Smith,jose.smith4599@example.com,Manchester,,UK,International,Organic Search,2025-04-22
4600,Barbara,Davis,barbara.davis4600@example.com,Milwaukee,WI,USA,Midwest,Paid Social,2023-05-14
4601,Omar,Moore,omar.moore4601@example.com,New York,NY,USA,Northeast,Direct,2026-03-25
4602,Amit,Wang,amit.wang4602@example.com,Minneapolis,MN,USA,Midwest,Organic Search,2026-01-09
4603,David,Gonzalez,david.gonzalez4603@example.com,Kansas City,MO,USA,Midwest,Organic Search,2024-09-29
4604,Sarah,Martin,sarah.martin4604@example.com,Atlanta,GA,USA,South,Referral,2026-07-21
4605,Mia,Lopez,mia.lopez4605@example.com,Tampa,FL,USA,South,Email Marketing,2023-05-25
4606,Betty,Sharma,betty.sharma4606@example.com,Tampa,FL,USA,South,Organic Search,2024-07-01
4607,Daniel,Williams,daniel.williams4607@example.com,Melbourne,VIC,Australia,International,Referral,2024-05-10
4608,Ana,Iyer,ana.iyer4608@example.com,London,,UK,International,Direct,2025-05-17
4609,Nancy,Tanaka,nancy.tanaka4609@example.com,Minneapolis,MN,USA,Midwest,Organic Search,2026-01-05
4610,Ananya,Garcia,ananya.garcia4610@example.com,Phoenix,AZ,USA,West,Direct,2026-01-14
4611,Matthew,Park,matthew.park4611@example.com,Los Angeles,CA,USA,West,Email Marketing,2024-04-17
4612,Amit,Rodriguez,amit.rodriguez4612@example.com,Nashville,TN,USA,South,Direct,2023-11-01
4613,Ana,Iyer,ana.iyer4613@example.com,Columbus,OH,USA,Midwest,Paid Social,2024-01-20
4614,Matthew,Gonzalez,matthew.gonzalez4614@example.com,Portland,OR,USA,West,Direct,2026-01-08
4615,Priya,Taylor,priya.taylor4615@example.com,Indianapolis,IN,USA,Midwest,Paid Social,2023-07-29
4616,Amelia,Singh,amelia.singh4616@example.com,Pittsburgh,PA,USA,Northeast,Email Marketing,2024-06-05
4617,Ethan,Iyer,ethan.iyer4617@example.com,Cleveland,OH,USA,Midwest,Email Marketing,2023-12-26
4618,Daniel,Singh,daniel.singh4618@example.com,Sydney,NSW,Australia,International,Referral,2026-02-09
4619,Robert,Rao,robert.rao4619@example.com,Nashville,TN,USA,South,Organic Search,2023-02-14
4620,Hiroshi,Hernandez,hiroshi.hernandez4620@example.com,Toronto,ON,Canada,International,Direct,2025-12-07
4621,Jose,Park,jose.park4621@example.com,Nashville,TN,USA,South,Email Marketing,2025-09-09
4622,Mary,Thomas,mary.thomas4622@example.com,Vancouver,BC,Canada,International,Paid Social,2026-05-24
4623,Elena,Jackson,elena.jackson4623@example.com,Atlanta,GA,USA,South,Organic Search,2026-05-15
4624,Aiden,Reddy,aiden.reddy4624@example.com,Miami,FL,USA,South,Organic Search,2025-07-26
4625,Mason,Gonzalez,mason.gonzalez4625@example.com,New York,NY,USA,Northeast,Organic Search,2026-04-27
4626,Yuki,Moore,yuki.moore4626@example.com,Dallas,TX,USA,South,Paid Social,2025-07-21
4627,Vikram,Jackson,vikram.jackson4627@example.com,Sydney,NSW,Australia,International,Direct,2025-02-11
4628,Chen,Iyer,chen.iyer4628@example.com,Sacramento,CA,USA,West,Direct,2026-06-05
4629,Emma,Johnson,emma.johnson4629@example.com,St. Louis,MO,USA,Midwest,Direct,2025-07-26
4630,Robert,Iyer,robert.iyer4630@example.com,London,,UK,International,Organic Search,2024-06-18
4631,William,Garcia,william.garcia4631@example.com,Los Angeles,CA,USA,West,Referral,2024-03-16
4632,Rohan,Hill,rohan.hill4632@example.com,Sacramento,CA,USA,West,Organic Search,2025-03-14
4633,Carlos,Nair,carlos.nair4633@example.com,Pittsburgh,PA,USA,Northeast,Direct,2023-01-01
4634,Elizabeth,Liu,elizabeth.liu4634@example.com,Milwaukee,WI,USA,Midwest,Paid Social,2023-02-10
4635,Luis,Wang,luis.wang4635@example.com,Detroit,MI,USA,Midwest,Organic Search,2024-01-06
4636,Anthony,Kumar,anthony.kumar4636@example.com,Sydney,NSW,Australia,International,Email Marketing,2025-06-09
4637,Mei,Johnson,mei.johnson4637@example.com,Nashville,TN,USA,South,Organic Search,2023-02-04
4638,Sofia,Nair,sofia.nair4638@example.com,Vancouver,BC,Canada,International,Email Marketing,2024-04-14
4639,Amit,Williams,amit.williams4639@example.com,Dallas,TX,USA,South,Email Marketing,2024-06-25
4640,Chen,Jones,chen.jones4640@example.com,Las Vegas,NV,USA,West,Email Marketing,2026-01-04
4641,Jin,Rao,jin.rao4641@example.com,San Diego,CA,USA,West,Organic Search,2023-03-10
4642,Jin,Brown,jin.brown4642@example.com,Denver,CO,USA,West,Paid Social,2025-10-01
4643,Daniel,Adams,daniel.adams4643@example.com,Tampa,FL,USA,South,Email Marketing,2024-09-08
4644,Elizabeth,Kelly,elizabeth.kelly4644@example.com,St. Louis,MO,USA,Midwest,Direct,2024-05-25
4645,Neha,Tanaka,neha.tanaka4645@example.com,Denver,CO,USA,West,Direct,2025-04-13
4646,Michael,Scott,michael.scott4646@example.com,Tampa,FL,USA,South,Organic Search,2025-11-14
4647,Robert,Flores,robert.flores4647@example.com,Philadelphia,PA,USA,Northeast,Organic Search,2023-06-12
4648,Charles,Rao,charles.rao4648@example.com,Toronto,ON,Canada,International,Paid Social,2026-05-16
4649,Anthony,Smith,anthony.smith4649@example.com,Detroit,MI,USA,Midwest,Direct,2025-10-28
4650,Charles,Hill,charles.hill4650@example.com,Baltimore,MD,USA,Northeast,Paid Social,2025-12-09
4651,Aiden,Brown,aiden.brown4651@example.com,Indianapolis,IN,USA,Midwest,Paid Social,2025-04-29
4652,Matthew,Green,matthew.green4652@example.com,Pittsburgh,PA,USA,Northeast,Organic Search,2024-09-14
4653,Margaret,Kelly,margaret.kelly4653@example.com,Manchester,,UK,International,Organic Search,2025-11-07
4654,Ana,Green,ana.green4654@example.com,Denver,CO,USA,West,Organic Search,2026-01-05
4655,Karen,Gonzalez,karen.gonzalez4655@example.com,Seattle,WA,USA,West,Paid Social,2025-05-13
4656,Michael,Rao,michael.rao4656@example.com,Seattle,WA,USA,West,Email Marketing,2025-07-03
4657,Carlos,Mehta,carlos.mehta4657@example.com,Kansas City,MO,USA,Midwest,Email Marketing,2023-12-21
4658,Sarah,Singh,sarah.singh4658@example.com,Denver,CO,USA,West,Referral,2025-06-29
4659,Jennifer,Li,jennifer.li4659@example.com,Sydney,NSW,Australia,International,Email Marketing,2026-02-09
4660,Lucas,Wang,lucas.wang4660@example.com,Boston,MA,USA,Northeast,Email Marketing,2025-02-05
4661,Neha,Wright,neha.wright4661@example.com,Denver,CO,USA,West,Referral,2025-10-25
4662,Sarah,Kim,sarah.kim4662@example.com,Minneapolis,MN,USA,Midwest,Email Marketing,2025-07-02
4663,Ananya,Johnson,ananya.johnson4663@example.com,Denver,CO,USA,West,Paid Social,2025-08-11
4664,Aiden,Jackson,aiden.jackson4664@example.com,Los Angeles,CA,USA,West,Organic Search,2023-11-04
4665,Sophia,Nair,sophia.nair4665@example.com,Kansas City,MO,USA,Midwest,Paid Social,2024-09-23
4666,Hiroshi,Gonzalez,hiroshi.gonzalez4666@example.com,Portland,OR,USA,West,Organic Search,2024-10-11
4667,Anthony,Wright,anthony.wright4667@example.com,Indianapolis,IN,USA,Midwest,Organic Search,2026-04-19
4668,John,Wright,john.wright4668@example.com,Chicago,IL,USA,Midwest,Paid Social,2024-07-22
4669,Sofia,Kumar,sofia.kumar4669@example.com,Orlando,FL,USA,South,Paid Social,2025-11-02
4670,Rajesh,Flores,rajesh.flores4670@example.com,Boston,MA,USA,Northeast,Paid Social,2025-12-11
4671,Jin,Wright,jin.wright4671@example.com,Pittsburgh,PA,USA,Northeast,Paid Social,2024-12-01
4672,Betty,Torres,betty.torres4672@example.com,Dallas,TX,USA,South,Referral,2025-05-30
4673,Mary,Williams,mary.williams4673@example.com,Boston,MA,USA,Northeast,Paid Social,2026-03-14
4674,David,Brown,david.brown4674@example.com,Denver,CO,USA,West,Email Marketing,2026-04-12
4675,Maria,Nair,maria.nair4675@example.com,Phoenix,AZ,USA,West,Organic Search,2026-05-09
4676,Ahmed,Sharma,ahmed.sharma4676@example.com,Philadelphia,PA,USA,Northeast,Organic Search,2023-07-28
4677,Wei,Li,wei.li4677@example.com,Indianapolis,IN,USA,Midwest,Direct,2025-07-06
4678,Vikram,Reddy,vikram.reddy4678@example.com,Pittsburgh,PA,USA,Northeast,Organic Search,2024-09-19
4679,Elena,Garcia,elena.garcia4679@example.com,Milwaukee,WI,USA,Midwest,Direct,2026-08-19
4680,Lucas,Scott,lucas.scott4680@example.com,New York,NY,USA,Northeast,Organic Search,2025-08-03
4681,Sofia,Reddy,sofia.reddy4681@example.com,Tampa,FL,USA,South,Paid Social,2023-10-29
4682,Robert,Green,robert.green4682@example.com,Cleveland,OH,USA,Midwest,Direct,2025-01-25
4683,Jose,Johnson,jose.johnson4683@example.com,Raleigh,NC,USA,South,Direct,2023-05-19
4684,Nancy,Diaz,nancy.diaz4684@example.com,Seattle,WA,USA,West,Direct,2023-01-08
4685,Lisa,Wang,lisa.wang4685@example.com,Pittsburgh,PA,USA,Northeast,Email Marketing,2023-02-05
4686,Sophia,Torres,sophia.torres4686@example.com,Denver,CO,USA,West,Direct,2025-05-14
4687,Karen,Jones,karen.jones4687@example.com,Boston,MA,USA,Northeast,Organic Search,2023-05-18
4688,Barbara,Liu,barbara.liu4688@example.com,Tampa,FL,USA,South,Paid Social,2024-09-23
4689,Liam,Thomas,liam.thomas4689@example.com,Indianapolis,IN,USA,Midwest,Paid Social,2023-07-04
4690,Ethan,Patel,ethan.patel4690@example.com,San Jose,CA,USA,West,Organic Search,2024-09-04
4691,Thomas,Smith,thomas.smith4691@example.com,Charlotte,NC,USA,South,Organic Search,2024-06-21
4692,Robert,Green,robert.green4692@example.com,San Jose,CA,USA,West,Referral,2024-04-07
4693,Sophia,Wright,sophia.wright4693@example.com,Seattle,WA,USA,West,Email Marketing,2023-06-18
4694,Sofia,Nair,sofia.nair4694@example.com,Portland,OR,USA,West,Referral,2025-10-14
4695,Richard,Wilson,richard.wilson4695@example.com,Philadelphia,PA,USA,Northeast,Referral,2025-01-20
4696,Matthew,Smith,matthew.smith4696@example.com,Austin,TX,USA,South,Paid Social,2025-02-04
4697,Omar,Baker,omar.baker4697@example.com,Atlanta,GA,USA,South,Paid Social,2023-06-10
4698,Amelia,Baker,amelia.baker4698@example.com,Salt Lake City,UT,USA,West,Paid Social,2023-12-10
4699,Lucas,Yamamoto,lucas.yamamoto4699@example.com,Manchester,,UK,International,Organic Search,2026-06-29
4700,Linda,Tanaka,linda.tanaka4700@example.com,Raleigh,NC,USA,South,Organic Search,2023-06-05
4701,Ana,Patel,ana.patel4701@example.com,Cleveland,OH,USA,Midwest,Email Marketing,2023-08-15
4702,Hiroshi,Adams,hiroshi.adams4702@example.com,Sydney,NSW,Australia,International,Organic Search,2026-01-06
4703,Richard,Kim,richard.kim4703@example.com,Seattle,WA,USA,West,Organic Search,2026-03-17
4704,Jennifer,Flores,jennifer.flores4704@example.com,Houston,TX,USA,South,Referral,2025-12-27
4705,Rohan,Singh,rohan.singh4705@example.com,Charlotte,NC,USA,South,Organic Search,2026-05-27
4706,Daniel,Martin,daniel.martin4706@example.com,San Jose,CA,USA,West,Organic Search,2026-05-30
4707,Noah,Green,noah.green4707@example.com,Denver,CO,USA,West,Referral,2023-04-17
4708,Susan,Lopez,susan.lopez4708@example.com,Phoenix,AZ,USA,West,Paid Social,2023-11-13
4709,Matthew,Jackson,matthew.jackson4709@example.com,Philadelphia,PA,USA,Northeast,Referral,2024-08-28
4710,Barbara,Gonzalez,barbara.gonzalez4710@example.com,Denver,CO,USA,West,Organic Search,2026-08-06
4711,Betty,Brown,betty.brown4711@example.com,Phoenix,AZ,USA,West,Organic Search,2023-03-21
4712,Amit,Jackson,amit.jackson4712@example.com,New York,NY,USA,Northeast,Paid Social,2025-12-27
4713,Richard,Brown,richard.brown4713@example.com,Sydney,NSW,Australia,International,Referral,2025-04-14
4714,Sunita,Scott,sunita.scott4714@example.com,Atlanta,GA,USA,South,Organic Search,2025-04-13
4715,Chen,Thomas,chen.thomas4715@example.com,Portland,OR,USA,West,Organic Search,2024-09-13
4716,Lisa,Park,lisa.park4716@example.com,London,,UK,International,Organic Search,2025-04-12
4717,Kavita,Patel,kavita.patel4717@example.com,Austin,TX,USA,South,Organic Search,2024-09-20
4718,Susan,Johnson,susan.johnson4718@example.com,St. Louis,MO,USA,Midwest,Referral,2025-02-22
4719,Ana,Diaz,ana.diaz4719@example.com,Sydney,NSW,Australia,International,Organic Search,2023-05-01
4720,Amelia,Kelly,amelia.kelly4720@example.com,Dallas,TX,USA,South,Organic Search,2024-05-27
4721,Jessica,Reddy,jessica.reddy4721@example.com,Salt Lake City,UT,USA,West,Organic Search,2025-10-28
4722,Karen,Torres,karen.torres4722@example.com,Philadelphia,PA,USA,Northeast,Direct,2025-10-19
4723,Ahmed,Hernandez,ahmed.hernandez4723@example.com,Tampa,FL,USA,South,Email Marketing,2026-03-10
4724,Charles,Johnson,charles.johnson4724@example.com,Raleigh,NC,USA,South,Organic Search,2024-07-08
4725,Barbara,Green,barbara.green4725@example.com,New York,NY,USA,Northeast,Organic Search,2026-03-10
4726,Carlos,Wang,carlos.wang4726@example.com,Dallas,TX,USA,South,Direct,2026-02-02
4727,Michael,Hill,michael.hill4727@example.com,Charlotte,NC,USA,South,Organic Search,2023-03-04
4728,Noah,Moore,noah.moore4728@example.com,Toronto,ON,Canada,International,Organic Search,2025-10-07
4729,Ananya,Gonzalez,ananya.gonzalez4729@example.com,Toronto,ON,Canada,International,Paid Social,2023-09-08
4730,Hiroshi,Garcia,hiroshi.garcia4730@example.com,Detroit,MI,USA,Midwest,Organic Search,2023-04-02
4731,Mia,Wright,mia.wright4731@example.com,Los Angeles,CA,USA,West,Direct,2023-10-29
4732,Mason,Reddy,mason.reddy4732@example.com,Los Angeles,CA,USA,West,Email Marketing,2023-03-31
4733,Patricia,Lopez,patricia.lopez4733@example.com,Columbus,OH,USA,Midwest,Organic Search,2025-05-07
4734,Sunita,Chen,sunita.chen4734@example.com,Boston,MA,USA,Northeast,Paid Social,2025-03-28
4735,Yuki,Williams,yuki.williams4735@example.com,London,,UK,International,Organic Search,2023-06-20
4736,Ethan,Patel,ethan.patel4736@example.com,Pittsburgh,PA,USA,Northeast,Paid Social,2024-06-15
4737,Richard,Singh,richard.singh4737@example.com,Miami,FL,USA,South,Direct,2024-12-26
4738,Sarah,Anderson,sarah.anderson4738@example.com,Milwaukee,WI,USA,Midwest,Paid Social,2025-12-23
4739,Mia,Rao,mia.rao4739@example.com,Tampa,FL,USA,South,Paid Social,2026-06-10
4740,Priya,Jones,priya.jones4740@example.com,Indianapolis,IN,USA,Midwest,Paid Social,2023-04-18
4741,Thomas,Rodriguez,thomas.rodriguez4741@example.com,London,,UK,International,Organic Search,2023-06-30
4742,Matthew,Yamamoto,matthew.yamamoto4742@example.com,Tampa,FL,USA,South,Organic Search,2024-07-26
4743,Vikram,Scott,vikram.scott4743@example.com,Sacramento,CA,USA,West,Email Marketing,2023-06-13
4744,Mary,Wilson,mary.wilson4744@example.com,Milwaukee,WI,USA,Midwest,Organic Search,2024-11-05
4745,Ananya,Zhang,ananya.zhang4745@example.com,London,,UK,International,Email Marketing,2024-10-22
4746,Nancy,Hill,nancy.hill4746@example.com,Vancouver,BC,Canada,International,Organic Search,2023-05-31
4747,Jessica,Taylor,jessica.taylor4747@example.com,Kansas City,MO,USA,Midwest,Email Marketing,2023-04-08
4748,Sandra,Martin,sandra.martin4748@example.com,Sacramento,CA,USA,West,Organic Search,2024-05-05
4749,Barbara,Green,barbara.green4749@example.com,St. Louis,MO,USA,Midwest,Paid Social,2026-08-02
4750,Jin,Flores,jin.flores4750@example.com,Seattle,WA,USA,West,Organic Search,2025-03-17
4751,Ananya,Li,ananya.li4751@example.com,Raleigh,NC,USA,South,Paid Social,2026-07-07
4752,Sofia,Patel,sofia.patel4752@example.com,Tampa,FL,USA,South,Direct,2023-11-02
4753,Nancy,Kumar,nancy.kumar4753@example.com,Salt Lake City,UT,USA,West,Direct,2023-11-22
4754,Nancy,Hill,nancy.hill4754@example.com,Salt Lake City,UT,USA,West,Email Marketing,2023-08-15
4755,Karen,Thomas,karen.thomas4755@example.com,Cleveland,OH,USA,Midwest,Organic Search,2025-06-13
4756,Mia,Patel,mia.patel4756@example.com,Pittsburgh,PA,USA,Northeast,Paid Social,2024-09-02
4757,Elena,Wang,elena.wang4757@example.com,St. Louis,MO,USA,Midwest,Direct,2025-10-25
4758,Ahmed,Moore,ahmed.moore4758@example.com,Atlanta,GA,USA,South,Email Marketing,2024-03-24
4759,Kavita,Flores,kavita.flores4759@example.com,Nashville,TN,USA,South,Paid Social,2026-03-23
4760,Charles,Garcia,charles.garcia4760@example.com,Seattle,WA,USA,West,Paid Social,2024-02-15
4761,Sophia,Sharma,sophia.sharma4761@example.com,Minneapolis,MN,USA,Midwest,Direct,2024-11-06
4762,Christopher,Li,christopher.li4762@example.com,Sydney,NSW,Australia,International,Paid Social,2026-01-05
4763,Vikram,Garcia,vikram.garcia4763@example.com,Phoenix,AZ,USA,West,Direct,2024-08-19
4764,Luis,Torres,luis.torres4764@example.com,San Jose,CA,USA,West,Paid Social,2024-10-23
4765,Jessica,Nguyen,jessica.nguyen4765@example.com,Sydney,NSW,Australia,International,Paid Social,2024-06-10
4766,Kavita,Nguyen,kavita.nguyen4766@example.com,St. Louis,MO,USA,Midwest,Paid Social,2024-10-13
4767,Carlos,Baker,carlos.baker4767@example.com,Pittsburgh,PA,USA,Northeast,Organic Search,2023-08-17
4768,Olivia,Zhang,olivia.zhang4768@example.com,Manchester,,UK,International,Paid Social,2023-01-17
4769,Michael,Tanaka,michael.tanaka4769@example.com,Indianapolis,IN,USA,Midwest,Paid Social,2025-10-29
4770,Linda,Davis,linda.davis4770@example.com,Orlando,FL,USA,South,Email Marketing,2023-03-19
4771,Mei,Tanaka,mei.tanaka4771@example.com,Las Vegas,NV,USA,West,Direct,2023-11-14
4772,Vikram,Martinez,vikram.martinez4772@example.com,Dallas,TX,USA,South,Paid Social,2026-01-13
4773,Margaret,Martin,margaret.martin4773@example.com,Manchester,,UK,International,Organic Search,2025-02-20
4774,Michael,Tanaka,michael.tanaka4774@example.com,Melbourne,VIC,Australia,International,Paid Social,2024-06-04
4775,Michael,Garcia,michael.garcia4775@example.com,Melbourne,VIC,Australia,International,Email Marketing,2023-03-10
4776,Anthony,Gonzalez,anthony.gonzalez4776@example.com,Portland,OR,USA,West,Paid Social,2023-05-28
4777,Jin,Anderson,jin.anderson4777@example.com,Sacramento,CA,USA,West,Direct,2025-02-06
4778,Amelia,Reddy,amelia.reddy4778@example.com,Orlando,FL,USA,South,Referral,2025-09-22
4779,Hiroshi,Sharma,hiroshi.sharma4779@example.com,Boston,MA,USA,Northeast,Organic Search,2023-02-02
4780,Karen,Reddy,karen.reddy4780@example.com,Chicago,IL,USA,Midwest,Direct,2025-06-14
4781,Kavita,Green,kavita.green4781@example.com,Orlando,FL,USA,South,Direct,2023-10-10
4782,Michael,Kelly,michael.kelly4782@example.com,Miami,FL,USA,South,Direct,2025-03-20
4783,Sunita,Nguyen,sunita.nguyen4783@example.com,Vancouver,BC,Canada,International,Organic Search,2026-05-12
4784,Amelia,Gupta,amelia.gupta4784@example.com,St. Louis,MO,USA,Midwest,Paid Social,2026-07-07
4785,Karen,Li,karen.li4785@example.com,Cleveland,OH,USA,Midwest,Direct,2023-12-16
4786,Carlos,Sharma,carlos.sharma4786@example.com,Indianapolis,IN,USA,Midwest,Paid Social,2023-02-10
4787,Emma,Patel,emma.patel4787@example.com,Atlanta,GA,USA,South,Paid Social,2023-07-02
4788,Luis,Lopez,luis.lopez4788@example.com,St. Louis,MO,USA,Midwest,Organic Search,2026-05-28
4789,Sophia,Wright,sophia.wright4789@example.com,Milwaukee,WI,USA,Midwest,Organic Search,2025-03-20
4790,Robert,Chen,robert.chen4790@example.com,Miami,FL,USA,South,Organic Search,2026-02-26
4791,Richard,Park,richard.park4791@example.com,Milwaukee,WI,USA,Midwest,Organic Search,2025-09-16
4792,David,Martinez,david.martinez4792@example.com,Vancouver,BC,Canada,International,Direct,2024-07-21
4793,Amit,Park,amit.park4793@example.com,San Jose,CA,USA,West,Organic Search,2023-07-25
4794,Vikram,Nguyen,vikram.nguyen4794@example.com,Salt Lake City,UT,USA,West,Organic Search,2024-05-15
4795,Yuki,Scott,yuki.scott4795@example.com,Vancouver,BC,Canada,International,Paid Social,2025-06-20
4796,Hiroshi,Singh,hiroshi.singh4796@example.com,Atlanta,GA,USA,South,Direct,2023-03-17
4797,Maria,Sharma,maria.sharma4797@example.com,Portland,OR,USA,West,Direct,2024-06-23
4798,Anthony,Kelly,anthony.kelly4798@example.com,Portland,OR,USA,West,Organic Search,2025-06-03
4799,Isabella,Miller,isabella.miller4799@example.com,Miami,FL,USA,South,Email Marketing,2026-02-28
4800,Charles,Flores,charles.flores4800@example.com,New York,NY,USA,Northeast,Email Marketing,2024-06-28
4801,Michael,Wang,michael.wang4801@example.com,Orlando,FL,USA,South,Referral,2024-05-08
4802,Joseph,Gupta,joseph.gupta4802@example.com,Indianapolis,IN,USA,Midwest,Paid Social,2025-08-07
4803,Michael,Scott,michael.scott4803@example.com,Houston,TX,USA,South,Organic Search,2024-11-13
4804,Noah,Mehta,noah.mehta4804@example.com,Seattle,WA,USA,West,Direct,2026-06-12
4805,Priya,Scott,priya.scott4805@example.com,Phoenix,AZ,USA,West,Email Marketing,2024-06-21
4806,Sophia,Rodriguez,sophia.rodriguez4806@example.com,Columbus,OH,USA,Midwest,Paid Social,2025-01-18
4807,Ethan,Patel,ethan.patel4807@example.com,Orlando,FL,USA,South,Organic Search,2024-04-02
4808,Lucas,Martin,lucas.martin4808@example.com,San Antonio,TX,USA,South,Paid Social,2024-11-04
4809,Jose,Mehta,jose.mehta4809@example.com,Indianapolis,IN,USA,Midwest,Direct,2024-10-05
4810,Charles,Liu,charles.liu4810@example.com,Cleveland,OH,USA,Midwest,Referral,2024-12-16
4811,Hiroshi,Wang,hiroshi.wang4811@example.com,Manchester,,UK,International,Organic Search,2025-09-26
4812,Ethan,Miller,ethan.miller4812@example.com,St. Louis,MO,USA,Midwest,Paid Social,2023-11-15
4813,Amelia,Baker,amelia.baker4813@example.com,Boston,MA,USA,Northeast,Direct,2023-08-29
4814,Sofia,Hernandez,sofia.hernandez4814@example.com,Denver,CO,USA,West,Organic Search,2026-07-30
4815,James,Martin,james.martin4815@example.com,Los Angeles,CA,USA,West,Paid Social,2024-05-30
4816,Olivia,Kelly,olivia.kelly4816@example.com,San Antonio,TX,USA,South,Organic Search,2025-10-06
4817,Lucas,Flores,lucas.flores4817@example.com,Denver,CO,USA,West,Referral,2023-09-12
4818,Wei,Tanaka,wei.tanaka4818@example.com,Miami,FL,USA,South,Referral,2025-11-27
4819,Isabella,Jackson,isabella.jackson4819@example.com,Cleveland,OH,USA,Midwest,Direct,2025-04-04
4820,Noah,Johnson,noah.johnson4820@example.com,Charlotte,NC,USA,South,Direct,2025-03-06
4821,Elizabeth,Mehta,elizabeth.mehta4821@example.com,Minneapolis,MN,USA,Midwest,Direct,2023-03-05
4822,Jennifer,Adams,jennifer.adams4822@example.com,San Antonio,TX,USA,South,Paid Social,2023-03-14
4823,Emma,Tanaka,emma.tanaka4823@example.com,Nashville,TN,USA,South,Paid Social,2025-09-28
4824,Daniel,Zhang,daniel.zhang4824@example.com,Atlanta,GA,USA,South,Organic Search,2023-07-20
4825,Karen,Davis,karen.davis4825@example.com,Cleveland,OH,USA,Midwest,Paid Social,2024-04-29
4826,Elena,Rao,elena.rao4826@example.com,Orlando,FL,USA,South,Direct,2024-12-23
4827,Elena,Wang,elena.wang4827@example.com,Denver,CO,USA,West,Paid Social,2024-12-30
4828,Sofia,Williams,sofia.williams4828@example.com,Baltimore,MD,USA,Northeast,Organic Search,2023-09-20
4829,Logan,Wilson,logan.wilson4829@example.com,Nashville,TN,USA,South,Direct,2024-03-13
4830,Hiroshi,Miller,hiroshi.miller4830@example.com,Charlotte,NC,USA,South,Direct,2023-06-02
4831,Michael,Park,michael.park4831@example.com,Kansas City,MO,USA,Midwest,Referral,2024-09-26
4832,Amit,Nguyen,amit.nguyen4832@example.com,Seattle,WA,USA,West,Paid Social,2024-04-05
4833,Sofia,Rao,sofia.rao4833@example.com,Phoenix,AZ,USA,West,Referral,2024-07-02
4834,Robert,Gonzalez,robert.gonzalez4834@example.com,New York,NY,USA,Northeast,Direct,2025-07-23
4835,Sandra,Kumar,sandra.kumar4835@example.com,Melbourne,VIC,Australia,International,Paid Social,2025-01-17
4836,Karen,Singh,karen.singh4836@example.com,Los Angeles,CA,USA,West,Paid Social,2024-12-02
4837,Omar,Thomas,omar.thomas4837@example.com,Las Vegas,NV,USA,West,Email Marketing,2024-06-25
4838,David,Martinez,david.martinez4838@example.com,Milwaukee,WI,USA,Midwest,Email Marketing,2025-12-07
4839,Susan,Garcia,susan.garcia4839@example.com,Dallas,TX,USA,South,Direct,2024-02-06
4840,Nancy,Jones,nancy.jones4840@example.com,Boston,MA,USA,Northeast,Direct,2023-12-07
4841,Christopher,Singh,christopher.singh4841@example.com,Philadelphia,PA,USA,Northeast,Referral,2026-04-14
4842,Harper,Tanaka,harper.tanaka4842@example.com,Austin,TX,USA,South,Email Marketing,2026-06-21
4843,Fatima,Adams,fatima.adams4843@example.com,Atlanta,GA,USA,South,Paid Social,2024-06-24
4844,Kavita,Singh,kavita.singh4844@example.com,Cleveland,OH,USA,Midwest,Direct,2024-01-06
4845,Wei,Moore,wei.moore4845@example.com,Detroit,MI,USA,Midwest,Referral,2023-08-13
4846,Logan,Scott,logan.scott4846@example.com,Miami,FL,USA,South,Organic Search,2025-02-21
4847,Matthew,Li,matthew.li4847@example.com,Los Angeles,CA,USA,West,Direct,2023-10-23
4848,Harper,Miller,harper.miller4848@example.com,London,,UK,International,Organic Search,2025-05-28
4849,Richard,Liu,richard.liu4849@example.com,Nashville,TN,USA,South,Email Marketing,2023-06-14
4850,Sarah,Hernandez,sarah.hernandez4850@example.com,Los Angeles,CA,USA,West,Referral,2024-06-18
4851,Arjun,Gonzalez,arjun.gonzalez4851@example.com,Denver,CO,USA,West,Organic Search,2023-05-03
4852,Joseph,Lopez,joseph.lopez4852@example.com,Sacramento,CA,USA,West,Organic Search,2024-02-29
4853,Mary,Gonzalez,mary.gonzalez4853@example.com,New York,NY,USA,Northeast,Paid Social,2025-03-19
4854,Noah,Chen,noah.chen4854@example.com,Chicago,IL,USA,Midwest,Direct,2023-01-22
4855,Sophia,Iyer,sophia.iyer4855@example.com,San Antonio,TX,USA,South,Referral,2024-04-30
4856,Ana,Martinez,ana.martinez4856@example.com,Manchester,,UK,International,Paid Social,2025-09-16
4857,Sophia,Diaz,sophia.diaz4857@example.com,Phoenix,AZ,USA,West,Direct,2024-01-15
4858,Isabella,Martinez,isabella.martinez4858@example.com,Chicago,IL,USA,Midwest,Organic Search,2025-12-08
4859,Fatima,Yamamoto,fatima.yamamoto4859@example.com,Houston,TX,USA,South,Direct,2023-07-30
4860,Mark,Williams,mark.williams4860@example.com,Seattle,WA,USA,West,Email Marketing,2023-11-28
4861,Sunita,Wright,sunita.wright4861@example.com,Miami,FL,USA,South,Email Marketing,2024-06-09
4862,Noah,Martin,noah.martin4862@example.com,San Antonio,TX,USA,South,Direct,2023-06-20
4863,Mei,Hill,mei.hill4863@example.com,Seattle,WA,USA,West,Direct,2023-02-11
4864,Ananya,Tanaka,ananya.tanaka4864@example.com,Chicago,IL,USA,Midwest,Referral,2025-09-23
4865,Sandra,Martin,sandra.martin4865@example.com,Dallas,TX,USA,South,Organic Search,2023-08-23
4866,Liam,Torres,liam.torres4866@example.com,Houston,TX,USA,South,Organic Search,2023-05-22
4867,Jose,Yamamoto,jose.yamamoto4867@example.com,Vancouver,BC,Canada,International,Organic Search,2025-03-24
4868,Charles,Kim,charles.kim4868@example.com,Orlando,FL,USA,South,Paid Social,2023-01-23
4869,Daniel,Davis,daniel.davis4869@example.com,Miami,FL,USA,South,Referral,2023-05-18
4870,Fatima,Flores,fatima.flores4870@example.com,Dallas,TX,USA,South,Email Marketing,2024-11-29
4871,Ahmed,Smith,ahmed.smith4871@example.com,Dallas,TX,USA,South,Organic Search,2025-05-17
4872,Patricia,Yamamoto,patricia.yamamoto4872@example.com,Milwaukee,WI,USA,Midwest,Paid Social,2024-07-19
4873,Charles,Park,charles.park4873@example.com,Seattle,WA,USA,West,Organic Search,2025-01-23
4874,Ethan,Martin,ethan.martin4874@example.com,Charlotte,NC,USA,South,Direct,2026-06-26
4875,James,Nair,james.nair4875@example.com,Cleveland,OH,USA,Midwest,Paid Social,2024-10-30
4876,Sophia,Martin,sophia.martin4876@example.com,Miami,FL,USA,South,Referral,2025-02-11
4877,Hiroshi,Davis,hiroshi.davis4877@example.com,Los Angeles,CA,USA,West,Email Marketing,2023-06-16
4878,Barbara,Martinez,barbara.martinez4878@example.com,Salt Lake City,UT,USA,West,Organic Search,2023-06-27
4879,Jose,Li,jose.li4879@example.com,Melbourne,VIC,Australia,International,Direct,2025-09-14
4880,Mary,Anderson,mary.anderson4880@example.com,Miami,FL,USA,South,Email Marketing,2026-05-19
4881,Isabella,Wang,isabella.wang4881@example.com,Philadelphia,PA,USA,Northeast,Email Marketing,2023-02-24
4882,Hiroshi,Nair,hiroshi.nair4882@example.com,Milwaukee,WI,USA,Midwest,Paid Social,2023-04-27
4883,Sunita,Jones,sunita.jones4883@example.com,Dallas,TX,USA,South,Organic Search,2025-02-21
4884,Barbara,Reddy,barbara.reddy4884@example.com,Boston,MA,USA,Northeast,Paid Social,2024-04-19
4885,Mei,Wilson,mei.wilson4885@example.com,Denver,CO,USA,West,Paid Social,2026-02-18
4886,Emma,Adams,emma.adams4886@example.com,Orlando,FL,USA,South,Paid Social,2025-06-11
4887,Mary,Singh,mary.singh4887@example.com,Nashville,TN,USA,South,Organic Search,2024-10-26
4888,Emma,Torres,emma.torres4888@example.com,Melbourne,VIC,Australia,International,Direct,2024-04-22
4889,Aiden,Adams,aiden.adams4889@example.com,Denver,CO,USA,West,Organic Search,2024-04-07
4890,Omar,Green,omar.green4890@example.com,Sacramento,CA,USA,West,Organic Search,2025-10-20
4891,Rohan,Patel,rohan.patel4891@example.com,San Diego,CA,USA,West,Direct,2024-09-10
4892,Logan,Williams,logan.williams4892@example.com,London,,UK,International,Organic Search,2025-06-17
4893,Margaret,Davis,margaret.davis4893@example.com,Salt Lake City,UT,USA,West,Organic Search,2024-12-06
4894,Yuki,Jackson,yuki.jackson4894@example.com,San Jose,CA,USA,West,Paid Social,2025-07-20
4895,Maria,Kim,maria.kim4895@example.com,Portland,OR,USA,West,Email Marketing,2025-04-26
4896,Susan,Miller,susan.miller4896@example.com,Houston,TX,USA,South,Paid Social,2026-03-25
4897,Amit,Rao,amit.rao4897@example.com,Cleveland,OH,USA,Midwest,Organic Search,2024-12-20
4898,Noah,Martinez,noah.martinez4898@example.com,Milwaukee,WI,USA,Midwest,Paid Social,2025-07-22
4899,Luis,Torres,luis.torres4899@example.com,Vancouver,BC,Canada,International,Organic Search,2025-11-04
4900,Patricia,Adams,patricia.adams4900@example.com,Indianapolis,IN,USA,Midwest,Paid Social,2026-05-31
4901,Ana,Zhang,ana.zhang4901@example.com,Minneapolis,MN,USA,Midwest,Direct,2023-01-24
4902,Ana,Flores,ana.flores4902@example.com,London,,UK,International,Direct,2024-01-08
4903,Sofia,Jones,sofia.jones4903@example.com,Indianapolis,IN,USA,Midwest,Paid Social,2025-04-19
4904,Aiden,Williams,aiden.williams4904@example.com,Sydney,NSW,Australia,International,Direct,2025-06-25
4905,Emma,Rao,emma.rao4905@example.com,Manchester,,UK,International,Paid Social,2023-03-25
4906,Anthony,Tanaka,anthony.tanaka4906@example.com,Vancouver,BC,Canada,International,Email Marketing,2025-04-12
4907,Mark,Wang,mark.wang4907@example.com,Kansas City,MO,USA,Midwest,Direct,2025-06-28
4908,William,Brown,william.brown4908@example.com,Sacramento,CA,USA,West,Direct,2025-01-02
4909,Omar,Lopez,omar.lopez4909@example.com,Columbus,OH,USA,Midwest,Direct,2023-03-08
4910,Nancy,Jackson,nancy.jackson4910@example.com,Charlotte,NC,USA,South,Organic Search,2024-01-30
4911,Priya,Brown,priya.brown4911@example.com,Austin,TX,USA,South,Organic Search,2026-04-22
4912,Ananya,Moore,ananya.moore4912@example.com,Tampa,FL,USA,South,Organic Search,2025-04-01
4913,Patricia,Singh,patricia.singh4913@example.com,Vancouver,BC,Canada,International,Referral,2024-06-13
4914,James,Reddy,james.reddy4914@example.com,Sydney,NSW,Australia,International,Paid Social,2023-09-25
4915,Olivia,Liu,olivia.liu4915@example.com,Orlando,FL,USA,South,Organic Search,2023-10-15
4916,Barbara,Rodriguez,barbara.rodriguez4916@example.com,Milwaukee,WI,USA,Midwest,Paid Social,2025-09-14
4917,Michael,Williams,michael.williams4917@example.com,Tampa,FL,USA,South,Email Marketing,2024-06-26
4918,Yuki,Jackson,yuki.jackson4918@example.com,Salt Lake City,UT,USA,West,Paid Social,2024-11-28
4919,Joseph,Kim,joseph.kim4919@example.com,Melbourne,VIC,Australia,International,Direct,2025-12-01
4920,Ananya,Hernandez,ananya.hernandez4920@example.com,Cleveland,OH,USA,Midwest,Paid Social,2024-09-28
4921,Amelia,Smith,amelia.smith4921@example.com,Atlanta,GA,USA,South,Organic Search,2025-06-28
4922,Sunita,Rodriguez,sunita.rodriguez4922@example.com,Cleveland,OH,USA,Midwest,Organic Search,2023-03-03
4923,Elena,Yamamoto,elena.yamamoto4923@example.com,Raleigh,NC,USA,South,Direct,2025-07-03
4924,Patricia,Torres,patricia.torres4924@example.com,Columbus,OH,USA,Midwest,Organic Search,2026-04-23
4925,Nancy,Davis,nancy.davis4925@example.com,Denver,CO,USA,West,Email Marketing,2025-09-11
4926,Barbara,Nguyen,barbara.nguyen4926@example.com,Atlanta,GA,USA,South,Paid Social,2025-04-29
4927,Thomas,Liu,thomas.liu4927@example.com,Las Vegas,NV,USA,West,Paid Social,2025-09-18
4928,Mason,Wang,mason.wang4928@example.com,Charlotte,NC,USA,South,Email Marketing,2023-06-06
4929,Christopher,Martin,christopher.martin4929@example.com,Vancouver,BC,Canada,International,Paid Social,2025-04-17
4930,Joseph,Chen,joseph.chen4930@example.com,Vancouver,BC,Canada,International,Paid Social,2024-09-07
4931,Mary,Thomas,mary.thomas4931@example.com,Charlotte,NC,USA,South,Direct,2026-01-14
4932,James,Chen,james.chen4932@example.com,New York,NY,USA,Northeast,Organic Search,2023-06-10
4933,Daniel,Zhang,daniel.zhang4933@example.com,Baltimore,MD,USA,Northeast,Organic Search,2023-06-12
4934,Robert,Martinez,robert.martinez4934@example.com,San Jose,CA,USA,West,Direct,2023-01-08
4935,Lucas,Kumar,lucas.kumar4935@example.com,Portland,OR,USA,West,Paid Social,2024-07-10
4936,Vikram,Zhang,vikram.zhang4936@example.com,Baltimore,MD,USA,Northeast,Direct,2023-05-20
4937,Kavita,Reddy,kavita.reddy4937@example.com,St. Louis,MO,USA,Midwest,Organic Search,2025-08-13
4938,Robert,Baker,robert.baker4938@example.com,San Antonio,TX,USA,South,Paid Social,2025-04-10
4939,Liam,Taylor,liam.taylor4939@example.com,Nashville,TN,USA,South,Organic Search,2023-04-15
4940,Fatima,Brown,fatima.brown4940@example.com,Las Vegas,NV,USA,West,Paid Social,2024-11-30
4941,Harper,Gonzalez,harper.gonzalez4941@example.com,Charlotte,NC,USA,South,Organic Search,2025-02-01
4942,Isabella,Martinez,isabella.martinez4942@example.com,Denver,CO,USA,West,Direct,2024-03-18
4943,Mary,Iyer,mary.iyer4943@example.com,Houston,TX,USA,South,Email Marketing,2024-06-15
4944,Karen,Anderson,karen.anderson4944@example.com,Dallas,TX,USA,South,Paid Social,2023-06-04
4945,Logan,Patel,logan.patel4945@example.com,Milwaukee,WI,USA,Midwest,Direct,2026-06-25
4946,James,Miller,james.miller4946@example.com,Cleveland,OH,USA,Midwest,Organic Search,2023-08-07
4947,Isabella,Park,isabella.park4947@example.com,Las Vegas,NV,USA,West,Direct,2023-02-26
4948,Hiroshi,Jones,hiroshi.jones4948@example.com,Vancouver,BC,Canada,International,Organic Search,2023-09-02
4949,Karen,Yamamoto,karen.yamamoto4949@example.com,Minneapolis,MN,USA,Midwest,Organic Search,2024-04-09
4950,Liam,Smith,liam.smith4950@example.com,Nashville,TN,USA,South,Paid Social,2024-02-09
4951,Yuki,Li,yuki.li4951@example.com,San Jose,CA,USA,West,Direct,2023-07-31
4952,Jose,Sharma,jose.sharma4952@example.com,San Diego,CA,USA,West,Organic Search,2024-03-08
4953,Olivia,Garcia,olivia.garcia4953@example.com,Detroit,MI,USA,Midwest,Direct,2023-02-09
4954,Noah,Patel,noah.patel4954@example.com,Kansas City,MO,USA,Midwest,Organic Search,2023-08-15
4955,Amit,Lopez,amit.lopez4955@example.com,Portland,OR,USA,West,Paid Social,2025-08-15
4956,Sofia,Hernandez,sofia.hernandez4956@example.com,Tampa,FL,USA,South,Organic Search,2026-05-16
4957,Harper,Thomas,harper.thomas4957@example.com,Phoenix,AZ,USA,West,Organic Search,2026-08-30
4958,Aiden,Flores,aiden.flores4958@example.com,Sacramento,CA,USA,West,Organic Search,2026-08-15
4959,Noah,Chen,noah.chen4959@example.com,San Jose,CA,USA,West,Email Marketing,2024-06-12
4960,Amit,Gonzalez,amit.gonzalez4960@example.com,Melbourne,VIC,Australia,International,Email Marketing,2024-09-15
4961,Noah,Zhang,noah.zhang4961@example.com,Baltimore,MD,USA,Northeast,Organic Search,2025-02-09
4962,Joseph,Patel,joseph.patel4962@example.com,Orlando,FL,USA,South,Direct,2024-09-21
4963,Mason,Torres,mason.torres4963@example.com,Chicago,IL,USA,Midwest,Email Marketing,2026-06-10
4964,Michael,Adams,michael.adams4964@example.com,Seattle,WA,USA,West,Organic Search,2025-12-29
4965,Rajesh,Rodriguez,rajesh.rodriguez4965@example.com,Detroit,MI,USA,Midwest,Paid Social,2025-05-07
4966,Patricia,Flores,patricia.flores4966@example.com,Houston,TX,USA,South,Paid Social,2023-01-20
4967,Omar,Diaz,omar.diaz4967@example.com,Minneapolis,MN,USA,Midwest,Paid Social,2025-09-05
4968,Neha,Hernandez,neha.hernandez4968@example.com,Orlando,FL,USA,South,Paid Social,2023-10-11
4969,Rohan,Park,rohan.park4969@example.com,Austin,TX,USA,South,Referral,2024-03-28
4970,Sandra,Brown,sandra.brown4970@example.com,Manchester,,UK,International,Direct,2024-07-03
4971,Linda,Miller,linda.miller4971@example.com,Miami,FL,USA,South,Organic Search,2024-05-10
4972,Joseph,Adams,joseph.adams4972@example.com,Kansas City,MO,USA,Midwest,Organic Search,2024-01-09
4973,David,Taylor,david.taylor4973@example.com,Baltimore,MD,USA,Northeast,Referral,2024-11-03
4974,Mary,Smith,mary.smith4974@example.com,Melbourne,VIC,Australia,International,Organic Search,2024-06-28
4975,Mark,Wilson,mark.wilson4975@example.com,Miami,FL,USA,South,Direct,2024-07-12
4976,Amit,Hernandez,amit.hernandez4976@example.com,San Jose,CA,USA,West,Paid Social,2026-07-29
4977,Mei,Nguyen,mei.nguyen4977@example.com,St. Louis,MO,USA,Midwest,Direct,2025-09-12
4978,William,Gupta,william.gupta4978@example.com,Denver,CO,USA,West,Email Marketing,2023-02-10
4979,Nancy,Iyer,nancy.iyer4979@example.com,San Jose,CA,USA,West,Direct,2025-08-10
4980,Priya,Reddy,priya.reddy4980@example.com,Atlanta,GA,USA,South,Organic Search,2024-02-20
4981,Robert,Tanaka,robert.tanaka4981@example.com,Chicago,IL,USA,Midwest,Direct,2026-07-26
4982,Sunita,Mehta,sunita.mehta4982@example.com,St. Louis,MO,USA,Midwest,Organic Search,2026-08-13
4983,Charles,Rao,charles.rao4983@example.com,Milwaukee,WI,USA,Midwest,Paid Social,2024-10-27
4984,Michael,Hill,michael.hill4984@example.com,Detroit,MI,USA,Midwest,Organic Search,2024-05-24
4985,Isabella,Park,isabella.park4985@example.com,Austin,TX,USA,South,Direct,2023-05-06
4986,Olivia,Kumar,olivia.kumar4986@example.com,Nashville,TN,USA,South,Referral,2024-04-05
4987,Amit,Anderson,amit.anderson4987@example.com,Vancouver,BC,Canada,International,Paid Social,2023-02-09
4988,Margaret,Green,margaret.green4988@example.com,London,,UK,International,Email Marketing,2024-12-11
4989,Aiden,Yamamoto,aiden.yamamoto4989@example.com,Seattle,WA,USA,West,Organic Search,2024-02-10
4990,Mia,Miller,mia.miller4990@example.com,Seattle,WA,USA,West,Organic Search,2025-09-12
4991,Yuki,Thomas,yuki.thomas4991@example.com,Melbourne,VIC,Australia,International,Email Marketing,2024-03-02
4992,Sandra,Iyer,sandra.iyer4992@example.com,Portland,OR,USA,West,Organic Search,2024-01-02
4993,Aiden,Taylor,aiden.taylor4993@example.com,Los Angeles,CA,USA,West,Direct,2026-01-08
4994,Emma,Hernandez,emma.hernandez4994@example.com,Houston,TX,USA,South,Organic Search,2024-12-11
4995,Elizabeth,Reddy,elizabeth.reddy4995@example.com,Houston,TX,USA,South,Organic Search,2023-09-28
4996,Patricia,Wang,patricia.wang4996@example.com,Philadelphia,PA,USA,Northeast,Paid Social,2024-12-31
4997,Isabella,Brown,isabella.brown4997@example.com,London,,UK,International,Referral,2024-06-30
4998,Michael,Moore,michael.moore4998@example.com,Austin,TX,USA,South,Organic Search,2026-08-19
4999,Sunita,Patel,sunita.patel4999@example.com,Orlando,FL,USA,South,Organic Search,2023-06-11
5000,Christopher,Kumar,christopher.kumar5000@example.com,Cleveland,OH,USA,Midwest,Email Marketing,2023-09-27
