return_id,order_item_id,return_date,return_reason,refund_amount
1,34,2024-10-17,Wrong size/fit,36.22
2,37,2024-10-26,Not as described,90.3
3,77,2023-06-22,Not as described,112.72
4,122,2024-11-26,Wrong size/fit,177.98
5,149,2023-07-26,Not as described,131.01
6,151,2023-08-21,Wrong size/fit,127.18
7,153,2023-08-22,Wrong size/fit,57.73
8,192,2025-03-05,Defective/damaged,25.46
9,237,2024-12-25,Defective/damaged,156.39
10,268,2025-04-27,Changed mind,49.44
11,291,2025-12-01,Changed mind,492.37
12,297,2026-03-15,Not as described,98.02
13,386,2026-03-18,Not as described,377.77
14,435,2024-07-05,Wrong size/fit,62.71
15,461,2026-07-23,Defective/damaged,369.86
16,487,2025-06-15,Not as described,27.26
17,511,2026-06-07,Wrong size/fit,286.98
18,533,2024-12-10,Changed mind,31.96
19,613,2025-12-28,Changed mind,376.99
20,617,2026-06-10,Wrong size/fit,98.02
21,657,2023-07-15,Defective/damaged,38.63
22,661,2023-08-31,Wrong size/fit,135.26
23,666,2023-10-24,Not as described,117.01
24,678,2024-04-12,Wrong size/fit,313.37
25,693,2024-10-12,Not as described,103.62
26,748,2025-01-22,Not as described,161.81
27,750,2025-02-15,Changed mind,34.34
28,766,2024-04-01,Not as described,183.24
29,818,2023-10-17,Not as described,123.34
30,821,2023-10-29,Defective/damaged,24.95
31,840,2026-03-29,Changed mind,34.48
32,854,2023-07-06,Not as described,55.09
33,889,2024-12-03,Changed mind,56.92
34,897,2025-06-18,Wrong size/fit,63.53
35,918,2024-12-20,Changed mind,68.23
36,922,2023-12-18,Defective/damaged,89.59
37,934,2024-04-11,Not as described,874.84
38,966,2023-11-29,Not as described,130.87
39,971,2024-04-10,Changed mind,32.06
40,1043,2026-07-13,Changed mind,55.37
41,1145,2024-08-03,Defective/damaged,63.64
42,1164,2025-05-30,Defective/damaged,257.79
43,1167,2025-08-09,Defective/damaged,154.15
44,1174,2025-02-26,Wrong size/fit,82.56
45,1239,2023-10-28,Defective/damaged,16.42
46,1245,2024-03-04,Not as described,68.6
47,1295,2024-03-29,Wrong size/fit,43.34
48,1307,2024-02-06,Not as described,218.69
49,1312,2026-07-18,Not as described,192.77
50,1323,2026-08-08,Wrong size/fit,146.43
51,1346,2024-03-21,Not as described,708.29
52,1357,2023-03-27,Not as described,82.79
53,1379,2023-10-19,Not as described,157.37
54,1406,2023-06-05,Changed mind,272.52
55,1452,2026-07-15,Defective/damaged,52.51
56,1478,2024-09-08,Changed mind,563.94
57,1492,2025-11-09,Wrong size/fit,75.44
58,1499,2026-02-20,Wrong size/fit,112.64
59,1501,2026-04-09,Changed mind,64.14
60,1503,2026-04-11,Not as described,128.09
61,1508,2026-05-28,Wrong size/fit,44.73
62,1535,2025-08-13,Changed mind,157.68
63,1590,2026-09-07,Wrong size/fit,171.21
64,1636,2025-12-20,Defective/damaged,126.93
65,1647,2024-12-19,Defective/damaged,711.39
66,1649,2024-12-24,Not as described,299.59
67,1652,2024-10-28,Wrong size/fit,219.72
68,1662,2025-06-04,Wrong size/fit,109.93
69,1708,2024-05-03,Changed mind,21.12
70,1771,2025-01-17,Changed mind,170.41
71,1776,2025-04-20,Not as described,1505.72
72,1825,2026-01-16,Defective/damaged,47.68
73,1854,2023-08-05,Defective/damaged,66.33
74,1855,2023-08-06,Changed mind,66.49
75,1924,2023-06-10,Not as described,76.22
76,2009,2024-12-04,Not as described,566.32
77,2015,2025-04-28,Changed mind,657.42
78,2024,2025-06-08,Changed mind,63.28
79,2042,2026-05-06,Changed mind,38.3
80,2059,2026-03-18,Not as described,216.18
81,2060,2026-05-21,Changed mind,47.03
82,2080,2024-02-17,Changed mind,169.32
83,2085,2024-06-06,Not as described,111.6
84,2106,2024-03-09,Wrong size/fit,24.22
85,2141,2025-06-24,Defective/damaged,33.78
86,2173,2025-09-25,Wrong size/fit,103.84
87,2245,2025-12-21,Changed mind,42.49
88,2283,2026-04-13,Changed mind,85.24
89,2298,2025-09-13,Defective/damaged,70.97
90,2309,2025-11-09,Defective/damaged,95.31
91,2315,2026-03-14,Wrong size/fit,71.82
92,2326,2026-05-05,Changed mind,254.3
93,2331,2026-07-02,Changed mind,599.64
94,2332,2026-07-14,Not as described,235.08
95,2336,2026-08-01,Not as described,18.95
96,2348,2025-02-11,Changed mind,22.41
97,2349,2025-02-21,Changed mind,352.08
98,2403,2025-03-11,Changed mind,614.73
99,2411,2026-07-03,Defective/damaged,319.75
100,2432,2026-04-07,Not as described,126.91
101,2498,2024-07-15,Defective/damaged,16.78
102,2502,2024-09-22,Defective/damaged,17.43
103,2523,2025-05-24,Not as described,70.75
104,2564,2026-01-11,Not as described,369.86
105,2582,2026-06-09,Defective/damaged,185.89
106,2592,2024-09-18,Changed mind,89.11
107,2651,2023-06-29,Not as described,167.27
108,2743,2024-10-01,Defective/damaged,271.16
109,2747,2024-12-14,Defective/damaged,10.18
110,2802,2023-10-28,Changed mind,29.84
111,2814,2025-12-02,Wrong size/fit,83.2
112,2824,2025-12-02,Changed mind,104.32
113,2883,2024-05-10,Not as described,17.04
114,2914,2025-04-18,Changed mind,352.08
115,2949,2023-07-10,Defective/damaged,64.85
116,2963,2025-09-02,Not as described,78.5
117,2970,2026-04-17,Changed mind,315.76
118,2986,2025-11-13,Changed mind,34.48
119,3037,2025-03-11,Defective/damaged,79.68
120,3048,2024-06-07,Not as described,73.18
121,3060,2024-11-24,Changed mind,181.22
122,3062,2024-12-03,Not as described,11.93
123,3078,2025-06-14,Not as described,101.32
124,3079,2025-06-13,Wrong size/fit,363.72
125,3080,2025-06-15,Wrong size/fit,28.11
126,3083,2025-06-14,Wrong size/fit,54.04
127,3100,2025-05-25,Changed mind,293.68
128,3122,2024-09-15,Wrong size/fit,20.12
129,3130,2025-03-07,Wrong size/fit,13.1
130,3142,2023-05-08,Defective/damaged,80.48
131,3145,2024-03-14,Changed mind,55.7
132,3155,2024-10-25,Not as described,511.2
133,3158,2024-11-10,Defective/damaged,48.1
134,3162,2024-12-10,Not as described,719.44
135,3163,2024-12-16,Not as described,153.27
136,3191,2026-02-05,Defective/damaged,798.35
137,3223,2026-05-20,Wrong size/fit,52.46
138,3227,2026-05-28,Not as described,647.09
139,3253,2025-09-27,Not as described,234.65
140,3350,2023-09-13,Changed mind,8.96
141,3366,2023-08-08,Defective/damaged,66.33
142,3368,2023-08-10,Changed mind,39.6
143,3400,2024-06-07,Changed mind,89.88
144,3411,2025-06-16,Changed mind,39.32
145,3453,2024-07-15,Not as described,532.02
146,3456,2024-09-21,Defective/damaged,255.02
147,3465,2025-03-21,Defective/damaged,409.44
148,3473,2024-05-17,Wrong size/fit,99.62
149,3477,2024-05-20,Wrong size/fit,69.67
150,3498,2024-10-13,Not as described,399.69
151,3553,2024-02-17,Not as described,268.35
152,3580,2025-11-07,Changed mind,198.41
153,3586,2026-02-05,Not as described,150.09
154,3588,2026-03-15,Wrong size/fit,133.25
155,3609,2026-07-06,Changed mind,45.16
156,3645,2024-07-10,Wrong size/fit,49.31
157,3659,2025-07-13,Changed mind,195.81
158,3665,2026-01-07,Not as described,56.8
159,3704,2023-11-16,Changed mind,151.88
160,3712,2023-06-19,Changed mind,325.16
161,3762,2025-04-03,Defective/damaged,62.19
162,3776,2024-10-14,Wrong size/fit,155.97
163,3861,2023-03-29,Changed mind,556.46
164,3874,2023-11-02,Not as described,170.72
165,3981,2025-08-19,Defective/damaged,42.62
166,3984,2025-09-02,Changed mind,875.67
167,4016,2025-04-04,Wrong size/fit,75.44
168,4053,2024-07-31,Defective/damaged,39.01
169,4118,2024-01-11,Changed mind,415.72
170,4124,2024-07-18,Changed mind,647.5
171,4148,2025-09-27,Wrong size/fit,13.1
172,4152,2026-01-13,Wrong size/fit,25.93
173,4179,2026-04-11,Defective/damaged,278.24
174,4191,2026-03-25,Wrong size/fit,152.2
175,4205,2023-09-28,Defective/damaged,43.84
176,4289,2026-02-02,Not as described,74.77
177,4295,2023-06-06,Changed mind,495.4
178,4310,2023-10-26,Changed mind,20.88
179,4311,2023-11-19,Changed mind,201.72
180,4349,2025-02-21,Defective/damaged,221.21
181,4402,2026-05-27,Changed mind,872.18
182,4407,2023-08-09,Defective/damaged,14.1
183,4471,2026-01-17,Defective/damaged,631.56
184,4491,2024-12-04,Not as described,22.28
185,4500,2025-04-02,Changed mind,229.64
186,4506,2025-06-22,Changed mind,35.55
187,4590,2024-12-12,Not as described,608.26
188,4605,2025-07-23,Changed mind,135.79
189,4611,2025-11-06,Changed mind,41.63
190,4640,2025-10-21,Not as described,42.33
191,4665,2025-05-14,Not as described,208.64
192,4667,2023-10-11,Wrong size/fit,16.57
193,4677,2025-08-23,Not as described,82.57
194,4708,2026-09-15,Wrong size/fit,45.5
195,4710,2026-05-21,Not as described,73.24
196,4712,2026-06-21,Changed mind,13.0
197,4751,2026-05-15,Not as described,59.66
198,4793,2024-12-29,Wrong size/fit,71.82
199,4797,2023-12-25,Changed mind,272.82
200,4807,2023-05-18,Defective/damaged,45.4
201,4808,2024-02-21,Changed mind,84.07
202,4849,2024-03-25,Not as described,283.06
203,4904,2026-05-15,Changed mind,88.08
204,4905,2026-05-09,Not as described,17.82
205,4936,2024-12-02,Not as described,162.58
206,4988,2024-01-11,Not as described,156.96
207,5034,2024-05-26,Changed mind,23.02
208,5092,2024-03-30,Changed mind,111.6
209,5118,2023-10-22,Changed mind,464.44
210,5175,2025-09-29,Changed mind,524.46
211,5185,2026-06-18,Changed mind,96.57
212,5192,2025-11-21,Wrong size/fit,76.1
213,5195,2025-08-04,Wrong size/fit,155.97
214,5202,2025-12-17,Wrong size/fit,143.49
215,5205,2026-01-25,Not as described,160.29
216,5212,2026-07-01,Wrong size/fit,111.54
217,5225,2026-07-16,Changed mind,20.12
218,5240,2025-08-31,Wrong size/fit,70.35
219,5246,2025-02-26,Changed mind,563.94
220,5269,2025-11-28,Changed mind,27.1
221,5304,2023-11-27,Defective/damaged,89.11
222,5358,2025-11-12,Wrong size/fit,122.25
223,5362,2025-12-17,Not as described,76.22
224,5367,2026-02-16,Wrong size/fit,87.35
225,5474,2026-02-25,Not as described,79.07
226,5557,2024-06-06,Changed mind,176.38
227,5561,2024-06-19,Wrong size/fit,225.05
228,5582,2026-01-15,Wrong size/fit,414.29
229,5591,2026-04-21,Changed mind,552.32
230,5593,2026-04-29,Not as described,719.73
231,5600,2026-05-24,Changed mind,90.3
232,5603,2026-09-06,Not as described,1454.0
233,5644,2024-04-26,Wrong size/fit,153.61
234,5653,2025-02-15,Changed mind,284.07
235,5670,2025-10-11,Changed mind,41.54
236,5691,2026-09-13,Changed mind,255.83
237,5711,2026-04-12,Changed mind,177.58
238,5765,2024-01-02,Not as described,162.99
239,5794,2024-03-26,Wrong size/fit,10.09
240,5816,2024-08-12,Changed mind,78.5
241,5824,2024-10-06,Defective/damaged,1314.84
242,5840,2025-01-17,Wrong size/fit,157.68
243,5863,2024-01-18,Wrong size/fit,93.88
244,5868,2024-03-28,Not as described,78.43
245,5871,2025-04-22,Not as described,254.36
246,5884,2025-10-23,Changed mind,127.38
247,5888,2026-03-16,Changed mind,47.34
248,5895,2023-09-11,Changed mind,704.16
249,5899,2023-07-19,Defective/damaged,90.99
250,5904,2023-12-29,Not as described,81.71
251,5949,2023-04-03,Wrong size/fit,143.53
252,5979,2026-04-22,Wrong size/fit,70.39
253,5989,2023-09-02,Wrong size/fit,550.81
254,5994,2024-01-30,Changed mind,117.7
255,5996,2024-03-27,Wrong size/fit,52.59
256,6013,2024-08-03,Not as described,263.8
257,6031,2025-01-02,Defective/damaged,17.12
258,6038,2025-01-14,Wrong size/fit,155.21
259,6131,2023-11-30,Not as described,52.46
260,6156,2024-08-30,Wrong size/fit,118.54
261,6165,2024-10-11,Defective/damaged,21.47
262,6186,2025-12-27,Changed mind,132.66
263,6241,2024-02-17,Not as described,45.85
264,6256,2024-09-28,Changed mind,19.17
265,6278,2025-09-22,Wrong size/fit,71.67
266,6288,2023-04-21,Wrong size/fit,94.75
267,6289,2023-04-17,Wrong size/fit,78.07
268,6292,2023-07-04,Wrong size/fit,44.57
269,6302,2023-12-29,Not as described,255.24
270,6333,2024-11-03,Changed mind,142.31
271,6335,2024-12-18,Wrong size/fit,27.63
272,6360,2024-06-11,Wrong size/fit,166.97
273,6372,2025-08-27,Wrong size/fit,171.21
274,6384,2023-08-23,Not as described,849.18
275,6392,2023-10-27,Not as described,817.56
276,6403,2024-05-04,Changed mind,446.65
277,6419,2025-03-31,Changed mind,49.09
278,6435,2025-09-17,Changed mind,239.1
279,6443,2025-02-04,Not as described,232.22
280,6445,2025-09-25,Defective/damaged,161.81
281,6452,2026-04-02,Not as described,185.54
282,6463,2026-07-20,Wrong size/fit,303.6
283,6490,2025-01-18,Defective/damaged,91.13
284,6493,2023-01-20,Not as described,179.34
285,6561,2023-09-13,Changed mind,303.82
286,6562,2026-05-20,Wrong size/fit,51.39
287,6613,2026-07-12,Not as described,78.19
288,6619,2026-08-02,Not as described,303.59
289,6641,2025-04-27,Changed mind,54.33
290,6655,2023-02-13,Defective/damaged,20.82
291,6657,2026-01-01,Wrong size/fit,309.3
292,6742,2024-01-23,Not as described,34.29
293,6744,2024-02-07,Not as described,369.86
294,6801,2023-10-08,Wrong size/fit,187.35
295,6824,2024-12-15,Wrong size/fit,136.48
296,6827,2024-12-18,Changed mind,1314.84
297,6834,2025-03-30,Changed mind,158.41
298,6844,2024-04-10,Changed mind,52.51
299,6872,2023-05-22,Not as described,157.0
300,6904,2024-09-24,Changed mind,49.38
301,6919,2024-03-16,Changed mind,18.0
302,6938,2024-01-17,Defective/damaged,181.21
303,6940,2026-09-03,Defective/damaged,60.3
304,6952,2024-06-28,Changed mind,90.78
305,6967,2025-06-10,Not as described,88.89
306,6994,2026-03-28,Defective/damaged,858.79
307,7002,2026-08-06,Changed mind,227.34
308,7007,2025-10-08,Defective/damaged,668.84
309,7023,2024-11-30,Wrong size/fit,41.05
310,7029,2024-08-06,Wrong size/fit,145.77
311,7032,2024-08-31,Changed mind,171.21
312,7041,2025-05-13,Wrong size/fit,88.52
313,7106,2026-05-08,Changed mind,309.46
314,7110,2026-06-24,Changed mind,74.42
315,7114,2026-06-23,Changed mind,29.74
316,7150,2025-07-01,Defective/damaged,21.57
317,7172,2023-05-18,Changed mind,58.95
318,7177,2023-08-31,Wrong size/fit,103.91
319,7195,2024-04-19,Not as described,126.93
320,7207,2024-07-08,Wrong size/fit,141.16
321,7208,2024-06-29,Wrong size/fit,202.14
322,7220,2024-10-14,Changed mind,77.25
323,7224,2024-11-30,Changed mind,164.87
324,7225,2024-12-14,Not as described,71.13
325,7229,2025-02-22,Wrong size/fit,146.43
326,7237,2026-01-22,Not as described,584.55
327,7243,2024-10-24,Wrong size/fit,253.44
328,7270,2023-11-04,Wrong size/fit,125.99
329,7274,2024-05-09,Not as described,30.18
330,7277,2025-06-16,Wrong size/fit,124.47
331,7279,2026-02-26,Defective/damaged,399.76
332,7291,2025-05-26,Changed mind,71.87
333,7305,2025-12-09,Not as described,1284.72
334,7355,2025-12-31,Changed mind,104.64
335,7366,2023-09-24,Wrong size/fit,34.84
336,7382,2024-04-30,Not as described,26.29
337,7393,2025-03-15,Changed mind,156.16
338,7406,2026-01-05,Wrong size/fit,189.24
339,7432,2024-01-15,Changed mind,69.68
340,7458,2024-01-13,Changed mind,462.83
341,7465,2023-11-11,Defective/damaged,431.22
342,7536,2024-09-13,Defective/damaged,21.47
343,7542,2024-11-07,Changed mind,363.59
344,7555,2025-04-12,Defective/damaged,85.96
345,7556,2025-04-21,Defective/damaged,22.29
346,7563,2025-08-27,Changed mind,67.18
347,7593,2026-07-06,Changed mind,883.71
348,7598,2026-03-08,Not as described,78.17
349,7628,2026-08-21,Changed mind,141.58
350,7638,2024-08-08,Defective/damaged,197.85
351,7658,2023-06-18,Changed mind,162.58
352,7693,2025-11-20,Changed mind,127.18
353,7711,2026-05-26,Not as described,371.55
354,7763,2023-06-24,Not as described,79.55
355,7765,2023-09-14,Changed mind,83.52
356,7766,2023-10-21,Defective/damaged,113.15
357,7772,2024-02-13,Changed mind,87.15
358,7777,2024-09-24,Defective/damaged,34.48
359,7825,2024-10-14,Wrong size/fit,101.04
360,7834,2025-09-02,Changed mind,205.97
361,7863,2026-06-23,Defective/damaged,27.82
362,7881,2024-09-27,Defective/damaged,19.35
363,7886,2024-11-24,Changed mind,47.75
364,7907,2024-03-13,Defective/damaged,742.47
365,7929,2025-08-06,Wrong size/fit,182.08
366,7934,2025-08-27,Changed mind,130.42
367,7936,2025-09-22,Wrong size/fit,196.04
368,7938,2025-10-05,Not as described,127.18
369,7945,2025-12-26,Wrong size/fit,153.44
370,7970,2025-11-29,Defective/damaged,70.97
371,8010,2023-09-04,Changed mind,227.78
372,8032,2023-09-15,Wrong size/fit,311.94
373,8056,2025-12-21,Wrong size/fit,151.69
374,8067,2026-08-07,Changed mind,413.97
375,8091,2026-01-14,Changed mind,93.45
376,8118,2023-07-03,Defective/damaged,1284.72
377,8157,2026-04-06,Not as described,146.64
378,8158,2026-04-17,Defective/damaged,16.64
379,8173,2026-08-27,Not as described,44.09
380,8231,2025-02-03,Wrong size/fit,48.44
381,8254,2024-04-10,Wrong size/fit,61.77
382,8260,2024-05-08,Changed mind,657.42
383,8276,2025-04-03,Wrong size/fit,91.05
384,8277,2025-04-24,Wrong size/fit,16.57
385,8289,2025-06-21,Wrong size/fit,94.75
386,8297,2025-08-25,Changed mind,114.82
387,8300,2025-11-07,Wrong size/fit,33.02
388,8304,2025-12-19,Not as described,110.39
389,8313,2026-03-04,Wrong size/fit,27.63
390,8329,2024-11-07,Defective/damaged,673.54
391,8335,2025-08-04,Not as described,443.47
392,8342,2023-10-01,Wrong size/fit,45.63
393,8350,2024-07-03,Wrong size/fit,90.7
394,8402,2025-11-20,Defective/damaged,232.22
395,8425,2026-06-20,Changed mind,1127.88
396,8427,2026-08-06,Changed mind,1756.52
397,8436,2023-06-25,Defective/damaged,112.43
398,8437,2023-07-16,Wrong size/fit,98.02
399,8441,2023-07-31,Wrong size/fit,167.88
400,8444,2023-08-26,Changed mind,54.08
401,8446,2023-10-17,Changed mind,52.86
402,8448,2024-03-07,Defective/damaged,10.18
403,8475,2024-04-17,Changed mind,90.94
404,8519,2026-03-28,Defective/damaged,25.06
405,8538,2024-12-28,Defective/damaged,217.18
406,8576,2025-12-16,Not as described,427.0
407,8623,2025-10-08,Changed mind,155.15
408,8629,2025-12-28,Wrong size/fit,237.1
409,8632,2025-12-01,Changed mind,258.81
410,8700,2025-03-29,Defective/damaged,154.98
411,8712,2024-08-12,Wrong size/fit,66.65
412,8713,2024-08-15,Not as described,48.84
413,8721,2024-10-06,Wrong size/fit,138.46
414,8725,2024-11-26,Wrong size/fit,142.7
415,8740,2025-02-11,Not as described,152.95
416,8747,2025-06-17,Changed mind,315.36
417,8760,2025-10-12,Not as described,14.57
418,8777,2026-07-12,Changed mind,47.0
419,8790,2024-09-18,Changed mind,335.05
420,8825,2024-06-17,Not as described,254.36
421,8833,2026-03-07,Changed mind,63.26
422,8845,2023-06-25,Wrong size/fit,311.94
423,8846,2023-06-26,Wrong size/fit,146.43
424,8850,2024-07-19,Changed mind,127.74
425,8864,2026-07-29,Not as described,750.45
426,8868,2026-08-26,Wrong size/fit,529.14
427,8874,2026-06-02,Defective/damaged,552.66
428,8884,2024-05-13,Wrong size/fit,34.1
429,8910,2024-09-04,Changed mind,311.98
430,8918,2025-01-04,Changed mind,227.34
431,8920,2026-03-29,Not as described,39.75
432,8948,2026-07-29,Changed mind,76.6
433,8984,2025-08-26,Not as described,58.96
434,8987,2025-09-26,Defective/damaged,28.94
435,9004,2026-04-12,Not as described,272.96
436,9019,2026-09-10,Not as described,182.08
437,9024,2024-09-20,Changed mind,27.26
438,9031,2025-01-05,Not as described,306.21
439,9033,2024-09-27,Wrong size/fit,49.31
440,9059,2026-07-03,Defective/damaged,213.64
441,9061,2026-07-04,Wrong size/fit,117.01
442,9085,2026-04-29,Changed mind,1927.08
443,9086,2026-04-30,Changed mind,623.98
444,9099,2025-01-06,Not as described,10.47
445,9131,2026-03-04,Not as described,34.29
446,9200,2026-07-07,Changed mind,43.02
447,9207,2024-08-31,Not as described,15.08
448,9214,2025-02-08,Wrong size/fit,78.85
449,9215,2025-02-10,Wrong size/fit,77.35
450,9216,2025-02-12,Wrong size/fit,71.82
451,9282,2025-11-24,Not as described,49.31
452,9290,2024-12-05,Changed mind,276.28
453,9292,2025-11-10,Wrong size/fit,225.5
454,9307,2026-01-09,Wrong size/fit,182.08
455,9321,2026-08-03,Changed mind,437.42
456,9323,2026-07-28,Not as described,315.78
457,9341,2025-03-05,Wrong size/fit,136.48
458,9343,2025-04-06,Wrong size/fit,149.8
459,9348,2025-05-04,Wrong size/fit,49.31
460,9355,2025-07-09,Wrong size/fit,363.46
461,9379,2023-09-01,Defective/damaged,57.44
462,9410,2024-02-25,Changed mind,159.42
463,9429,2024-12-09,Defective/damaged,138.8
464,9440,2025-01-06,Changed mind,1326.78
465,9454,2023-12-23,Wrong size/fit,64.75
466,9463,2026-04-05,Changed mind,25.06
467,9483,2026-08-06,Changed mind,400.95
468,9499,2024-01-06,Changed mind,352.76
469,9507,2025-05-06,Changed mind,166.97
470,9514,2025-10-02,Wrong size/fit,292.86
471,9519,2025-10-28,Changed mind,154.65
472,9526,2025-12-18,Changed mind,247.63
473,9528,2026-01-27,Wrong size/fit,160.51
474,9547,2023-10-17,Changed mind,176.38
475,9558,2023-12-13,Changed mind,7.23
476,9601,2024-07-17,Defective/damaged,529.18
477,9614,2025-03-14,Changed mind,78.5
478,9622,2025-04-28,Changed mind,226.73
479,9649,2023-08-26,Defective/damaged,39.2
480,9733,2024-02-23,Wrong size/fit,40.39
481,9763,2025-08-13,Defective/damaged,58.49
482,9774,2025-12-09,Changed mind,439.29
483,9807,2026-06-01,Defective/damaged,52.29
484,9836,2025-11-09,Changed mind,204.48
485,9842,2026-01-26,Defective/damaged,288.68
486,9854,2024-05-21,Not as described,252.7
487,9860,2024-02-26,Not as described,21.8
488,9864,2024-07-31,Not as described,73.47
489,9866,2024-08-12,Changed mind,9.17
490,9870,2024-11-29,Changed mind,878.26
491,9888,2026-05-20,Defective/damaged,118.74
492,9890,2026-07-21,Not as described,91.05
493,9931,2025-02-05,Not as described,92.5
494,9952,2026-03-03,Wrong size/fit,118.13
495,9981,2026-08-25,Not as described,42.44
496,10000,2023-10-12,Wrong size/fit,187.01
497,10007,2024-02-05,Changed mind,10.22
498,10009,2024-02-29,Changed mind,486.99
499,10011,2024-04-29,Wrong size/fit,98.62
500,10022,2024-11-15,Defective/damaged,35.72
501,10024,2024-12-25,Changed mind,143.49
502,10063,2026-02-13,Wrong size/fit,82.23
503,10072,2026-03-17,Not as described,76.12
504,10078,2026-06-21,Wrong size/fit,21.55
505,10083,2026-08-21,Changed mind,54.6
506,10124,2026-08-11,Not as described,79.95
507,10138,2025-05-22,Wrong size/fit,28.19
508,10204,2025-11-26,Changed mind,37.24
509,10334,2026-09-02,Wrong size/fit,114.82
510,10393,2023-11-25,Changed mind,14.46
511,10434,2024-08-15,Changed mind,199.47
512,10439,2024-09-11,Not as described,69.06
513,10479,2025-01-21,Wrong size/fit,90.94
514,10489,2025-04-21,Defective/damaged,32.43
515,10523,2026-08-05,Defective/damaged,78.5
516,10533,2025-08-18,Changed mind,151.8
517,10537,2025-10-10,Wrong size/fit,112.64
518,10554,2026-03-21,Not as described,13.33
519,10566,2024-05-17,Changed mind,154.08
520,10568,2024-11-10,Not as described,181.89
521,10573,2025-08-14,Defective/damaged,56.84
522,10579,2025-09-11,Changed mind,79.55
523,10611,2025-08-04,Changed mind,60.55
524,10640,2026-05-30,Not as described,76.38
525,10657,2026-07-15,Wrong size/fit,77.35
526,10662,2026-09-04,Wrong size/fit,156.34
527,10667,2026-08-17,Defective/damaged,250.2
528,10668,2023-07-15,Defective/damaged,101.77
529,10673,2023-12-28,Not as described,52.53
530,10697,2026-04-25,Not as described,18.92
531,10708,2023-04-16,Not as described,70.97
532,10718,2023-09-04,Changed mind,50.57
533,10729,2024-02-14,Not as described,46.43
534,10821,2024-03-10,Wrong size/fit,118.69
535,10832,2025-02-22,Changed mind,48.45
536,10839,2025-07-19,Not as described,79.75
537,10840,2025-08-09,Not as described,72.54
538,10859,2024-03-18,Wrong size/fit,223.26
539,10865,2024-10-17,Wrong size/fit,43.21
540,10871,2025-02-09,Not as described,8.22
541,10887,2024-03-05,Defective/damaged,532.15
542,10960,2024-03-05,Changed mind,33.09
543,10973,2023-08-03,Changed mind,25.7
544,11063,2025-12-12,Changed mind,878.26
545,11091,2023-11-20,Not as described,31.54
546,11103,2025-01-23,Defective/damaged,659.93
547,11113,2025-05-17,Changed mind,633.71
548,11119,2025-07-28,Defective/damaged,232.22
549,11167,2024-09-29,Not as described,45.59
550,11247,2024-02-10,Wrong size/fit,10.77
551,11257,2024-03-22,Wrong size/fit,80.94
552,11262,2024-05-30,Defective/damaged,358.87
553,11302,2025-10-17,Not as described,6.24
554,11312,2026-05-19,Not as described,34.14
555,11313,2026-07-28,Wrong size/fit,78.43
556,11340,2026-06-21,Wrong size/fit,345.7
557,11341,2026-08-23,Changed mind,111.29
558,11342,2026-08-17,Wrong size/fit,88.71
559,11353,2026-03-12,Wrong size/fit,120.38
560,11395,2026-05-01,Defective/damaged,90.81
561,11435,2026-05-27,Not as described,138.8
562,11450,2026-08-24,Changed mind,34.48
563,11453,2025-11-23,Wrong size/fit,242.48
564,11477,2023-12-17,Defective/damaged,50.53
565,11504,2023-12-19,Wrong size/fit,15.69
566,11515,2024-02-23,Changed mind,50.17
567,11517,2024-02-22,Wrong size/fit,128.28
568,11519,2024-06-13,Wrong size/fit,125.64
569,11527,2024-08-29,Changed mind,109.86
570,11538,2025-02-13,Not as described,19.02
571,11547,2025-06-20,Wrong size/fit,81.95
572,11556,2025-09-30,Wrong size/fit,126.91
573,11565,2026-01-12,Not as described,298.83
574,11568,2026-01-23,Changed mind,49.34
575,11575,2026-05-08,Wrong size/fit,114.82
576,11595,2025-08-23,Changed mind,24.67
577,11663,2025-05-06,Changed mind,54.52
578,11668,2025-07-02,Changed mind,34.48
579,11690,2023-11-20,Wrong size/fit,71.9
580,11695,2024-05-22,Not as described,77.3
581,11698,2024-06-06,Wrong size/fit,24.22
582,11704,2024-07-20,Wrong size/fit,141.49
583,11708,2024-07-28,Changed mind,30.56
584,11726,2025-06-01,Wrong size/fit,27.3
585,11730,2025-08-01,Wrong size/fit,71.93
586,11735,2024-05-30,Not as described,598.25
587,11772,2025-04-01,Defective/damaged,353.6
588,11780,2026-02-23,Defective/damaged,22.41
589,11837,2025-03-16,Not as described,112.64
590,11858,2024-11-26,Not as described,445.36
591,11879,2024-12-15,Defective/damaged,876.42
592,11891,2025-02-21,Defective/damaged,99.25
593,11916,2026-02-18,Wrong size/fit,90.94
594,11963,2026-03-01,Defective/damaged,170.72
595,11979,2024-03-16,Wrong size/fit,71.24
596,12033,2025-07-23,Changed mind,25.71
597,12052,2024-07-17,Changed mind,66.71
598,12055,2024-08-20,Not as described,104.92
599,12073,2025-08-06,Wrong size/fit,89.56
600,12075,2025-08-12,Changed mind,40.92
601,12120,2023-09-26,Changed mind,16.24
602,12149,2023-11-10,Changed mind,70.91
603,12162,2024-04-22,Wrong size/fit,96.07
604,12219,2025-05-04,Not as described,194.64
605,12234,2025-01-09,Changed mind,104.26
606,12244,2025-07-18,Defective/damaged,244.9
607,12266,2026-06-14,Changed mind,12.51
608,12269,2026-07-04,Changed mind,28.69
609,12274,2024-06-17,Not as described,207.11
610,12299,2026-07-31,Defective/damaged,678.08
611,12301,2026-08-23,Changed mind,258.89
612,12319,2025-12-21,Changed mind,52.32
613,12385,2024-04-03,Not as described,160.51
614,12389,2024-07-08,Wrong size/fit,153.44
615,12394,2024-09-25,Not as described,54.88
616,12404,2025-02-20,Changed mind,81.24
617,12414,2026-08-31,Defective/damaged,31.29
618,12428,2024-06-23,Not as described,39.36
619,12457,2025-05-11,Changed mind,84.65
620,12468,2025-02-03,Changed mind,60.97
621,12477,2025-08-30,Changed mind,64.64
622,12479,2025-10-16,Wrong size/fit,513.47
623,12489,2024-02-04,Wrong size/fit,61.88
624,12508,2026-01-22,Defective/damaged,35.9
625,12550,2025-03-21,Changed mind,312.96
626,12557,2026-03-04,Changed mind,160.15
627,12618,2024-06-26,Changed mind,51.36
628,12623,2025-01-25,Wrong size/fit,51.36
629,12626,2025-12-18,Changed mind,97.6
630,12653,2026-08-07,Changed mind,56.59
631,12695,2026-07-17,Changed mind,184.87
632,12696,2026-07-13,Defective/damaged,126.31
633,12757,2025-10-19,Changed mind,397.36
634,12778,2025-08-25,Changed mind,166.07
635,12785,2025-12-31,Not as described,76.12
636,12797,2025-09-25,Not as described,199.88
637,12812,2025-12-19,Wrong size/fit,413.37
638,12824,2026-04-19,Defective/damaged,1962.9
639,12901,2024-09-28,Defective/damaged,34.48
640,12904,2024-12-08,Changed mind,87.12
641,12933,2023-03-08,Changed mind,38.63
642,12971,2024-04-28,Wrong size/fit,253.44
643,12997,2026-06-25,Wrong size/fit,121.65
644,13005,2023-07-05,Changed mind,22.23
645,13064,2023-11-25,Defective/damaged,183.24
646,13084,2025-06-19,Not as described,45.85
647,13131,2025-09-12,Changed mind,78.19
648,13197,2025-11-23,Defective/damaged,110.21
649,13230,2024-08-04,Defective/damaged,247.7
650,13234,2024-09-19,Not as described,141.94
651,13300,2026-08-24,Changed mind,104.29
652,13342,2023-09-14,Defective/damaged,60.48
653,13371,2024-08-31,Not as described,25.74
654,13376,2024-09-22,Wrong size/fit,97.58
655,13401,2026-05-15,Defective/damaged,631.99
656,13416,2026-02-28,Changed mind,399.69
657,13422,2026-04-22,Changed mind,47.57
658,13430,2026-05-25,Defective/damaged,163.95
659,13445,2025-04-29,Not as described,333.94
660,13454,2025-10-17,Not as described,79.4
661,13460,2025-10-31,Wrong size/fit,151.8
662,13479,2023-04-16,Not as described,123.52
663,13488,2026-06-16,Changed mind,171.9
664,13506,2024-03-04,Defective/damaged,668.84
665,13526,2025-07-31,Defective/damaged,318.84
666,13528,2025-10-11,Wrong size/fit,24.01
667,13541,2026-08-14,Not as described,65.1
668,13547,2023-09-21,Changed mind,284.25
669,13558,2024-10-18,Wrong size/fit,118.03
670,13628,2026-02-02,Defective/damaged,367.71
671,13658,2026-07-14,Changed mind,66.07
672,13682,2023-12-11,Defective/damaged,31.29
673,13683,2023-12-08,Defective/damaged,63.58
674,13702,2026-02-03,Not as described,59.63
675,13704,2026-02-28,Not as described,37.47
676,13708,2026-05-21,Changed mind,74.37
677,13712,2026-07-19,Wrong size/fit,34.41
678,13734,2023-08-29,Not as described,64.14
679,13735,2023-08-29,Not as described,33.14
680,13738,2023-11-20,Wrong size/fit,106.15
681,13753,2023-09-27,Not as described,79.42
682,13772,2024-12-22,Defective/damaged,572.8
683,13777,2025-08-09,Not as described,397.64
684,13778,2025-08-23,Changed mind,287.36
685,13799,2024-08-26,Not as described,209.72
686,13812,2024-01-09,Changed mind,181.4
687,13818,2024-03-10,Changed mind,55.37
688,13820,2024-03-20,Wrong size/fit,137.64
689,13836,2025-10-18,Defective/damaged,34.29
690,13847,2024-12-12,Defective/damaged,94.06
691,13849,2024-12-22,Not as described,160.95
692,13859,2025-05-17,Changed mind,40.93
693,13866,2023-08-10,Wrong size/fit,50.81
694,13893,2025-10-02,Defective/damaged,140.15
695,13922,2025-07-28,Changed mind,141.88
696,13925,2025-08-25,Defective/damaged,678.08
697,13949,2023-01-21,Wrong size/fit,55.57
698,13951,2025-10-09,Changed mind,910.77
699,13958,2025-01-23,Defective/damaged,878.26
700,13961,2025-03-24,Defective/damaged,248.41
701,14124,2025-05-01,Not as described,229.14
702,14137,2026-08-17,Defective/damaged,379.56
703,14177,2023-06-11,Defective/damaged,125.62
704,14199,2026-07-21,Not as described,105.02
705,14200,2026-07-25,Wrong size/fit,71.82
706,14212,2025-02-07,Not as described,7.86
707,14221,2024-06-25,Wrong size/fit,38.8
708,14226,2024-10-28,Not as described,30.24
709,14228,2024-11-16,Wrong size/fit,21.33
710,14229,2024-12-04,Wrong size/fit,76.67
711,14244,2024-08-17,Changed mind,41.28
712,14251,2024-11-30,Changed mind,198.94
713,14271,2024-05-13,Wrong size/fit,148.76
714,14284,2025-01-18,Wrong size/fit,287.06
715,14292,2025-04-04,Not as described,108.13
716,14309,2026-03-02,Defective/damaged,442.26
717,14331,2025-08-30,Changed mind,77.44
718,14346,2025-06-18,Wrong size/fit,62.36
719,14351,2025-02-17,Changed mind,653.31
720,14358,2025-04-25,Wrong size/fit,31.18
721,14391,2024-11-05,Changed mind,237.74
722,14488,2024-10-21,Defective/damaged,400.95
723,14512,2023-11-13,Defective/damaged,52.51
724,14533,2024-08-25,Not as described,486.96
725,14542,2025-06-04,Changed mind,380.8
726,14553,2025-07-25,Defective/damaged,563.66
727,14566,2026-02-24,Defective/damaged,155.91
728,14635,2025-04-10,Changed mind,193.88
729,14640,2025-07-01,Not as described,100.31
730,14662,2026-01-21,Changed mind,232.22
731,14684,2024-12-06,Changed mind,157.68
732,14748,2024-10-19,Changed mind,57.19
733,14753,2024-11-30,Changed mind,115.36
734,14763,2023-02-13,Defective/damaged,33.38
735,14776,2023-06-10,Changed mind,336.92
736,14819,2025-07-15,Defective/damaged,173.34
737,14864,2026-09-16,Changed mind,534.89
738,14868,2023-08-19,Defective/damaged,41.77
739,14880,2025-10-17,Defective/damaged,100.15
740,14881,2025-10-14,Not as described,720.17
741,14887,2025-11-25,Defective/damaged,657.42
742,14928,2026-01-17,Changed mind,45.25
743,14944,2024-02-26,Defective/damaged,219.83
744,14949,2024-08-28,Defective/damaged,133.86
745,14954,2025-01-19,Not as described,17.43
746,14961,2025-05-25,Changed mind,429.98
747,14970,2025-02-12,Changed mind,227.61
748,14972,2025-05-12,Not as described,70.39
749,14992,2025-11-06,Not as described,41.77
750,14995,2026-01-18,Changed mind,358.68
751,15020,2026-08-03,Not as described,76.12
752,15031,2023-10-20,Wrong size/fit,41.09
753,15074,2024-05-23,Defective/damaged,657.42
754,15085,2026-08-06,Not as described,270.84
755,15104,2023-08-11,Wrong size/fit,258.55
756,15105,2023-08-24,Defective/damaged,249.53
757,15111,2025-12-02,Changed mind,160.15
758,15118,2026-04-03,Not as described,95.75
759,15136,2026-07-19,Changed mind,26.0
760,15141,2024-03-29,Defective/damaged,79.07
761,15149,2024-06-08,Defective/damaged,109.16
762,15151,2024-06-29,Defective/damaged,251.14
763,15173,2024-11-11,Defective/damaged,113.05
764,15182,2025-04-03,Wrong size/fit,19.89
765,15225,2025-06-17,Changed mind,83.32
766,15258,2024-08-05,Changed mind,367.13
767,15262,2025-05-10,Wrong size/fit,29.31
768,15272,2025-12-15,Not as described,37.15
769,15299,2023-02-10,Changed mind,78.5
770,15307,2023-12-06,Changed mind,278.62
771,15396,2026-08-15,Changed mind,111.72
772,15461,2026-04-04,Changed mind,287.06
773,15506,2026-06-06,Wrong size/fit,127.62
774,15508,2025-01-12,Not as described,189.5
775,15558,2026-03-15,Changed mind,47.03
776,15584,2024-01-11,Wrong size/fit,78.19
777,15586,2024-02-07,Defective/damaged,62.76
778,15632,2026-08-28,Changed mind,246.49
779,15675,2025-04-20,Not as described,47.0
780,15706,2024-04-24,Changed mind,1738.95
781,15710,2024-06-15,Changed mind,662.63
782,15719,2025-02-27,Defective/damaged,727.0
783,15721,2025-05-01,Wrong size/fit,32.87
784,15723,2025-05-24,Changed mind,70.37
785,15747,2024-01-17,Changed mind,246.49
786,15793,2026-01-11,Changed mind,76.9
787,15797,2026-08-29,Changed mind,153.44
788,15800,2026-09-02,Defective/damaged,272.52
789,15853,2024-12-29,Defective/damaged,359.72
790,15886,2026-01-24,Not as described,1015.38
791,15889,2026-02-01,Changed mind,239.99
792,15905,2026-08-10,Not as described,450.75
793,15911,2025-12-14,Wrong size/fit,64.14
794,15913,2026-02-07,Wrong size/fit,49.34
795,15915,2026-02-15,Wrong size/fit,78.19
796,15940,2024-02-27,Not as described,1306.62
797,15947,2024-03-12,Not as described,878.26
798,15951,2024-06-27,Changed mind,398.26
799,15959,2024-09-02,Not as described,183.24
800,15974,2025-02-21,Not as described,1927.08
801,15981,2024-08-04,Wrong size/fit,166.97
802,15987,2025-03-09,Wrong size/fit,154.65
803,16003,2026-01-22,Wrong size/fit,117.37
804,16004,2026-01-31,Wrong size/fit,117.37
805,16005,2026-02-03,Changed mind,174.84
806,16023,2024-10-09,Wrong size/fit,62.48
807,16034,2025-03-09,Wrong size/fit,96.66
808,16045,2025-04-26,Wrong size/fit,95.87
809,16046,2025-04-21,Wrong size/fit,42.3
810,16047,2025-04-22,Changed mind,141.91
811,16053,2025-08-14,Wrong size/fit,90.94
812,16054,2025-08-02,Wrong size/fit,364.16
813,16072,2023-06-09,Changed mind,261.74
814,16080,2024-12-24,Not as described,38.06
815,16109,2024-08-21,Defective/damaged,272.52
816,16155,2026-05-09,Defective/damaged,727.0
817,16197,2025-06-17,Not as described,578.29
818,16220,2026-02-01,Defective/damaged,657.42
819,16221,2026-02-03,Not as described,105.59
820,16226,2026-03-10,Not as described,32.45
821,16239,2024-04-22,Not as described,44.09
822,16245,2025-04-08,Not as described,391.62
823,16272,2026-08-18,Changed mind,227.34
824,16290,2024-04-05,Changed mind,162.55
825,16308,2024-12-25,Not as described,50.69
826,16322,2026-01-01,Wrong size/fit,77.35
827,16333,2024-06-28,Wrong size/fit,157.68
828,16334,2024-06-27,Changed mind,2041.02
829,16336,2024-08-17,Defective/damaged,1756.52
830,16341,2024-11-05,Not as described,359.43
831,16351,2025-02-13,Not as described,47.03
832,16363,2026-05-23,Not as described,498.26
833,16367,2026-09-04,Wrong size/fit,125.42
834,16389,2024-01-23,Wrong size/fit,257.13
835,16412,2024-09-12,Not as described,1475.37
836,16413,2024-10-03,Wrong size/fit,127.39
837,16416,2024-12-23,Wrong size/fit,105.65
838,16501,2024-08-28,Changed mind,292.06
839,16509,2025-01-13,Wrong size/fit,467.91
840,16513,2025-03-08,Wrong size/fit,42.3
841,16517,2025-09-24,Wrong size/fit,76.22
842,16524,2026-01-21,Not as described,181.88
843,16550,2026-05-27,Changed mind,45.01
844,16578,2024-06-07,Changed mind,45.82
845,16603,2026-07-07,Defective/damaged,30.54
846,16657,2025-07-17,Changed mind,14.64
847,16666,2025-11-29,Defective/damaged,35.09
848,16686,2023-11-01,Wrong size/fit,101.19
849,16690,2024-04-19,Wrong size/fit,40.41
850,16694,2024-05-04,Changed mind,33.16
851,16725,2024-04-30,Wrong size/fit,254.36
852,16728,2025-12-29,Defective/damaged,64.84
853,16732,2026-05-06,Changed mind,69.53
854,16733,2026-05-04,Changed mind,676.26
855,16753,2024-12-29,Changed mind,358.68
856,16767,2025-12-23,Wrong size/fit,166.97
857,16768,2024-10-08,Not as described,93.89
858,16779,2025-06-11,Wrong size/fit,76.4
859,16786,2024-12-18,Defective/damaged,163.21
860,16810,2025-10-25,Not as described,43.71
861,16835,2026-04-12,Changed mind,155.5
862,16849,2024-07-23,Wrong size/fit,90.5
863,16861,2024-04-05,Changed mind,543.48
864,16886,2025-01-18,Wrong size/fit,96.96
865,16895,2025-05-18,Defective/damaged,237.17
866,16915,2026-05-26,Defective/damaged,89.75
867,16930,2024-11-16,Defective/damaged,8.01
868,16940,2025-08-11,Wrong size/fit,272.96
869,16957,2023-11-18,Changed mind,76.12
870,16964,2024-05-31,Not as described,26.6
871,16972,2025-06-14,Wrong size/fit,12.88
872,16979,2025-11-07,Wrong size/fit,76.1
873,17051,2024-07-13,Changed mind,19.21
874,17066,2025-03-04,Changed mind,209.46
875,17077,2024-10-04,Changed mind,120.56
876,17105,2025-08-21,Changed mind,97.57
877,17124,2024-01-12,Wrong size/fit,91.64
878,17131,2024-03-11,Changed mind,126.72
879,17174,2025-02-17,Defective/damaged,145.12
880,17214,2025-01-18,Changed mind,69.7
881,17227,2026-06-21,Wrong size/fit,131.83
882,17235,2023-04-28,Changed mind,47.0
883,17289,2025-08-15,Changed mind,420.15
884,17327,2024-10-06,Not as described,52.53
885,17350,2026-01-06,Defective/damaged,666.73
886,17355,2026-06-19,Changed mind,1314.84
887,17360,2025-11-28,Not as described,214.0
888,17369,2026-03-27,Changed mind,221.78
889,17372,2026-06-27,Not as described,837.14
890,17405,2026-05-06,Defective/damaged,194.34
891,17417,2026-09-11,Not as described,100.45
892,17431,2025-01-26,Changed mind,33.3
893,17441,2026-04-06,Defective/damaged,76.7
894,17475,2025-11-26,Changed mind,657.24
895,17481,2026-04-01,Changed mind,16.71
896,17564,2024-11-14,Not as described,275.98
897,17611,2024-11-23,Changed mind,78.17
898,17615,2025-01-08,Not as described,223.2
899,17616,2025-01-19,Defective/damaged,24.34
900,17628,2026-07-17,Changed mind,801.9
901,17642,2025-11-23,Changed mind,431.55
902,17645,2025-12-12,Changed mind,28.71
903,17651,2024-01-22,Not as described,297.05
904,17674,2023-08-15,Changed mind,457.9
905,17732,2025-06-11,Not as described,140.53
906,17776,2025-05-18,Changed mind,58.1
907,17799,2024-04-02,Changed mind,30.93
908,17807,2023-10-11,Not as described,300.83
909,17838,2024-10-11,Wrong size/fit,76.22
910,17849,2025-02-10,Changed mind,248.39
911,17855,2023-11-14,Wrong size/fit,21.01
912,17859,2024-07-07,Defective/damaged,549.89
913,17882,2023-09-25,Changed mind,167.7
914,17892,2024-03-19,Not as described,157.68
915,17903,2024-12-22,Not as described,66.31
916,17935,2023-07-10,Not as described,77.92
917,17960,2024-04-16,Wrong size/fit,126.72
918,17961,2024-04-30,Not as described,349.59
919,17993,2025-06-14,Wrong size/fit,125.56
920,17995,2025-08-10,Changed mind,27.63
921,18011,2026-07-27,Changed mind,67.51
922,18052,2024-02-08,Changed mind,151.13
923,18053,2024-02-08,Wrong size/fit,64.1
924,18064,2024-12-05,Wrong size/fit,123.53
925,18077,2024-03-17,Changed mind,130.61
926,18085,2024-07-20,Not as described,46.87
927,18102,2025-01-06,Changed mind,150.23
928,18127,2023-09-23,Defective/damaged,1360.68
929,18139,2026-02-05,Wrong size/fit,143.53
930,18140,2026-02-14,Wrong size/fit,66.79
931,18151,2026-08-04,Not as described,147.3
932,18153,2026-08-23,Changed mind,87.86
933,18162,2025-04-06,Wrong size/fit,166.97
934,18173,2024-12-11,Not as described,18.95
935,18224,2025-11-04,Changed mind,32.66
936,18267,2026-01-14,Defective/damaged,129.08
937,18274,2026-06-29,Changed mind,160.15
938,18289,2025-03-12,Wrong size/fit,129.03
939,18298,2026-06-24,Changed mind,22.15
940,18299,2026-06-23,Changed mind,619.11
941,18310,2023-08-05,Not as described,173.48
942,18350,2024-09-27,Defective/damaged,35.81
943,18411,2023-09-14,Not as described,83.64
944,18438,2026-02-07,Not as described,127.18
945,18465,2025-03-30,Changed mind,19.39
946,18517,2026-04-08,Not as described,46.04
947,18573,2025-07-27,Wrong size/fit,76.1
948,18715,2026-05-04,Changed mind,113.28
949,18744,2025-02-17,Not as described,311.82
950,18753,2024-07-31,Not as described,95.55
951,18772,2026-01-07,Changed mind,16.02
952,18811,2025-09-10,Not as described,98.02
953,18820,2026-05-07,Wrong size/fit,26.64
954,18828,2026-08-12,Defective/damaged,204.15
955,18829,2026-08-24,Not as described,180.29
956,18835,2024-04-16,Defective/damaged,85.53
957,18849,2023-07-10,Defective/damaged,371.71
958,18858,2023-11-29,Changed mind,117.27
959,18878,2024-01-28,Not as described,102.64
960,18884,2024-04-15,Not as described,240.32
961,18895,2023-08-08,Changed mind,133.02
962,18908,2025-06-19,Wrong size/fit,25.98
963,18994,2024-06-16,Changed mind,156.22
964,19027,2026-02-17,Not as described,181.89
965,19093,2024-10-04,Wrong size/fit,151.91
966,19094,2024-10-16,Not as described,47.0
967,19106,2025-07-24,Changed mind,153.44
968,19187,2023-12-01,Changed mind,16.46
969,19222,2025-01-16,Changed mind,647.09
970,19233,2025-09-20,Changed mind,799.38
971,19237,2025-11-04,Defective/damaged,799.22
972,19246,2024-09-16,Not as described,37.46
973,19256,2026-08-11,Wrong size/fit,85.39
974,19286,2024-01-06,Defective/damaged,999.28
975,19294,2024-05-21,Defective/damaged,62.26
976,19296,2024-05-08,Not as described,230.88
977,19300,2024-06-24,Not as described,327.75
978,19312,2024-12-14,Changed mind,272.96
979,19325,2026-05-07,Defective/damaged,181.4
980,19348,2026-02-02,Not as described,346.08
981,19351,2026-04-15,Changed mind,150.88
982,19357,2024-05-19,Defective/damaged,207.81
983,19394,2026-08-22,Changed mind,233.74
984,19400,2025-05-05,Changed mind,50.85
985,19404,2025-05-12,Wrong size/fit,56.45
986,19410,2026-01-22,Not as described,23.98
987,19415,2026-03-03,Not as described,78.07
988,19475,2026-02-17,Not as described,299.76
989,19481,2026-03-25,Defective/damaged,399.69
990,19491,2026-07-15,Defective/damaged,64.37
991,19493,2026-07-21,Not as described,720.17
992,19499,2026-08-02,Changed mind,436.8
993,19512,2024-09-07,Changed mind,96.8
994,19522,2023-10-31,Wrong size/fit,193.98
995,19525,2024-07-24,Defective/damaged,334.8
996,19526,2024-07-16,Changed mind,153.44
997,19565,2026-03-27,Defective/damaged,17.6
998,19568,2026-05-20,Wrong size/fit,210.46
999,19573,2026-06-13,Not as described,71.65
1000,19585,2024-06-13,Changed mind,151.91
1001,19618,2023-05-15,Changed mind,782.38
1002,19688,2026-07-22,Changed mind,291.45
1003,19692,2024-07-30,Defective/damaged,156.95
1004,19744,2025-05-26,Not as described,67.18
1005,19847,2024-06-05,Defective/damaged,19.18
1006,19849,2024-07-09,Changed mind,460.16
1007,19908,2023-09-08,Changed mind,10.98
1008,19936,2025-03-15,Changed mind,166.91
1009,19940,2025-08-17,Not as described,38.63
1010,19942,2025-08-31,Not as described,642.36
1011,19963,2026-09-10,Not as described,246.16
1012,19981,2023-05-19,Changed mind,72.58
1013,19989,2024-08-29,Wrong size/fit,95.74
1014,20004,2026-05-31,Wrong size/fit,80.03
1015,20099,2023-09-21,Changed mind,76.22
1016,20109,2026-09-11,Wrong size/fit,143.53
1017,20130,2026-03-13,Defective/damaged,283.06
1018,20132,2025-12-22,Wrong size/fit,46.35
1019,20148,2026-08-07,Changed mind,153.44
1020,20164,2025-04-04,Defective/damaged,511.12
1021,20167,2025-10-18,Changed mind,979.89
1022,20201,2024-03-22,Changed mind,64.13
1023,20250,2025-09-29,Not as described,27.22
1024,20343,2024-06-24,Defective/damaged,85.33
1025,20347,2024-07-10,Changed mind,20.16
1026,20361,2025-07-07,Changed mind,54.65
1027,20370,2025-11-28,Changed mind,37.22
1028,20393,2026-03-02,Changed mind,104.76
1029,20416,2026-07-29,Changed mind,168.2
1030,20449,2024-08-20,Changed mind,479.92
1031,20523,2024-03-01,Defective/damaged,230.93
1032,20539,2023-09-06,Not as described,227.56
1033,20569,2023-10-13,Wrong size/fit,70.46
1034,20577,2024-03-14,Changed mind,55.03
1035,20589,2024-06-08,Changed mind,149.57
1036,20610,2024-05-05,Defective/damaged,88.17
1037,20628,2024-11-25,Changed mind,474.11
1038,20653,2024-09-28,Wrong size/fit,92.85
1039,20661,2024-10-26,Not as described,43.21
1040,20663,2024-11-08,Changed mind,94.0
1041,20671,2024-12-16,Not as described,104.92
1042,20676,2025-02-20,Changed mind,73.5
1043,20679,2025-05-14,Not as described,506.21
1044,20690,2024-07-24,Changed mind,50.27
1045,20723,2024-09-29,Changed mind,283.6
1046,20734,2025-12-11,Not as described,33.42
1047,20763,2025-02-14,Defective/damaged,183.24
1048,20773,2025-06-10,Changed mind,31.9
1049,20774,2025-06-10,Defective/damaged,70.18
1050,20776,2025-08-16,Wrong size/fit,62.71
1051,20797,2024-03-17,Changed mind,68.84
1052,20806,2026-04-17,Wrong size/fit,111.38
1053,20807,2026-04-18,Not as described,12.71
1054,20817,2024-06-10,Changed mind,33.1
1055,20828,2024-09-21,Changed mind,8.14
1056,20831,2024-11-11,Not as described,180.6
1057,20844,2026-07-20,Changed mind,2155.54
1058,20880,2024-08-15,Wrong size/fit,29.59
1059,20894,2025-01-17,Wrong size/fit,36.96
1060,20919,2024-07-23,Wrong size/fit,102.72
1061,20922,2024-10-14,Wrong size/fit,50.85
1062,20927,2025-01-30,Wrong size/fit,51.36
1063,20962,2023-10-31,Changed mind,470.16
1064,20986,2023-12-29,Changed mind,558.41
1065,21005,2024-05-02,Not as described,311.98
1066,21031,2025-06-09,Changed mind,118.87
1067,21038,2023-04-12,Wrong size/fit,19.13
1068,21039,2023-06-24,Not as described,24.22
1069,21046,2023-09-27,Not as described,101.38
1070,21048,2023-12-03,Wrong size/fit,89.88
1071,21056,2025-12-19,Wrong size/fit,90.7
1072,21089,2025-04-02,Wrong size/fit,24.94
1073,21105,2025-04-08,Wrong size/fit,233.12
1074,21121,2025-12-25,Wrong size/fit,107.59
1075,21144,2026-08-01,Changed mind,79.29
1076,21178,2025-11-15,Changed mind,92.93
1077,21192,2024-02-29,Not as described,47.93
1078,21193,2024-07-06,Changed mind,39.3
1079,21260,2023-04-15,Changed mind,95.46
1080,21262,2023-08-06,Changed mind,139.11
1081,21276,2024-09-24,Not as described,235.08
1082,21277,2024-09-23,Defective/damaged,164.53
1083,21296,2024-08-04,Wrong size/fit,10.94
1084,21324,2026-05-25,Not as described,151.8
1085,21328,2026-05-27,Not as described,16.42
1086,21346,2024-04-15,Wrong size/fit,128.77
1087,21379,2024-04-13,Not as described,24.01
1088,21381,2023-06-01,Wrong size/fit,18.31
1089,21392,2026-07-31,Wrong size/fit,53.26
1090,21398,2024-06-19,Changed mind,56.09
1091,21404,2024-10-29,Not as described,19.21
1092,21410,2025-03-04,Changed mind,35.07
1093,21411,2025-03-03,Wrong size/fit,371.16
1094,21417,2025-05-14,Defective/damaged,188.92
1095,21441,2025-06-09,Changed mind,9.16
1096,21472,2026-07-17,Defective/damaged,51.05
1097,21499,2025-02-26,Changed mind,291.89
1098,21532,2025-05-16,Defective/damaged,57.73
1099,21558,2025-11-24,Not as described,28.94
1100,21570,2026-01-19,Defective/damaged,657.42
1101,21586,2025-12-29,Not as described,1314.84
1102,21594,2024-08-23,Defective/damaged,984.74
1103,21634,2024-06-07,Defective/damaged,154.45
1104,21649,2024-05-25,Defective/damaged,271.67
1105,21662,2023-08-23,Changed mind,232.05
1106,21686,2024-02-15,Wrong size/fit,47.0
1107,21696,2023-06-17,Not as described,103.39
1108,21703,2026-06-21,Changed mind,727.0
1109,21704,2026-06-13,Defective/damaged,18.92
1110,21711,2025-03-30,Changed mind,19.8
1111,21735,2026-02-21,Wrong size/fit,139.22
1112,21744,2026-08-20,Changed mind,680.34
1113,21902,2025-11-16,Changed mind,283.32
1114,21910,2026-06-01,Wrong size/fit,176.24
1115,21912,2026-05-31,Wrong size/fit,12.18
1116,21925,2026-03-23,Defective/damaged,57.3
1117,21938,2023-01-28,Changed mind,122.54
1118,21946,2024-11-20,Changed mind,27.49
1119,21960,2025-08-19,Changed mind,18.35
1120,22023,2024-03-26,Changed mind,315.9
1121,22024,2024-03-20,Changed mind,145.73
1122,22029,2024-06-28,Changed mind,199.88
1123,22106,2024-12-28,Defective/damaged,161.16
1124,22120,2023-10-23,Changed mind,310.68
1125,22122,2023-11-08,Changed mind,90.94
1126,22137,2024-12-22,Defective/damaged,287.02
1127,22157,2026-03-06,Wrong size/fit,65.78
1128,22178,2025-08-21,Changed mind,58.69
1129,22242,2024-03-28,Wrong size/fit,146.92
1130,22257,2024-11-01,Wrong size/fit,41.91
1131,22260,2024-11-30,Wrong size/fit,87.07
1132,22268,2025-03-16,Wrong size/fit,27.73
1133,22298,2026-01-12,Defective/damaged,136.48
1134,22304,2026-03-15,Not as described,35.55
1135,22348,2023-08-14,Changed mind,52.46
1136,22353,2024-01-18,Wrong size/fit,58.05
1137,22371,2023-12-25,Changed mind,177.36
1138,22381,2024-05-03,Not as described,44.09
1139,22390,2024-09-01,Changed mind,187.35
1140,22391,2024-09-02,Changed mind,63.43
1141,22413,2024-12-12,Changed mind,80.68
1142,22437,2026-09-15,Wrong size/fit,78.91
1143,22438,2025-11-04,Changed mind,558.41
1144,22453,2024-11-10,Not as described,38.12
1145,22465,2025-05-14,Changed mind,43.71
1146,22490,2023-03-17,Changed mind,47.0
1147,22502,2023-08-29,Changed mind,102.42
1148,22569,2023-11-04,Not as described,41.26
1149,22570,2023-11-03,Changed mind,27.52
1150,22599,2023-12-23,Not as described,226.77
1151,22601,2024-02-27,Changed mind,189.78
1152,22609,2025-02-19,Defective/damaged,195.81
1153,22635,2024-12-07,Defective/damaged,52.32
1154,22649,2024-09-27,Not as described,60.17
1155,22650,2024-11-01,Defective/damaged,61.27
1156,22679,2025-09-17,Changed mind,1830.73
1157,22700,2026-06-20,Defective/damaged,110.55
1158,22706,2026-08-05,Changed mind,16.42
1159,22710,2026-09-09,Not as described,255.93
1160,22711,2025-08-29,Wrong size/fit,160.29
1161,22737,2025-10-27,Changed mind,230.73
1162,22740,2026-01-12,Not as described,310.69
1163,22748,2026-09-15,Changed mind,145.73
1164,22765,2023-02-28,Changed mind,296.19
1165,22789,2023-11-30,Wrong size/fit,181.88
1166,22797,2024-01-24,Wrong size/fit,130.24
1167,22929,2025-06-22,Wrong size/fit,35.55
1168,22945,2026-05-05,Defective/damaged,138.8
1169,22967,2025-05-22,Wrong size/fit,155.97
1170,22991,2026-08-28,Not as described,76.1
1171,23019,2026-02-26,Wrong size/fit,30.18
1172,23020,2026-02-27,Not as described,41.52
1173,23024,2026-05-08,Changed mind,13.1
1174,23034,2025-10-10,Changed mind,162.08
1175,23041,2024-06-17,Not as described,66.32
1176,23060,2025-07-26,Wrong size/fit,15.65
1177,23061,2025-10-24,Changed mind,16.57
1178,23091,2025-11-08,Not as described,194.3
1179,23092,2025-10-30,Defective/damaged,311.65
1180,23095,2025-11-16,Not as described,235.08
1181,23130,2026-07-31,Changed mind,45.25
1182,23167,2023-03-18,Not as described,226.19
1183,23168,2023-03-14,Changed mind,331.74
1184,23177,2024-01-06,Defective/damaged,223.47
1185,23183,2024-06-23,Wrong size/fit,116.98
1186,23199,2023-08-30,Wrong size/fit,55.03
1187,23210,2024-06-28,Wrong size/fit,97.49
1188,23215,2024-10-17,Wrong size/fit,53.26
1189,23220,2025-01-04,Not as described,27.63
1190,23229,2025-03-29,Wrong size/fit,109.75
1191,23268,2025-06-17,Changed mind,72.58
1192,23283,2025-09-07,Not as described,26.0
1193,23313,2026-06-03,Changed mind,50.57
1194,23315,2026-07-10,Changed mind,72.58
1195,23316,2026-07-08,Wrong size/fit,123.52
1196,23346,2025-07-27,Not as described,22.54
1197,23392,2024-04-23,Defective/damaged,24.49
1198,23448,2023-09-04,Wrong size/fit,41.21
1199,23528,2026-03-10,Not as described,29.02
1200,23569,2024-05-17,Defective/damaged,74.05
1201,23588,2025-04-28,Defective/damaged,113.68
1202,23595,2026-01-08,Wrong size/fit,155.97
1203,23597,2026-02-15,Not as described,348.33
1204,23681,2023-10-20,Changed mind,15.31
1205,23726,2025-06-24,Not as described,490.18
1206,23736,2025-12-20,Not as described,37.48
1207,23741,2026-02-25,Changed mind,231.47
1208,23841,2025-08-28,Defective/damaged,657.42
1209,23851,2026-01-19,Not as described,16.46
1210,23890,2024-02-15,Wrong size/fit,27.22
1211,23911,2025-09-24,Changed mind,148.32
1212,23976,2025-04-10,Not as described,442.26
1213,23980,2025-07-02,Changed mind,183.24
1214,23982,2025-08-22,Changed mind,136.48
1215,24036,2025-08-08,Defective/damaged,1395.84
1216,24069,2023-12-19,Defective/damaged,122.34
1217,24087,2024-09-01,Defective/damaged,115.3
1218,24088,2024-09-13,Changed mind,633.71
1219,24109,2024-09-09,Changed mind,100.48
1220,24163,2025-12-06,Changed mind,15.81
1221,24188,2026-05-20,Not as described,366.54
1222,24198,2024-06-02,Changed mind,1293.55
1223,24209,2025-01-16,Not as described,817.56
1224,24231,2025-12-24,Changed mind,680.34
1225,24236,2026-05-02,Defective/damaged,878.26
1226,24263,2026-05-24,Defective/damaged,37.32
1227,24275,2023-11-30,Wrong size/fit,309.3
1228,24281,2024-08-26,Not as described,83.35
1229,24286,2024-11-06,Wrong size/fit,57.24
1230,24288,2024-12-08,Not as described,303.6
1231,24319,2024-02-26,Not as described,52.46
1232,24326,2025-04-12,Changed mind,94.63
1233,24332,2024-12-25,Not as described,172.7
1234,24338,2025-04-30,Defective/damaged,380.8
1235,24349,2024-08-21,Changed mind,95.11
1236,24359,2025-06-17,Wrong size/fit,171.21
1237,24373,2023-11-19,Defective/damaged,75.7
1238,24388,2024-05-03,Not as described,16.46
1239,24405,2025-05-30,Not as described,34.48
1240,24407,2025-08-23,Wrong size/fit,23.74
1241,24447,2025-08-15,Not as described,78.56
1242,24456,2023-12-14,Changed mind,20.12
1243,24471,2024-05-20,Changed mind,246.46
1244,24514,2025-04-25,Defective/damaged,1941.27
1245,24518,2025-05-18,Changed mind,29.59
1246,24530,2025-08-29,Wrong size/fit,36.96
1247,24536,2025-11-07,Not as described,22.77
1248,24537,2025-11-28,Defective/damaged,62.02
1249,24554,2025-06-03,Changed mind,328.87
1250,24595,2025-11-30,Changed mind,183.24
1251,24603,2026-03-27,Changed mind,646.78
1252,24605,2026-06-12,Defective/damaged,647.09
1253,24641,2023-10-15,Changed mind,1756.52
1254,24649,2026-01-11,Defective/damaged,41.77
1255,24651,2026-01-19,Wrong size/fit,228.66
1256,24676,2025-05-22,Not as described,22.75
1257,24708,2024-02-24,Changed mind,76.12
1258,24716,2024-07-16,Not as described,78.19
1259,24737,2024-01-10,Changed mind,151.83
1260,24754,2026-07-28,Not as described,19.8
1261,24765,2024-04-12,Changed mind,742.47
1262,24781,2024-11-30,Not as described,175.91
1263,24787,2024-12-26,Not as described,40.56
1264,24792,2023-03-20,Changed mind,458.43
1265,24806,2026-02-01,Wrong size/fit,149.32
1266,24968,2024-07-31,Wrong size/fit,63.75
1267,25048,2026-01-18,Changed mind,91.13
1268,25066,2024-01-06,Defective/damaged,18.0
1269,25078,2024-05-28,Defective/damaged,95.14
1270,25101,2025-04-10,Changed mind,16.31
1271,25109,2025-12-31,Wrong size/fit,27.63
1272,25114,2026-05-04,Changed mind,538.98
1273,25147,2026-05-09,Wrong size/fit,230.58
1274,25149,2026-09-16,Not as described,76.38
1275,25194,2026-07-17,Defective/damaged,1756.52
1276,25209,2024-03-18,Changed mind,536.87
1277,25211,2024-04-16,Not as described,119.64
1278,25215,2024-07-14,Not as described,30.23
1279,25218,2024-12-13,Defective/damaged,12.59
1280,25248,2024-05-21,Not as described,470.38
1281,25249,2025-07-05,Changed mind,479.01
1282,25252,2025-07-29,Not as described,89.88
1283,25294,2024-05-10,Changed mind,253.5
1284,25345,2025-06-22,Changed mind,127.18
1285,25352,2026-03-07,Changed mind,75.44
1286,25367,2024-02-18,Changed mind,364.16
1287,25398,2026-06-08,Not as described,31.75
1288,25420,2024-03-12,Changed mind,55.57
1289,25423,2024-07-05,Changed mind,48.8
1290,25446,2026-08-26,Not as described,105.09
1291,25487,2025-03-14,Changed mind,52.0
1292,25616,2023-04-22,Changed mind,47.14
1293,25623,2023-09-09,Changed mind,28.42
1294,25626,2025-01-23,Changed mind,90.78
1295,25630,2025-04-18,Changed mind,72.58
1296,25673,2026-06-16,Defective/damaged,61.84
1297,25714,2024-06-23,Defective/damaged,236.29
1298,25715,2024-09-15,Wrong size/fit,171.21
1299,25723,2025-02-15,Not as described,657.42
1300,25738,2023-03-24,Changed mind,290.52
1301,25765,2025-08-26,Not as described,442.26
1302,25766,2025-09-01,Not as described,47.03
1303,25795,2025-05-03,Not as described,48.44
1304,25842,2024-12-01,Changed mind,85.53
1305,25894,2025-02-16,Not as described,147.25
1306,25901,2025-05-08,Defective/damaged,162.58
1307,25913,2023-11-10,Changed mind,381.54
1308,25930,2024-07-22,Changed mind,653.31
1309,25937,2024-08-25,Not as described,177.36
1310,25945,2024-10-02,Changed mind,38.07
1311,25948,2024-10-13,Not as described,21.87
1312,25957,2024-12-08,Wrong size/fit,165.8
1313,25994,2026-02-02,Not as described,25.06
1314,26002,2024-09-06,Changed mind,59.67
1315,26011,2024-06-29,Changed mind,299.18
1316,26023,2025-11-19,Changed mind,146.43
1317,26031,2025-07-15,Wrong size/fit,87.86
1318,26039,2025-02-08,Defective/damaged,189.89
1319,26042,2024-11-09,Changed mind,546.24
1320,26060,2025-12-11,Wrong size/fit,148.46
1321,26076,2025-12-12,Not as described,18.22
1322,26077,2026-01-12,Not as described,36.62
1323,26115,2024-10-09,Changed mind,183.24
1324,26136,2025-07-18,Changed mind,657.42
1325,26162,2026-02-18,Changed mind,798.35
1326,26164,2026-02-20,Not as described,1360.68
1327,26167,2025-06-11,Not as described,467.26
1328,26192,2026-01-16,Changed mind,945.35
1329,26257,2024-01-25,Defective/damaged,62.14
1330,26284,2023-10-03,Defective/damaged,222.26
1331,26286,2026-07-16,Changed mind,19.06
1332,26303,2023-11-29,Not as described,50.39
1333,26309,2023-11-29,Defective/damaged,47.57
1334,26326,2025-02-25,Defective/damaged,177.36
1335,26356,2024-09-04,Defective/damaged,210.37
1336,26359,2024-11-09,Changed mind,1116.82
1337,26366,2026-06-09,Defective/damaged,215.96
1338,26377,2025-06-06,Defective/damaged,61.27
1339,26446,2025-05-13,Changed mind,199.88
1340,26447,2025-10-10,Defective/damaged,196.07
1341,26449,2025-10-22,Changed mind,91.05
1342,26466,2025-10-07,Defective/damaged,69.68
1343,26477,2026-08-17,Defective/damaged,121.01
1344,26494,2025-02-25,Changed mind,35.55
1345,26498,2025-03-10,Changed mind,73.57
1346,26505,2025-06-19,Wrong size/fit,17.99
1347,26566,2025-03-11,Changed mind,80.24
1348,26572,2025-07-26,Changed mind,535.74
1349,26575,2025-07-24,Changed mind,293.83
1350,26584,2025-10-07,Not as described,17.17
1351,26626,2025-07-16,Changed mind,673.73
1352,26645,2026-04-22,Not as described,355.49
1353,26688,2025-02-19,Wrong size/fit,71.82
1354,26695,2023-09-18,Defective/damaged,105.09
1355,26731,2025-04-08,Defective/damaged,36.95
1356,26732,2025-04-28,Defective/damaged,216.27
1357,26741,2025-09-10,Changed mind,164.48
1358,26751,2024-11-04,Defective/damaged,199.56
1359,26777,2024-04-06,Changed mind,118.61
1360,26782,2025-11-10,Not as described,112.95
1361,26788,2026-07-11,Changed mind,642.36
1362,26790,2026-07-24,Defective/damaged,558.24
1363,26847,2025-02-10,Wrong size/fit,107.46
1364,26858,2025-09-14,Not as described,170.93
1365,26864,2026-01-26,Not as described,102.72
1366,26865,2026-02-01,Defective/damaged,434.36
1367,26871,2026-06-14,Not as described,668.79
1368,26892,2025-01-29,Defective/damaged,167.9
1369,26894,2025-02-25,Defective/damaged,17.97
1370,26898,2025-03-22,Not as described,56.62
1371,26905,2025-06-15,Not as described,105.59
1372,26907,2025-07-10,Changed mind,734.48
1373,26939,2026-07-06,Not as described,24.49
1374,26952,2023-06-26,Wrong size/fit,16.57
1375,26953,2023-06-26,Not as described,171.21
1376,26960,2023-10-12,Changed mind,71.82
1377,26962,2023-11-01,Not as described,53.16
1378,27002,2025-12-11,Changed mind,129.75
1379,27006,2026-01-20,Defective/damaged,494.96
1380,27045,2024-09-24,Wrong size/fit,20.12
1381,27050,2025-01-01,Not as described,18.31
1382,27051,2025-01-06,Wrong size/fit,116.13
1383,27090,2024-09-05,Defective/damaged,40.09
1384,27195,2026-03-10,Not as described,25.42
1385,27223,2024-08-08,Changed mind,272.52
1386,27254,2026-05-04,Not as described,685.04
1387,27275,2025-01-21,Defective/damaged,727.0
1388,27289,2024-07-20,Changed mind,106.33
1389,27313,2024-10-12,Defective/damaged,181.09
1390,27364,2024-12-28,Not as described,57.73
1391,27386,2025-11-24,Defective/damaged,44.09
1392,27402,2025-05-21,Changed mind,53.97
1393,27410,2025-07-12,Not as described,18.95
1394,27412,2025-07-09,Not as described,119.12
1395,27414,2025-08-06,Changed mind,530.1
1396,27422,2025-10-19,Wrong size/fit,58.69
1397,27429,2026-01-02,Wrong size/fit,98.62
1398,27473,2023-06-15,Defective/damaged,434.23
1399,27475,2023-09-27,Changed mind,51.81
1400,27483,2024-01-25,Not as described,647.09
1401,27500,2025-05-07,Defective/damaged,90.3
1402,27504,2025-12-08,Wrong size/fit,41.28
1403,27587,2025-03-26,Not as described,653.31
1404,27638,2025-06-19,Defective/damaged,220.74
1405,27658,2025-12-06,Not as described,66.39
1406,27668,2026-05-06,Changed mind,57.73
1407,27696,2025-11-07,Not as described,33.14
1408,27711,2023-05-03,Not as described,203.12
1409,27733,2023-02-01,Wrong size/fit,143.49
1410,27758,2023-11-01,Wrong size/fit,123.22
1411,27783,2024-08-30,Defective/damaged,179.76
1412,27795,2025-02-15,Changed mind,24.96
1413,27800,2025-04-03,Defective/damaged,233.74
1414,27827,2023-12-21,Not as described,68.57
1415,27830,2024-01-15,Changed mind,152.09
1416,27864,2025-04-12,Not as described,157.0
1417,27871,2025-05-25,Not as described,212.13
1418,27878,2025-07-18,Changed mind,37.04
1419,27901,2026-01-31,Defective/damaged,261.62
1420,27964,2024-09-22,Not as described,200.15
1421,27976,2024-12-22,Not as described,13.1
1422,27995,2025-09-09,Defective/damaged,95.31
1423,28015,2024-05-16,Wrong size/fit,70.88
1424,28083,2025-11-25,Not as described,109.16
1425,28114,2024-01-04,Defective/damaged,66.14
1426,28125,2025-02-22,Wrong size/fit,143.53
1427,28127,2025-07-11,Wrong size/fit,221.48
1428,28175,2024-12-21,Defective/damaged,40.41
1429,28177,2025-01-23,Not as described,288.39
1430,28184,2026-05-17,Defective/damaged,541.68
1431,28197,2026-07-06,Changed mind,109.18
1432,28319,2026-04-14,Wrong size/fit,76.22
1433,28346,2024-12-29,Changed mind,190.41
1434,28357,2026-01-02,Changed mind,16.64
1435,28364,2026-06-15,Not as described,98.6
1436,28366,2026-07-28,Wrong size/fit,129.28
1437,28375,2026-08-16,Not as described,799.38
1438,28422,2025-07-16,Not as described,1314.84
1439,28456,2024-11-19,Wrong size/fit,69.4
1440,28481,2023-07-17,Wrong size/fit,17.99
1441,28506,2025-05-27,Changed mind,880.94
1442,28531,2026-08-26,Defective/damaged,437.84
1443,28553,2024-06-22,Changed mind,272.96
1444,28554,2024-06-19,Wrong size/fit,166.97
1445,28563,2024-08-15,Defective/damaged,235.5
1446,28569,2023-05-07,Defective/damaged,20.62
1447,28589,2023-12-27,Not as described,537.47
1448,28593,2024-04-19,Not as described,193.24
1449,28628,2024-02-26,Changed mind,418.57
1450,28655,2023-11-16,Not as described,34.94
1451,28686,2026-03-22,Not as described,518.82
1452,28709,2026-06-19,Changed mind,21.07
1453,28769,2024-11-26,Wrong size/fit,185.0
1454,28786,2023-04-29,Not as described,55.57
1455,28791,2023-06-14,Wrong size/fit,68.95
1456,28856,2025-12-28,Changed mind,620.64
1457,28895,2024-04-29,Not as described,303.59
1458,28905,2024-09-15,Not as described,47.97
1459,28924,2025-05-18,Defective/damaged,57.89
1460,28957,2026-01-21,Defective/damaged,41.77
1461,28986,2026-01-01,Changed mind,284.67
1462,29031,2025-01-09,Not as described,151.75
1463,29062,2025-12-08,Not as described,135.03
1464,29068,2023-05-16,Wrong size/fit,73.17
1465,29076,2023-11-28,Not as described,112.64
1466,29078,2024-01-07,Wrong size/fit,90.94
1467,29082,2024-01-08,Changed mind,47.68
1468,29093,2024-04-04,Not as described,54.65
1469,29130,2025-06-08,Not as described,71.34
1470,29134,2025-09-28,Changed mind,73.02
1471,29151,2026-01-31,Not as described,105.59
1472,29186,2025-02-11,Changed mind,28.2
1473,29194,2026-05-02,Changed mind,195.81
1474,29208,2023-11-07,Defective/damaged,15.77
1475,29224,2025-08-19,Changed mind,223.03
1476,29245,2026-07-20,Defective/damaged,657.42
1477,29257,2026-09-11,Defective/damaged,136.78
1478,29266,2025-05-20,Not as described,589.63
1479,29304,2023-03-11,Not as described,653.31
1480,29305,2023-09-04,Defective/damaged,16.49
1481,29306,2023-09-21,Defective/damaged,179.34
1482,29317,2024-05-08,Changed mind,30.26
1483,29344,2023-11-06,Changed mind,524.46
1484,29365,2024-05-02,Not as described,272.52
1485,29383,2024-01-18,Defective/damaged,183.24
1486,29397,2023-10-29,Changed mind,51.78
1487,29418,2024-07-30,Defective/damaged,34.1
1488,29462,2026-06-15,Wrong size/fit,126.53
1489,29607,2025-06-06,Not as described,38.54
1490,29631,2025-12-08,Changed mind,181.56
1491,29634,2025-12-13,Wrong size/fit,144.63
1492,29661,2025-06-18,Not as described,70.18
1493,29682,2026-03-13,Defective/damaged,248.41
1494,29708,2025-11-05,Changed mind,92.77
1495,29710,2025-11-19,Changed mind,430.59
1496,29724,2026-07-11,Not as described,311.94
1497,29725,2026-07-21,Changed mind,187.35
1498,29733,2024-12-03,Changed mind,200.18
1499,29739,2025-03-08,Defective/damaged,2395.05
1500,29740,2025-03-23,Not as described,76.38
1501,29746,2025-06-12,Changed mind,12.59
1502,29766,2026-07-04,Not as described,95.1
1503,29815,2026-07-09,Changed mind,47.22
1504,29829,2024-11-27,Changed mind,92.98
1505,29833,2025-08-15,Not as described,63.64
1506,29858,2025-11-02,Not as described,163.57
1507,29869,2024-09-01,Not as described,91.16
1508,29889,2025-06-01,Wrong size/fit,104.32
1509,29923,2026-09-01,Changed mind,252.62
1510,29946,2025-10-30,Changed mind,653.31
1511,29956,2025-01-25,Changed mind,15.69
1512,29977,2026-03-28,Not as described,312.96
1513,29979,2026-04-20,Not as described,197.88
1514,30051,2026-04-27,Wrong size/fit,239.86
1515,30053,2026-02-14,Changed mind,744.99
1516,30061,2026-05-07,Not as described,447.38
1517,30066,2026-05-20,Not as described,202.87
1518,30069,2026-06-30,Defective/damaged,38.0
1519,30070,2026-06-26,Defective/damaged,213.96
1520,30075,2023-05-23,Changed mind,310.56
1521,30078,2023-07-24,Changed mind,47.0
1522,30079,2023-08-06,Changed mind,62.56
1523,30094,2023-08-17,Not as described,241.81
1524,30133,2025-12-25,Not as described,534.2
1525,30136,2026-01-25,Changed mind,212.1
1526,30142,2026-05-13,Defective/damaged,327.75
1527,30164,2024-04-20,Defective/damaged,214.0
1528,30183,2025-06-21,Defective/damaged,703.77
1529,30195,2026-06-24,Wrong size/fit,55.01
1530,30196,2026-06-25,Defective/damaged,220.97
1531,30201,2023-11-13,Changed mind,138.46
1532,30204,2023-11-26,Not as described,51.73
1533,30214,2026-06-20,Not as described,182.1
1534,30229,2024-06-11,Changed mind,215.46
1535,30308,2024-02-24,Wrong size/fit,73.68
1536,30344,2026-04-20,Changed mind,515.58
1537,30362,2025-05-01,Changed mind,64.49
1538,30476,2025-03-16,Defective/damaged,166.42
1539,30479,2025-05-11,Not as described,605.16
1540,30499,2025-06-11,Not as described,126.0
1541,30528,2023-08-04,Changed mind,35.08
1542,30581,2025-05-08,Changed mind,278.23
1543,30609,2024-11-18,Changed mind,945.1
1544,30674,2024-08-19,Not as described,141.91
1545,30699,2025-06-03,Not as described,30.56
1546,30711,2024-01-20,Changed mind,101.65
1547,30744,2025-02-28,Wrong size/fit,84.57
1548,30880,2026-05-10,Changed mind,42.55
1549,30894,2026-07-30,Not as described,727.0
1550,30926,2024-02-14,Not as described,68.57
1551,30950,2024-10-03,Not as described,2181.0
1552,30959,2026-01-01,Defective/damaged,138.8
1553,30967,2026-04-24,Not as described,44.09
1554,30987,2024-06-24,Defective/damaged,18.95
1555,30995,2024-08-18,Changed mind,53.69
1556,31005,2024-09-19,Defective/damaged,620.64
1557,31009,2024-09-30,Changed mind,314.04
1558,31047,2023-08-13,Defective/damaged,657.42
1559,31051,2023-08-13,Defective/damaged,211.18
1560,31061,2023-09-23,Defective/damaged,568.38
1561,31084,2024-02-04,Changed mind,380.8
1562,31105,2024-12-15,Not as described,110.06
1563,31106,2024-12-14,Changed mind,690.24
1564,31129,2025-08-07,Changed mind,177.36
1565,31136,2026-05-24,Changed mind,96.57
1566,31139,2024-08-19,Not as described,234.94
1567,31153,2026-03-17,Not as described,276.33
1568,31219,2025-12-27,Wrong size/fit,127.18
1569,31234,2025-03-06,Defective/damaged,118.87
1570,31248,2025-04-13,Not as described,102.64
1571,31276,2024-05-06,Defective/damaged,140.75
1572,31283,2025-02-24,Defective/damaged,474.33
1573,31320,2025-02-02,Changed mind,35.74
1574,31327,2025-10-23,Defective/damaged,549.72
1575,31330,2026-03-17,Not as described,130.61
1576,31351,2025-11-29,Not as described,179.76
1577,31353,2025-11-30,Not as described,490.18
1578,31374,2024-05-19,Changed mind,119.51
1579,31395,2025-02-25,Changed mind,171.76
1580,31398,2025-04-12,Defective/damaged,164.53
1581,31419,2024-06-15,Defective/damaged,680.34
1582,31421,2023-04-02,Wrong size/fit,103.72
1583,31450,2025-01-24,Defective/damaged,56.0
1584,31452,2025-07-03,Defective/damaged,68.96
1585,31459,2025-07-26,Wrong size/fit,31.28
1586,31463,2025-09-12,Wrong size/fit,78.43
1587,31468,2025-10-20,Wrong size/fit,35.55
1588,31485,2024-08-19,Wrong size/fit,52.59
1589,31494,2024-12-06,Changed mind,90.11
1590,31500,2025-03-31,Wrong size/fit,41.28
1591,31503,2025-04-25,Not as described,32.23
1592,31535,2025-10-15,Not as described,71.53
1593,31552,2024-04-04,Not as described,183.24
1594,31576,2025-05-25,Changed mind,24.49
1595,31624,2024-11-27,Defective/damaged,183.24
1596,31644,2026-03-31,Changed mind,23.01
1597,31671,2023-11-18,Changed mind,34.48
1598,31675,2024-03-24,Changed mind,320.3
1599,31687,2025-08-05,Changed mind,1130.76
1600,31718,2024-02-03,Wrong size/fit,101.65
1601,31722,2024-09-13,Not as described,34.52
1602,31723,2025-11-22,Defective/damaged,15.8
1603,31746,2026-02-22,Defective/damaged,106.33
1604,31798,2025-12-09,Wrong size/fit,17.99
1605,31804,2026-03-29,Changed mind,49.31
1606,31806,2026-03-22,Wrong size/fit,89.88
1607,31812,2026-04-28,Wrong size/fit,62.71
1608,31862,2025-09-27,Wrong size/fit,352.76
1609,31872,2025-12-03,Not as described,339.04
1610,31876,2024-04-14,Defective/damaged,30.54
1611,31889,2025-05-29,Defective/damaged,29.38
1612,31897,2026-07-24,Wrong size/fit,13.1
1613,31905,2024-09-29,Wrong size/fit,160.13
1614,31924,2024-02-13,Defective/damaged,9.26
1615,31933,2024-07-09,Changed mind,342.44
1616,32017,2025-06-15,Defective/damaged,10.18
1617,32025,2025-11-23,Defective/damaged,27.26
1618,32038,2025-04-17,Changed mind,111.84
1619,32044,2025-09-05,Defective/damaged,315.78
1620,32053,2023-09-19,Not as described,56.09
1621,32069,2023-04-11,Changed mind,103.44
1622,32079,2023-11-17,Defective/damaged,57.85
1623,32088,2024-05-02,Defective/damaged,798.35
1624,32091,2024-06-05,Not as described,489.84
1625,32114,2025-11-27,Changed mind,95.14
1626,32117,2026-09-06,Defective/damaged,29.27
1627,32118,2026-08-29,Defective/damaged,30.93
1628,32123,2024-11-25,Not as described,121.24
1629,32139,2025-06-10,Wrong size/fit,24.22
1630,32172,2026-02-18,Not as described,250.2
1631,32198,2026-03-31,Changed mind,340.66
1632,32215,2026-05-21,Changed mind,207.37
1633,32253,2023-12-31,Changed mind,82.01
1634,32307,2024-09-20,Defective/damaged,277.6
1635,32320,2025-04-23,Defective/damaged,379.56
1636,32346,2025-06-08,Not as described,217.71
1637,32368,2024-02-11,Defective/damaged,90.3
1638,32432,2026-08-12,Wrong size/fit,147.3
1639,32456,2024-04-29,Changed mind,79.07
1640,32460,2024-11-15,Changed mind,213.64
1641,32543,2025-10-20,Not as described,47.14
1642,32560,2025-03-03,Changed mind,372.32
1643,32587,2026-03-03,Wrong size/fit,136.48
1644,32602,2026-09-05,Changed mind,230.08
1645,32612,2025-07-01,Changed mind,129.15
1646,32626,2026-08-06,Wrong size/fit,101.19
1647,32645,2025-07-13,Defective/damaged,30.93
1648,32714,2024-08-27,Changed mind,155.97
1649,32731,2026-04-09,Not as described,657.42
1650,32737,2026-07-24,Changed mind,115.44
1651,32797,2024-11-07,Wrong size/fit,100.52
1652,32819,2024-06-04,Defective/damaged,95.07
1653,32857,2025-02-15,Wrong size/fit,224.61
1654,32879,2026-04-23,Not as described,19.6
1655,32883,2023-12-08,Not as described,105.43
1656,32885,2025-01-01,Changed mind,78.5
1657,32937,2024-03-14,Changed mind,463.4
1658,32978,2026-06-11,Not as described,146.59
1659,32995,2026-03-06,Defective/damaged,79.55
1660,33016,2023-04-04,Changed mind,112.64
1661,33054,2024-09-12,Defective/damaged,74.04
1662,33056,2024-09-26,Changed mind,37.13
1663,33072,2025-01-31,Changed mind,32.35
1664,33083,2025-10-27,Not as described,292.86
1665,33088,2026-05-09,Changed mind,41.63
1666,33126,2026-06-28,Not as described,21.47
1667,33134,2023-03-18,Defective/damaged,48.13
1668,33179,2023-12-06,Changed mind,876.32
1669,33201,2023-09-02,Defective/damaged,141.16
1670,33226,2024-03-26,Defective/damaged,215.04
1671,33247,2026-04-05,Wrong size/fit,100.25
1672,33267,2026-07-01,Changed mind,33.8
1673,33288,2026-03-29,Wrong size/fit,20.89
1674,33330,2024-12-11,Defective/damaged,66.12
1675,33337,2025-07-22,Defective/damaged,301.89
1676,33376,2025-03-06,Changed mind,71.87
1677,33377,2025-07-13,Not as described,138.21
1678,33394,2025-11-28,Not as described,799.38
1679,33416,2024-12-29,Wrong size/fit,61.77
1680,33436,2025-11-22,Wrong size/fit,27.89
1681,33471,2024-06-02,Not as described,60.83
1682,33494,2025-03-08,Wrong size/fit,78.43
1683,33514,2024-03-23,Not as described,10.44
1684,33519,2024-06-27,Not as described,657.42
1685,33525,2024-09-28,Defective/damaged,570.87
1686,33527,2024-09-27,Not as described,119.11
1687,33534,2025-01-01,Changed mind,258.89
1688,33541,2025-03-02,Not as described,587.98
1689,33569,2025-08-18,Wrong size/fit,72.94
1690,33571,2025-11-08,Wrong size/fit,107.01
1691,33635,2025-10-21,Not as described,105.48
1692,33638,2026-01-15,Defective/damaged,583.55
1693,33647,2023-10-24,Changed mind,76.12
1694,33654,2024-01-16,Not as described,26.46
1695,33670,2024-08-04,Changed mind,33.14
1696,33685,2024-01-29,Wrong size/fit,155.97
1697,33701,2025-01-28,Changed mind,71.82
1698,33709,2025-03-04,Changed mind,111.03
1699,33726,2026-01-18,Changed mind,875.07
1700,33754,2024-12-08,Changed mind,299.18
1701,33875,2024-12-01,Not as described,105.23
1702,33880,2023-02-21,Changed mind,204.15
1703,33900,2025-02-10,Changed mind,224.85
1704,33903,2025-07-18,Changed mind,36.59
1705,33911,2023-05-02,Not as described,52.96
1706,33927,2024-01-30,Changed mind,22.41
1707,33932,2024-07-02,Defective/damaged,315.31
1708,33946,2025-09-30,Defective/damaged,340.66
1709,33968,2023-02-23,Not as described,106.0
1710,33981,2026-01-13,Defective/damaged,8.14
1711,33988,2024-06-13,Wrong size/fit,176.38
1712,34015,2026-03-26,Defective/damaged,19.8
1713,34024,2026-06-25,Defective/damaged,657.42
1714,34060,2025-06-20,Not as described,15.69
1715,34096,2023-11-26,Wrong size/fit,12.44
1716,34122,2025-09-09,Changed mind,7.75
1717,34190,2023-08-02,Not as described,40.46
1718,34202,2026-02-14,Wrong size/fit,40.19
1719,34218,2023-06-01,Wrong size/fit,76.22
1720,34224,2023-10-02,Wrong size/fit,73.48
1721,34232,2024-04-27,Wrong size/fit,86.73
1722,34233,2025-03-04,Not as described,64.97
1723,34236,2025-09-19,Wrong size/fit,562.05
1724,34277,2023-12-21,Not as described,306.67
1725,34278,2023-12-14,Defective/damaged,394.72
1726,34307,2024-09-24,Wrong size/fit,133.37
1727,34312,2024-02-02,Wrong size/fit,74.28
1728,34341,2024-04-26,Changed mind,89.88
1729,34377,2025-09-02,Not as described,384.27
1730,34397,2026-02-23,Changed mind,49.44
1731,34430,2026-04-29,Defective/damaged,22.78
1732,34452,2023-12-06,Not as described,69.23
1733,34457,2023-09-17,Changed mind,642.36
1734,34482,2025-04-17,Not as described,102.64
1735,34519,2025-04-28,Not as described,138.8
1736,34536,2025-05-28,Wrong size/fit,160.13
1737,34576,2026-03-17,Changed mind,145.66
1738,34579,2026-04-11,Wrong size/fit,342.42
1739,34580,2026-04-03,Wrong size/fit,98.02
1740,34652,2023-10-31,Changed mind,74.42
1741,34668,2026-06-03,Changed mind,137.64
1742,34681,2023-01-17,Changed mind,18.57
1743,34687,2023-06-26,Not as described,150.72
1744,34689,2023-08-12,Changed mind,75.65
1745,34690,2023-08-03,Changed mind,614.11
1746,34716,2026-08-14,Wrong size/fit,90.7
1747,34745,2024-11-05,Wrong size/fit,102.47
1748,34763,2023-09-11,Changed mind,171.84
1749,34771,2026-04-22,Changed mind,68.07
1750,34784,2025-05-10,Changed mind,98.88
1751,34785,2025-05-03,Defective/damaged,279.12
1752,34793,2023-03-17,Changed mind,392.41
1753,34794,2023-03-20,Defective/damaged,82.17
1754,34802,2024-03-19,Wrong size/fit,42.61
1755,34820,2025-10-22,Changed mind,226.05
1756,34851,2025-10-28,Changed mind,329.58
1757,34852,2025-10-30,Changed mind,107.46
1758,34857,2026-01-10,Changed mind,30.82
1759,34877,2025-11-09,Wrong size/fit,333.86
1760,34890,2026-06-05,Changed mind,402.46
1761,34898,2023-11-01,Wrong size/fit,140.37
1762,34907,2024-07-10,Defective/damaged,393.68
1763,34941,2025-09-15,Wrong size/fit,76.31
1764,34942,2025-11-13,Not as described,173.36
1765,34981,2024-03-24,Wrong size/fit,127.18
1766,34984,2024-07-21,Changed mind,120.07
1767,34987,2024-07-21,Changed mind,296.01
1768,34989,2024-08-07,Wrong size/fit,176.38
1769,34991,2024-09-01,Wrong size/fit,87.42
1770,34997,2024-11-28,Changed mind,136.48
1771,34998,2024-12-04,Wrong size/fit,98.02
1772,35067,2026-04-09,Wrong size/fit,109.26
1773,35075,2026-08-03,Changed mind,33.07
1774,35091,2025-03-27,Not as described,75.19
1775,35093,2025-04-18,Not as described,133.41
1776,35106,2023-07-20,Changed mind,186.8
1777,35112,2024-01-14,Changed mind,38.63
1778,35113,2024-02-08,Changed mind,51.02
1779,35132,2025-03-12,Defective/damaged,51.78
1780,35143,2025-05-07,Not as described,188.86
1781,35146,2025-07-19,Changed mind,20.17
1782,35149,2025-09-13,Wrong size/fit,112.64
1783,35177,2025-08-16,Wrong size/fit,70.91
1784,35183,2026-01-03,Not as described,442.26
1785,35192,2026-06-30,Wrong size/fit,112.64
1786,35207,2026-06-25,Changed mind,356.61
1787,35242,2025-07-20,Changed mind,369.86
1788,35278,2023-05-06,Changed mind,40.89
1789,35300,2023-12-28,Not as described,411.3
1790,35348,2025-08-27,Changed mind,1532.83
1791,35365,2026-03-31,Wrong size/fit,234.59
1792,35369,2026-07-14,Not as described,16.1
1793,35386,2026-02-14,Not as described,92.82
1794,35402,2026-08-19,Changed mind,18.57
1795,35426,2023-03-02,Changed mind,82.01
1796,35431,2023-05-03,Changed mind,216.27
1797,35441,2023-10-20,Changed mind,45.08
1798,35495,2026-08-04,Not as described,1314.84
1799,35518,2026-09-08,Wrong size/fit,47.74
1800,35519,2026-09-09,Wrong size/fit,37.56
1801,35521,2025-04-23,Not as described,13.1
1802,35533,2025-09-26,Not as described,162.08
1803,35570,2026-08-23,Defective/damaged,657.42
1804,35581,2023-09-12,Changed mind,112.64
1805,35583,2023-12-01,Defective/damaged,251.37
1806,35587,2023-10-29,Not as described,322.24
1807,35608,2026-05-08,Not as described,92.5
1808,35635,2026-02-14,Not as described,332.44
1809,35665,2024-02-01,Changed mind,47.03
1810,35695,2024-10-31,Changed mind,166.97
1811,35706,2025-05-28,Defective/damaged,12.02
1812,35720,2023-11-24,Changed mind,57.71
1813,35722,2023-11-19,Wrong size/fit,106.56
1814,35739,2024-10-19,Not as described,98.02
1815,35754,2023-10-13,Changed mind,642.36
1816,35773,2024-06-30,Not as described,55.57
1817,35797,2025-09-17,Changed mind,45.0
1818,35806,2026-02-02,Not as described,83.38
1819,35810,2026-09-05,Changed mind,54.22
1820,35826,2025-08-01,Changed mind,166.81
1821,35836,2025-11-03,Changed mind,250.2
1822,35846,2026-01-29,Defective/damaged,392.61
1823,35876,2025-11-01,Wrong size/fit,123.84
1824,35879,2025-12-05,Wrong size/fit,53.87
1825,35977,2025-07-10,Not as described,105.59
1826,35979,2025-07-01,Not as described,979.89
1827,35990,2026-01-09,Not as described,1094.48
1828,36009,2025-07-06,Changed mind,31.54
1829,36043,2026-07-27,Wrong size/fit,126.91
1830,36044,2024-11-18,Wrong size/fit,61.75
1831,36141,2023-07-01,Not as described,89.18
1832,36142,2023-07-12,Not as described,64.68
1833,36151,2024-02-23,Wrong size/fit,78.26
1834,36177,2026-08-04,Defective/damaged,627.68
1835,36185,2026-01-12,Changed mind,441.86
1836,36209,2026-07-27,Not as described,230.08
1837,36232,2026-04-07,Not as described,155.97
1838,36255,2024-07-19,Changed mind,290.52
1839,36261,2024-10-23,Changed mind,70.18
1840,36273,2026-02-10,Defective/damaged,207.27
1841,36282,2026-07-05,Changed mind,50.53
1842,36291,2023-06-11,Changed mind,423.44
1843,36308,2024-02-27,Changed mind,229.64
1844,36325,2024-07-26,Defective/damaged,801.9
1845,36338,2025-12-04,Changed mind,517.9
1846,36345,2023-03-22,Defective/damaged,14.6
1847,36417,2025-11-25,Not as described,82.86
1848,36425,2026-05-29,Changed mind,173.96
1849,36459,2025-06-02,Wrong size/fit,50.57
1850,36471,2025-09-03,Changed mind,45.85
1851,36483,2024-03-02,Changed mind,32.35
1852,36566,2026-02-02,Wrong size/fit,76.58
1853,36579,2026-04-02,Changed mind,172.46
1854,36580,2026-04-05,Changed mind,61.84
1855,36694,2023-08-23,Wrong size/fit,67.37
1856,36749,2024-12-24,Changed mind,727.0
1857,36757,2025-03-06,Changed mind,98.88
1858,36779,2024-09-01,Not as described,558.41
1859,36784,2023-09-26,Changed mind,57.7
1860,36791,2023-04-11,Defective/damaged,484.22
1861,36793,2023-11-09,Changed mind,60.33
1862,36812,2023-10-21,Not as described,77.44
1863,36828,2024-02-13,Defective/damaged,314.04
1864,36837,2023-04-23,Defective/damaged,653.31
1865,36859,2026-03-18,Defective/damaged,533.65
1866,36903,2025-01-27,Changed mind,110.55
1867,36916,2025-06-02,Changed mind,360.85
1868,36951,2026-07-08,Changed mind,1226.0
1869,36982,2024-04-19,Changed mind,178.93
1870,36991,2025-01-29,Changed mind,209.46
1871,37021,2026-04-01,Changed mind,87.41
1872,37022,2026-07-26,Changed mind,78.17
1873,37026,2024-05-20,Changed mind,26.6
1874,37029,2023-05-10,Changed mind,335.1
1875,37094,2026-01-30,Wrong size/fit,50.28
1876,37117,2025-01-25,Not as described,65.09
1877,37132,2025-10-30,Wrong size/fit,151.8
1878,37150,2026-01-10,Changed mind,10.95
1879,37168,2024-06-23,Changed mind,72.63
1880,37177,2024-11-13,Defective/damaged,50.23
1881,37194,2025-08-05,Defective/damaged,56.09
1882,37213,2024-11-02,Not as described,115.46
1883,37263,2024-06-05,Wrong size/fit,76.22
1884,37266,2025-04-29,Changed mind,566.32
1885,37286,2023-07-31,Changed mind,76.12
1886,37302,2024-02-03,Changed mind,44.63
1887,37333,2025-04-11,Defective/damaged,218.02
1888,37347,2023-12-23,Changed mind,67.43
1889,37405,2024-06-26,Wrong size/fit,166.97
1890,37447,2023-10-24,Wrong size/fit,58.74
1891,37450,2023-11-01,Changed mind,13.1
1892,37462,2024-02-11,Wrong size/fit,48.28
1893,37482,2024-11-27,Wrong size/fit,78.19
1894,37488,2025-02-09,Wrong size/fit,41.75
1895,37490,2025-02-02,Changed mind,84.59
1896,37495,2025-05-28,Changed mind,111.14
1897,37509,2023-07-01,Wrong size/fit,64.14
1898,37519,2023-12-08,Changed mind,26.8
1899,37540,2024-10-07,Changed mind,123.52
1900,37555,2025-02-05,Changed mind,114.82
1901,37559,2023-06-15,Defective/damaged,24.81
1902,37618,2024-09-11,Changed mind,41.98
1903,37621,2024-11-17,Not as described,316.77
1904,37626,2025-05-14,Changed mind,66.49
1905,37628,2025-07-15,Changed mind,25.85
1906,37658,2023-04-15,Changed mind,324.31
1907,37693,2023-05-10,Changed mind,274.18
1908,37708,2023-09-13,Defective/damaged,146.78
1909,37718,2026-02-21,Defective/damaged,399.69
1910,37734,2025-11-10,Changed mind,50.03
1911,37743,2024-07-15,Changed mind,49.63
1912,37753,2023-12-16,Changed mind,130.87
1913,37759,2026-03-21,Wrong size/fit,98.2
1914,37765,2026-04-07,Wrong size/fit,52.09
1915,37785,2026-08-29,Defective/damaged,464.44
1916,37787,2025-04-15,Not as described,89.75
1917,37831,2025-01-09,Wrong size/fit,146.35
1918,37833,2025-02-03,Changed mind,74.26
1919,37835,2025-03-03,Changed mind,71.84
1920,37852,2026-02-26,Wrong size/fit,179.86
1921,37857,2026-07-20,Wrong size/fit,143.53
1922,37863,2024-01-13,Wrong size/fit,76.1
1923,37893,2025-10-03,Wrong size/fit,138.46
1924,37922,2024-07-24,Wrong size/fit,78.19
1925,37934,2025-11-19,Wrong size/fit,89.88
1926,37964,2024-05-09,Changed mind,50.57
1927,37995,2025-02-20,Not as described,486.96
1928,38016,2025-12-30,Changed mind,50.61
1929,38027,2026-04-05,Changed mind,17.43
1930,38028,2026-04-02,Not as described,53.11
1931,38032,2026-04-23,Wrong size/fit,90.42
1932,38039,2026-07-19,Changed mind,138.38
1933,38046,2024-03-29,Defective/damaged,185.51
1934,38048,2024-07-11,Changed mind,199.88
1935,38060,2024-04-24,Changed mind,139.66
1936,38068,2024-07-10,Not as described,90.94
1937,38086,2025-01-29,Changed mind,23.23
1938,38089,2025-03-24,Changed mind,69.61
1939,38091,2025-03-26,Not as described,128.36
1940,38094,2025-05-06,Changed mind,136.97
1941,38105,2025-09-20,Wrong size/fit,153.44
1942,38107,2025-10-21,Changed mind,231.47
1943,38116,2026-03-15,Wrong size/fit,76.58
1944,38136,2026-01-13,Wrong size/fit,16.01
1945,38149,2024-08-01,Changed mind,642.36
1946,38210,2023-05-03,Wrong size/fit,58.79
1947,38252,2025-11-07,Defective/damaged,46.97
1948,38254,2025-11-13,Changed mind,72.74
1949,38267,2024-06-30,Not as described,45.25
1950,38330,2024-11-03,Not as described,100.45
1951,38381,2025-09-11,Changed mind,566.12
1952,38411,2023-11-30,Not as described,138.8
1953,38423,2024-04-24,Changed mind,36.19
1954,38447,2025-03-26,Not as described,197.19
1955,38472,2025-06-04,Changed mind,587.98
1956,38492,2024-01-08,Wrong size/fit,155.28
1957,38493,2024-01-11,Changed mind,302.58
1958,38517,2024-11-24,Changed mind,176.38
1959,38531,2024-01-17,Changed mind,487.66
1960,38568,2024-09-09,Wrong size/fit,25.42
1961,38577,2024-12-26,Changed mind,834.69
1962,38639,2023-11-22,Defective/damaged,414.17
1963,38642,2024-01-14,Wrong size/fit,67.07
1964,38684,2025-04-21,Not as described,24.81
1965,38691,2025-07-13,Defective/damaged,79.68
1966,38702,2026-01-01,Changed mind,11.98
1967,38727,2024-06-28,Changed mind,199.88
1968,38739,2023-11-19,Not as described,26.44
1969,38756,2026-05-13,Changed mind,96.8
1970,38781,2024-08-18,Defective/damaged,555.31
1971,38783,2024-09-04,Defective/damaged,26.0
1972,38788,2024-12-07,Not as described,128.77
1973,38820,2025-01-23,Not as described,21.47
1974,38836,2024-11-19,Defective/damaged,222.05
1975,38859,2025-05-26,Changed mind,193.88
1976,38937,2026-03-06,Changed mind,93.52
1977,38961,2023-08-18,Not as described,52.13
1978,39034,2023-12-14,Changed mind,90.94
1979,39037,2024-01-27,Wrong size/fit,143.53
1980,39052,2024-05-20,Changed mind,17.71
1981,39059,2024-08-20,Not as described,98.02
1982,39066,2025-01-02,Changed mind,303.6
1983,39070,2025-03-06,Not as described,97.93
1984,39100,2025-01-15,Not as described,94.17
1985,39118,2024-12-24,Changed mind,146.5
1986,39128,2025-08-14,Not as described,181.89
1987,39190,2025-03-23,Changed mind,78.5
1988,39192,2025-04-15,Defective/damaged,657.42
1989,39254,2024-02-22,Changed mind,254.75
1990,39261,2024-07-17,Wrong size/fit,242.48
1991,39370,2025-06-09,Not as described,79.21
1992,39371,2025-06-28,Changed mind,46.82
1993,39395,2024-06-02,Wrong size/fit,172.18
1994,39419,2024-02-13,Not as described,216.03
1995,39426,2024-06-03,Not as described,35.55
1996,39452,2024-09-24,Wrong size/fit,94.75
1997,39469,2025-07-01,Not as described,26.93
1998,39504,2026-07-05,Changed mind,22.55
1999,39506,2026-08-15,Wrong size/fit,157.68
2000,39513,2024-09-05,Not as described,314.04
2001,39535,2025-05-25,Defective/damaged,64.49
2002,39538,2025-10-10,Changed mind,210.66
2003,39545,2025-12-29,Defective/damaged,83.84
2004,39563,2026-09-13,Wrong size/fit,62.71
2005,39591,2024-08-27,Not as described,178.44
2006,39593,2024-08-31,Not as described,76.22
2007,39595,2024-09-03,Not as described,109.86
2008,39600,2024-12-12,Defective/damaged,399.42
2009,39657,2026-08-29,Wrong size/fit,114.65
2010,39685,2024-02-24,Wrong size/fit,311.94
2011,39689,2024-04-10,Changed mind,303.6
2012,39690,2024-04-03,Changed mind,27.26
2013,39699,2024-08-13,Wrong size/fit,225.28
2014,39710,2024-12-13,Changed mind,40.04
2015,39723,2024-01-29,Changed mind,127.18
2016,39763,2023-06-13,Changed mind,242.34
2017,39817,2025-12-06,Wrong size/fit,382.86
2018,39859,2024-01-21,Wrong size/fit,176.38
2019,39861,2024-02-18,Changed mind,176.38
2020,39877,2025-04-08,Not as described,68.57
2021,39908,2026-03-09,Defective/damaged,4.93
2022,39934,2026-04-12,Changed mind,129.05
2023,39935,2026-06-12,Defective/damaged,100.59
2024,39947,2025-03-14,Defective/damaged,299.44
2025,39952,2025-03-31,Defective/damaged,1293.66
2026,39961,2023-02-06,Wrong size/fit,108.44
2027,39966,2023-02-18,Changed mind,96.85
2028,39969,2023-09-14,Wrong size/fit,127.62
2029,39996,2023-02-20,Defective/damaged,333.62
2030,40001,2023-04-07,Changed mind,2397.65
2031,40008,2023-08-28,Wrong size/fit,16.57
2032,40020,2024-02-08,Changed mind,194.29
2033,40035,2026-05-06,Changed mind,25.88
2034,40055,2024-04-22,Not as described,563.94
2035,40081,2026-08-30,Changed mind,138.12
2036,40084,2025-06-05,Changed mind,54.13
2037,40115,2026-05-03,Changed mind,40.24
2038,40130,2023-08-23,Wrong size/fit,78.17
2039,40152,2023-07-26,Changed mind,322.3
2040,40185,2024-07-25,Wrong size/fit,148.22
2041,40190,2024-11-06,Wrong size/fit,112.64
2042,40198,2024-12-20,Changed mind,62.92
2043,40220,2024-12-22,Not as described,132.47
2044,40222,2024-10-08,Defective/damaged,235.08
2045,40223,2024-10-08,Wrong size/fit,82.56
2046,40249,2024-11-13,Wrong size/fit,24.22
2047,40252,2024-11-29,Wrong size/fit,103.63
2048,40277,2024-07-15,Defective/damaged,774.4
2049,40278,2024-08-14,Changed mind,74.58
2050,40290,2025-05-07,Defective/damaged,727.0
2051,40297,2025-08-27,Changed mind,399.69
2052,40299,2025-09-09,Not as described,494.62
2053,40302,2025-09-27,Changed mind,82.77
2054,40333,2026-08-16,Defective/damaged,17.54
2055,40358,2025-07-14,Not as described,18.95
2056,40376,2024-09-16,Not as described,92.82
2057,40389,2025-04-03,Defective/damaged,485.39
2058,40398,2026-04-12,Changed mind,171.21
2059,40470,2024-08-16,Changed mind,174.2
2060,40528,2025-07-24,Changed mind,161.23
2061,40538,2025-09-18,Not as described,257.3
2062,40539,2025-09-24,Changed mind,456.43
2063,40556,2026-07-04,Changed mind,170.72
2064,40626,2026-06-16,Defective/damaged,192.76
2065,40650,2024-07-28,Defective/damaged,11.52
2066,40668,2026-03-31,Defective/damaged,161.81
2067,40679,2023-12-15,Changed mind,657.42
2068,40794,2026-01-17,Changed mind,126.29
2069,40816,2025-05-26,Changed mind,100.48
2070,40827,2025-12-14,Changed mind,1294.18
2071,40832,2026-02-24,Defective/damaged,509.58
2072,40848,2026-06-17,Changed mind,227.34
2073,40851,2024-03-17,Wrong size/fit,113.97
2074,40857,2024-07-05,Not as described,20.12
2075,40862,2024-09-10,Wrong size/fit,52.46
2076,40867,2024-11-04,Not as described,65.88
2077,40886,2026-02-18,Wrong size/fit,81.37
2078,40893,2026-06-03,Changed mind,54.25
2079,40894,2026-06-02,Changed mind,20.12
2080,40898,2024-09-02,Defective/damaged,31.67
2081,40907,2025-06-02,Not as described,246.49
2082,40908,2025-06-08,Changed mind,1293.66
2083,40917,2026-02-11,Changed mind,79.55
2084,40919,2026-04-07,Changed mind,21.47
2085,40937,2024-05-21,Not as described,862.44
2086,40962,2026-05-26,Changed mind,653.13
2087,40965,2026-06-13,Not as described,534.14
2088,40975,2025-08-23,Wrong size/fit,101.38
2089,41006,2024-11-03,Changed mind,47.78
2090,41027,2024-01-07,Wrong size/fit,181.88
2091,41058,2025-07-18,Changed mind,156.68
2092,41066,2024-06-14,Changed mind,74.44
2093,41106,2023-04-18,Changed mind,798.35
2094,41133,2025-06-12,Defective/damaged,81.87
2095,41144,2025-10-06,Not as described,35.01
2096,41149,2025-11-15,Not as described,252.63
2097,41163,2026-06-03,Defective/damaged,283.35
2098,41176,2026-09-10,Not as described,246.46
2099,41184,2025-10-05,Changed mind,1596.7
2100,41209,2024-06-14,Wrong size/fit,54.22
2101,41234,2024-03-05,Wrong size/fit,71.82
2102,41237,2024-03-30,Not as described,209.46
2103,41270,2023-11-28,Changed mind,42.89
2104,41280,2025-05-27,Changed mind,49.38
2105,41288,2025-05-22,Changed mind,47.25
2106,41289,2025-05-12,Not as described,24.1
2107,41298,2024-11-23,Changed mind,676.11
2108,41336,2026-03-31,Wrong size/fit,69.2
2109,41344,2026-04-13,Defective/damaged,169.76
2110,41404,2026-01-02,Wrong size/fit,225.28
2111,41479,2023-06-17,Not as described,106.33
2112,41523,2023-05-22,Wrong size/fit,142.7
2113,41548,2025-05-25,Defective/damaged,1959.93
2114,41562,2025-12-28,Not as described,399.69
2115,41566,2026-03-02,Changed mind,199.88
2116,41589,2026-07-17,Not as described,66.49
2117,41602,2023-11-08,Changed mind,400.95
2118,41653,2024-08-15,Defective/damaged,217.18
2119,41666,2024-01-31,Not as described,729.06
2120,41672,2024-03-21,Not as described,443.56
2121,41679,2024-05-06,Changed mind,209.48
2122,41687,2024-11-18,Changed mind,602.9
2123,41740,2024-07-19,Wrong size/fit,57.8
2124,41750,2024-12-04,Wrong size/fit,55.03
2125,41765,2025-05-08,Changed mind,70.11
2126,41846,2025-08-02,Defective/damaged,21.26
2127,41858,2025-12-13,Wrong size/fit,54.15
2128,41864,2025-07-02,Defective/damaged,76.12
2129,41915,2025-06-06,Defective/damaged,8.14
2130,41926,2025-12-17,Changed mind,62.33
2131,41947,2023-12-19,Changed mind,666.73
2132,41958,2024-08-12,Changed mind,637.7
2133,41967,2024-09-05,Defective/damaged,183.24
2134,41998,2023-12-18,Defective/damaged,1072.15
2135,42016,2024-12-25,Defective/damaged,227.34
2136,42018,2025-01-03,Not as described,143.64
2137,42019,2024-12-27,Wrong size/fit,207.93
2138,42031,2025-05-17,Wrong size/fit,112.64
2139,42040,2026-02-28,Wrong size/fit,153.44
2140,42044,2026-05-21,Changed mind,90.94
2141,42097,2024-06-30,Wrong size/fit,171.21
2142,42119,2025-11-13,Changed mind,189.5
2143,42139,2026-08-15,Wrong size/fit,41.54
2144,42144,2024-06-04,Changed mind,159.23
2145,42158,2025-02-17,Wrong size/fit,164.87
2146,42172,2023-12-05,Wrong size/fit,423.52
2147,42184,2025-12-03,Changed mind,460.43
2148,42214,2026-02-22,Defective/damaged,270.9
2149,42233,2026-08-19,Defective/damaged,143.42
2150,42245,2026-04-16,Wrong size/fit,136.48
2151,42247,2026-06-03,Wrong size/fit,68.93
2152,42252,2025-03-22,Defective/damaged,11.83
2153,42270,2025-01-27,Changed mind,89.72
2154,42346,2023-09-22,Not as described,31.67
2155,42358,2024-01-29,Changed mind,51.51
2156,42370,2025-08-10,Defective/damaged,653.31
2157,42372,2025-08-20,Changed mind,49.31
2158,42376,2025-08-25,Not as described,41.48
2159,42396,2026-09-05,Wrong size/fit,78.68
2160,42421,2024-04-16,Changed mind,20.36
2161,42454,2025-12-14,Changed mind,183.24
2162,42462,2024-02-07,Not as described,227.58
2163,42465,2024-05-20,Changed mind,68.57
2164,42506,2026-05-05,Changed mind,151.8
2165,42508,2026-07-15,Changed mind,112.64
2166,42509,2026-07-16,Wrong size/fit,49.31
2167,42592,2024-08-26,Wrong size/fit,78.43
2168,42720,2024-06-12,Changed mind,10.77
2169,42740,2025-07-17,Changed mind,168.61
2170,42745,2025-08-09,Not as described,98.02
2171,42751,2024-05-14,Defective/damaged,107.3
2172,42768,2025-02-04,Changed mind,878.26
2173,42806,2026-03-12,Not as described,132.98
2174,42815,2026-04-25,Changed mind,487.74
2175,42819,2023-01-29,Not as described,75.47
2176,42828,2025-01-26,Changed mind,375.77
2177,42860,2025-09-26,Not as described,51.78
2178,42909,2026-08-25,Defective/damaged,68.23
2179,42921,2026-02-03,Wrong size/fit,72.75
2180,42935,2026-05-23,Not as described,112.64
2181,42942,2026-07-21,Changed mind,112.64
2182,42944,2026-08-08,Changed mind,99.34
2183,42957,2025-02-20,Defective/damaged,110.55
2184,42974,2024-07-03,Not as described,52.68
2185,42984,2025-06-03,Wrong size/fit,78.07
2186,42998,2025-01-23,Defective/damaged,108.7
2187,43002,2025-05-18,Not as described,55.46
2188,43004,2025-07-16,Changed mind,163.39
2189,43069,2024-01-04,Not as described,24.97
2190,43115,2024-08-07,Not as described,179.58
2191,43121,2024-12-31,Changed mind,680.34
2192,43130,2025-03-11,Changed mind,192.17
2193,43141,2025-08-05,Defective/damaged,47.0
2194,43148,2025-06-03,Defective/damaged,47.03
2195,43175,2025-02-10,Changed mind,157.06
2196,43183,2025-03-15,Changed mind,662.93
2197,43190,2025-05-11,Changed mind,90.38
2198,43219,2026-02-01,Defective/damaged,572.8
2199,43263,2025-12-29,Wrong size/fit,176.38
2200,43305,2025-07-05,Wrong size/fit,27.08
2201,43351,2024-02-17,Changed mind,268.91
2202,43388,2025-08-02,Defective/damaged,16.42
2203,43449,2024-09-30,Defective/damaged,442.26
2204,43450,2024-10-12,Changed mind,172.25
2205,43476,2026-01-10,Changed mind,399.69
2206,43488,2026-05-03,Defective/damaged,166.75
2207,43501,2024-12-12,Not as described,157.68
2208,43504,2025-01-29,Not as described,112.64
2209,43525,2025-10-06,Changed mind,82.01
2210,43562,2024-09-15,Wrong size/fit,272.82
2211,43625,2025-04-15,Changed mind,380.73
2212,43628,2025-09-08,Defective/damaged,1190.65
2213,43650,2024-09-03,Not as described,431.16
2214,43662,2024-03-29,Wrong size/fit,249.74
2215,43678,2026-01-06,Wrong size/fit,112.64
2216,43707,2026-06-06,Not as described,92.82
2217,43716,2025-11-19,Defective/damaged,26.27
2218,43719,2025-12-09,Changed mind,630.7
2219,43727,2026-05-15,Wrong size/fit,93.52
2220,43731,2026-07-02,Changed mind,357.91
2221,43780,2024-08-19,Not as described,117.27
2222,43786,2024-12-22,Not as described,74.7
2223,43822,2024-07-19,Changed mind,166.97
2224,43849,2024-03-31,Not as described,114.65
2225,43912,2025-07-06,Wrong size/fit,17.63
2226,43927,2026-04-23,Changed mind,136.54
2227,43928,2024-08-09,Not as described,101.14
2228,43931,2025-01-26,Wrong size/fit,53.26
2229,44024,2025-02-28,Changed mind,14.21
2230,44040,2023-11-25,Defective/damaged,199.88
2231,44078,2025-03-04,Changed mind,12.31
2232,44083,2023-08-06,Wrong size/fit,95.04
2233,44087,2023-11-09,Changed mind,41.63
2234,44092,2024-02-04,Wrong size/fit,27.63
2235,44119,2025-01-13,Wrong size/fit,176.38
2236,44143,2025-04-06,Changed mind,55.03
2237,44148,2026-03-01,Not as described,67.57
2238,44165,2026-05-10,Defective/damaged,291.81
2239,44190,2024-06-13,Not as described,37.56
2240,44193,2024-07-22,Changed mind,59.65
2241,44244,2025-03-06,Defective/damaged,66.14
2242,44305,2026-04-03,Defective/damaged,237.25
2243,44311,2025-05-19,Wrong size/fit,90.14
2244,44320,2025-12-22,Not as described,162.08
2245,44327,2026-01-14,Wrong size/fit,106.78
2246,44347,2023-11-30,Defective/damaged,174.08
2247,44349,2024-01-21,Wrong size/fit,51.36
2248,44350,2024-01-21,Wrong size/fit,35.55
2249,44358,2024-04-02,Changed mind,31.6
2250,44372,2025-01-21,Not as described,464.44
2251,44380,2025-11-29,Not as described,631.12
2252,44392,2024-04-13,Changed mind,666.73
2253,44399,2024-06-30,Wrong size/fit,62.62
2254,44428,2025-03-14,Changed mind,43.67
2255,44438,2026-05-28,Wrong size/fit,123.52
2256,44505,2026-06-06,Changed mind,54.56
2257,44535,2024-01-04,Changed mind,90.7
2258,44545,2024-07-03,Not as described,96.57
2259,44560,2026-04-17,Not as described,642.36
2260,44587,2024-09-10,Changed mind,36.65
2261,44589,2024-08-14,Changed mind,693.83
2262,44637,2023-04-22,Not as described,456.79
2263,44641,2023-07-28,Changed mind,55.37
2264,44665,2026-03-30,Not as described,318.08
2265,44674,2023-09-27,Defective/damaged,314.04
2266,44678,2024-02-10,Not as described,9.26
2267,44704,2025-07-26,Changed mind,583.55
2268,44716,2025-11-17,Changed mind,227.58
2269,44722,2026-06-28,Changed mind,447.05
2270,44771,2025-08-23,Not as described,773.37
2271,44814,2023-03-04,Not as described,257.79
2272,44816,2023-10-16,Wrong size/fit,64.97
2273,44848,2026-05-13,Changed mind,70.37
2274,44861,2026-06-29,Changed mind,73.17
2275,44896,2024-02-11,Defective/damaged,27.65
2276,44944,2024-07-10,Wrong size/fit,126.91
2277,44963,2023-04-01,Wrong size/fit,127.62
2278,44976,2023-07-08,Not as described,26.91
2279,44980,2023-08-15,Not as described,18.95
2280,45036,2026-01-25,Wrong size/fit,72.51
2281,45047,2024-06-13,Defective/damaged,552.83
2282,45109,2026-06-18,Defective/damaged,30.62
2283,45111,2026-07-14,Changed mind,16.46
2284,45127,2023-12-20,Wrong size/fit,57.85
2285,45155,2025-04-07,Not as described,280.21
2286,45169,2026-01-29,Not as described,139.95
2287,45180,2025-09-05,Not as described,311.6
2288,45185,2026-02-16,Not as described,627.68
2289,45190,2025-06-02,Defective/damaged,530.61
2290,45209,2025-05-21,Wrong size/fit,126.9
2291,45243,2024-03-28,Defective/damaged,28.44
2292,45264,2023-09-26,Not as described,80.81
2293,45271,2024-02-20,Defective/damaged,52.02
2294,45277,2024-06-19,Not as described,182.08
2295,45286,2024-01-24,Defective/damaged,115.36
2296,45312,2025-01-26,Wrong size/fit,127.62
2297,45316,2025-04-09,Not as described,232.22
2298,45321,2025-07-14,Not as described,26.0
2299,45324,2025-09-17,Defective/damaged,646.32
2300,45332,2025-03-17,Not as described,58.85
2301,45370,2026-05-03,Changed mind,10.92
2302,45436,2026-04-07,Defective/damaged,63.15
2303,45457,2023-09-21,Changed mind,854.16
2304,45480,2024-09-17,Wrong size/fit,24.22
2305,45489,2024-03-13,Defective/damaged,45.98
2306,45503,2026-08-21,Not as described,21.43
2307,45532,2026-09-10,Not as described,364.38
2308,45536,2024-06-23,Defective/damaged,131.13
2309,45538,2024-06-30,Defective/damaged,37.25
2310,45545,2024-11-24,Changed mind,267.59
2311,45583,2023-02-02,Not as described,176.38
2312,45589,2023-09-12,Changed mind,178.44
2313,45600,2023-01-31,Not as described,70.97
2314,45601,2023-01-20,Wrong size/fit,47.0
2315,45619,2024-01-19,Changed mind,43.87
2316,45662,2024-01-19,Changed mind,13.28
2317,45678,2024-12-31,Wrong size/fit,36.75
2318,45682,2024-08-31,Changed mind,106.98
2319,45684,2026-07-19,Not as described,214.01
2320,45721,2023-10-06,Wrong size/fit,73.48
2321,45724,2024-03-25,Changed mind,67.51
2322,45725,2024-04-02,Changed mind,16.4
2323,45755,2025-09-23,Not as described,46.08
2324,45759,2025-10-04,Not as described,75.7
2325,45765,2025-10-30,Wrong size/fit,107.93
2326,45844,2026-07-31,Defective/damaged,128.68
2327,45865,2023-10-17,Defective/damaged,154.69
2328,45902,2024-11-23,Changed mind,155.97
2329,45932,2023-03-27,Changed mind,20.12
2330,45962,2024-12-27,Defective/damaged,199.88
2331,45993,2024-08-26,Not as described,559.79
2332,45997,2024-10-11,Changed mind,884.52
2333,46029,2023-11-17,Wrong size/fit,82.76
2334,46033,2023-12-09,Wrong size/fit,149.73
2335,46034,2023-11-29,Wrong size/fit,174.8
2336,46041,2026-03-04,Not as described,19.21
2337,46042,2026-04-19,Not as described,185.01
2338,46082,2026-07-12,Defective/damaged,193.65
2339,46101,2025-03-19,Defective/damaged,36.71
2340,46105,2025-05-06,Not as described,111.96
2341,46151,2024-06-27,Wrong size/fit,140.77
2342,46172,2024-07-26,Changed mind,286.87
2343,46191,2023-09-23,Not as described,55.37
2344,46202,2024-03-20,Not as described,311.98
2345,46223,2025-12-31,Not as described,311.94
2346,46233,2026-02-07,Changed mind,77.35
2347,46242,2024-11-13,Defective/damaged,31.49
2348,46260,2024-04-23,Not as described,191.49
2349,46275,2025-02-22,Defective/damaged,177.36
2350,46295,2024-11-02,Defective/damaged,379.56
2351,46325,2026-04-13,Defective/damaged,1596.7
2352,46345,2026-07-31,Not as described,22.04
2353,46346,2026-08-07,Changed mind,1189.02
2354,46350,2025-08-25,Wrong size/fit,114.86
2355,46378,2026-03-27,Not as described,111.7
2356,46425,2026-06-02,Changed mind,101.65
2357,46435,2025-09-16,Not as described,155.97
2358,46448,2026-09-08,Not as described,503.7
2359,46451,2023-08-01,Defective/damaged,320.2
2360,46491,2026-05-18,Changed mind,431.22
2361,46519,2025-07-28,Not as described,107.66
2362,46526,2026-03-07,Changed mind,37.97
2363,46541,2026-08-20,Not as described,45.63
2364,46693,2023-09-15,Defective/damaged,18.44
2365,46704,2024-04-24,Changed mind,46.22
2366,46706,2023-02-22,Not as described,719.23
2367,46712,2023-05-29,Defective/damaged,46.04
2368,46716,2023-08-27,Defective/damaged,133.15
2369,46726,2023-11-05,Changed mind,111.14
2370,46773,2025-02-25,Not as described,76.22
2371,46788,2026-05-09,Changed mind,183.6
2372,46797,2024-09-05,Not as described,344.36
2373,46838,2026-05-25,Changed mind,436.09
2374,46860,2025-08-18,Wrong size/fit,217.52
2375,46868,2026-02-26,Changed mind,148.85
2376,46877,2026-06-11,Changed mind,249.53
2377,46894,2023-05-16,Defective/damaged,541.68
2378,46901,2024-01-20,Changed mind,55.03
2379,46906,2024-04-18,Not as described,42.08
2380,46919,2024-10-06,Not as described,51.13
2381,46942,2025-02-13,Changed mind,50.61
2382,46967,2025-09-24,Changed mind,509.51
2383,47055,2024-12-19,Wrong size/fit,140.25
2384,47070,2026-01-09,Defective/damaged,981.69
2385,47071,2026-01-12,Not as described,96.77
2386,47158,2024-11-23,Changed mind,431.22
2387,47167,2024-04-09,Not as described,176.38
2388,47178,2024-09-18,Not as described,156.34
2389,47184,2025-01-14,Changed mind,80.3
2390,47187,2025-02-16,Wrong size/fit,96.7
2391,47194,2025-05-13,Not as described,143.53
2392,47195,2025-05-21,Wrong size/fit,90.94
2393,47212,2026-01-10,Wrong size/fit,71.82
2394,47216,2026-04-26,Wrong size/fit,155.97
2395,47219,2026-04-26,Changed mind,363.59
2396,47226,2025-12-17,Not as described,295.89
2397,47237,2026-08-17,Wrong size/fit,167.01
2398,47246,2025-12-24,Wrong size/fit,83.94
2399,47256,2025-11-25,Wrong size/fit,68.15
2400,47258,2025-12-25,Wrong size/fit,41.01
2401,47285,2026-01-26,Defective/damaged,37.7
2402,47304,2025-11-27,Not as described,159.1
2403,47354,2025-11-23,Changed mind,947.34
2404,47383,2025-11-30,Not as described,95.17
2405,47389,2024-07-21,Wrong size/fit,72.17
2406,47390,2024-08-05,Wrong size/fit,78.19
2407,47416,2023-10-09,Wrong size/fit,107.2
2408,47477,2026-08-23,Wrong size/fit,90.7
2409,47493,2025-02-05,Not as described,49.31
2410,47500,2025-05-29,Changed mind,61.07
2411,47511,2025-10-30,Changed mind,492.37
2412,47523,2026-03-24,Changed mind,379.72
2413,47530,2026-06-09,Changed mind,695.01
2414,47574,2024-11-25,Changed mind,55.57
2415,47586,2026-02-17,Changed mind,78.43
2416,47639,2025-05-29,Wrong size/fit,309.3
2417,47654,2026-05-03,Wrong size/fit,112.64
2418,47660,2025-04-16,Not as described,511.92
2419,47675,2024-07-01,Changed mind,153.44
2420,47682,2024-08-11,Wrong size/fit,181.88
2421,47684,2024-08-23,Not as described,47.0
2422,47717,2026-04-14,Wrong size/fit,91.05
2423,47747,2024-06-15,Wrong size/fit,153.44
2424,47751,2024-07-03,Defective/damaged,60.24
2425,47770,2026-07-25,Defective/damaged,199.88
2426,47809,2023-12-21,Defective/damaged,66.33
2427,47812,2023-10-16,Not as described,102.73
2428,47820,2024-06-13,Not as described,138.14
2429,47821,2023-05-16,Not as described,107.14
2430,47829,2026-01-01,Wrong size/fit,138.59
2431,47873,2024-02-09,Wrong size/fit,153.44
2432,47894,2025-05-20,Defective/damaged,183.24
2433,47905,2025-10-08,Not as described,676.11
2434,47909,2025-12-13,Changed mind,223.47
2435,48001,2024-08-24,Not as described,64.49
2436,48007,2024-09-21,Not as described,65.69
2437,48031,2025-05-28,Changed mind,233.6
2438,48052,2023-10-10,Defective/damaged,234.12
2439,48056,2023-12-21,Changed mind,163.28
2440,48064,2024-01-25,Changed mind,34.34
2441,48100,2026-06-20,Not as described,12.09
2442,48133,2025-02-21,Changed mind,337.92
2443,48147,2025-07-15,Wrong size/fit,54.32
2444,48150,2025-08-07,Not as described,164.52
2445,48155,2023-07-09,Wrong size/fit,225.5
2446,48162,2023-09-24,Changed mind,77.25
2447,48164,2023-10-17,Wrong size/fit,154.65
2448,48178,2025-01-30,Changed mind,41.33
2449,48232,2023-07-03,Wrong size/fit,169.33
2450,48244,2024-04-10,Changed mind,182.08
2451,48297,2024-12-04,Wrong size/fit,63.67
2452,48329,2025-12-25,Wrong size/fit,157.68
2453,48388,2025-03-06,Defective/damaged,79.8
2454,48400,2025-04-22,Changed mind,588.43
2455,48433,2025-04-27,Changed mind,66.36
2456,48450,2026-03-11,Wrong size/fit,139.11
2457,48490,2024-02-15,Wrong size/fit,105.56
2458,48514,2025-07-09,Not as described,266.99
2459,48537,2026-05-28,Not as described,303.59
2460,48544,2024-05-23,Wrong size/fit,47.0
2461,48589,2023-07-20,Changed mind,157.91
2462,48611,2025-08-17,Changed mind,110.92
2463,48618,2025-12-14,Wrong size/fit,78.17
2464,48627,2025-07-02,Defective/damaged,640.24
2465,48644,2025-09-21,Changed mind,199.88
2466,48645,2025-10-18,Changed mind,66.39
2467,48652,2026-04-01,Changed mind,22.66
2468,48688,2025-05-17,Changed mind,371.97
2469,48745,2024-07-21,Changed mind,290.0
2470,48754,2025-09-06,Wrong size/fit,126.72
2471,48831,2026-06-03,Wrong size/fit,50.27
2472,48835,2026-07-07,Wrong size/fit,45.01
2473,48838,2026-07-27,Changed mind,220.49
2474,48873,2025-05-27,Not as described,90.94
2475,48886,2025-11-30,Changed mind,2041.02
2476,48930,2025-09-02,Changed mind,162.52
2477,48970,2026-07-10,Defective/damaged,736.11
2478,48974,2024-01-29,Changed mind,79.38
2479,48998,2026-07-06,Wrong size/fit,127.39
2480,49025,2023-07-29,Wrong size/fit,68.49
2481,49030,2023-10-25,Not as described,49.82
2482,49044,2024-09-08,Not as described,86.66
2483,49052,2024-11-30,Wrong size/fit,104.32
2484,49072,2024-07-21,Defective/damaged,563.94
2485,49094,2024-12-29,Defective/damaged,61.07
2486,49109,2023-07-05,Defective/damaged,78.5
2487,49124,2025-04-19,Wrong size/fit,24.22
2488,49152,2026-04-12,Wrong size/fit,90.94
2489,49160,2023-07-01,Changed mind,76.11
2490,49167,2024-01-28,Defective/damaged,79.55
2491,49180,2025-06-21,Wrong size/fit,126.72
2492,49181,2025-06-15,Changed mind,68.23
2493,49217,2026-03-15,Defective/damaged,25.06
2494,49246,2024-04-02,Defective/damaged,139.23
2495,49269,2023-12-25,Changed mind,45.87
2496,49281,2024-09-07,Changed mind,46.57
2497,49299,2024-02-20,Wrong size/fit,109.86
2498,49323,2024-01-01,Wrong size/fit,337.92
2499,49396,2024-03-21,Not as described,66.77
2500,49478,2023-03-17,Changed mind,27.53
2501,49518,2026-06-01,Changed mind,69.08
2502,49539,2023-06-20,Changed mind,83.32
2503,49561,2023-07-06,Changed mind,90.3
2504,49569,2024-01-11,Wrong size/fit,78.17
2505,49594,2024-03-28,Wrong size/fit,64.14
2506,49595,2024-04-07,Wrong size/fit,13.1
2507,49597,2024-06-07,Not as described,110.55
2508,49601,2024-06-01,Wrong size/fit,55.03
2509,49611,2026-02-01,Changed mind,89.12
2510,49614,2026-02-26,Defective/damaged,63.64
2511,49628,2026-07-17,Changed mind,50.24
2512,49635,2025-04-11,Wrong size/fit,124.78
2513,49668,2025-02-05,Changed mind,270.84
2514,49669,2025-02-08,Wrong size/fit,104.32
2515,49679,2023-07-21,Changed mind,43.21
2516,49730,2023-02-14,Changed mind,204.59
2517,49837,2025-12-09,Not as described,17.15
2518,49859,2026-06-03,Defective/damaged,40.65
2519,49876,2023-12-01,Wrong size/fit,130.61
2520,49879,2023-12-04,Changed mind,131.91
2521,49886,2024-02-28,Wrong size/fit,428.08
2522,49910,2026-08-30,Changed mind,98.62
2523,49933,2025-12-03,Not as described,349.29
2524,49946,2025-08-09,Wrong size/fit,64.1
2525,49953,2025-09-28,Not as described,171.21
2526,49956,2026-01-23,Wrong size/fit,136.48
2527,49971,2025-08-27,Changed mind,73.91
2528,49994,2026-08-24,Changed mind,427.08
2529,50036,2024-08-18,Defective/damaged,34.17
2530,50039,2024-06-21,Changed mind,99.77
2531,50071,2024-11-27,Not as described,300.5
2532,50074,2025-06-05,Changed mind,797.64
2533,50079,2023-10-01,Wrong size/fit,105.18
2534,50086,2026-05-19,Not as described,563.94
2535,50093,2026-08-12,Defective/damaged,335.74
2536,50098,2024-10-07,Wrong size/fit,94.0
2537,50099,2026-01-05,Wrong size/fit,49.31
2538,50103,2025-06-03,Not as described,523.24
2539,50120,2024-12-24,Defective/damaged,118.87
2540,50121,2025-06-18,Defective/damaged,408.3
2541,50142,2025-12-14,Defective/damaged,255.96
2542,50152,2024-07-20,Not as described,183.24
2543,50182,2026-08-24,Changed mind,157.68
2544,50252,2025-07-29,Wrong size/fit,143.53
2545,50272,2023-09-16,Defective/damaged,32.23
2546,50281,2024-04-07,Defective/damaged,188.22
2547,50294,2024-07-30,Not as described,35.5
2548,50309,2026-05-26,Changed mind,32.5
2549,50311,2026-08-06,Wrong size/fit,47.21
2550,50327,2025-01-04,Changed mind,87.42
2551,50336,2025-08-15,Changed mind,187.35
2552,50345,2025-11-20,Wrong size/fit,143.64
2553,50347,2025-12-02,Wrong size/fit,82.89
2554,50350,2026-01-16,Wrong size/fit,141.1
2555,50360,2026-05-08,Not as described,267.17
2556,50372,2023-05-29,Changed mind,300.74
2557,50390,2026-06-08,Not as described,64.49
2558,50393,2026-06-21,Changed mind,183.12
2559,50415,2025-09-14,Wrong size/fit,49.99
2560,50424,2025-10-28,Wrong size/fit,31.17
2561,50425,2025-11-30,Changed mind,104.32
2562,50428,2026-01-24,Not as described,219.72
2563,50429,2026-02-10,Changed mind,121.24
2564,50448,2026-05-22,Wrong size/fit,364.16
2565,50449,2026-07-03,Changed mind,89.88
2566,50460,2026-01-02,Changed mind,32.89
2567,50463,2024-12-05,Changed mind,78.13
2568,50467,2026-06-05,Defective/damaged,374.02
2569,50508,2023-08-30,Changed mind,182.19
2570,50543,2025-03-01,Defective/damaged,199.62
2571,50547,2024-12-16,Wrong size/fit,62.71
2572,50550,2025-04-23,Changed mind,253.44
2573,50554,2023-05-13,Defective/damaged,96.8
2574,50562,2023-10-06,Changed mind,291.69
2575,50568,2023-12-19,Not as described,119.96
2576,50586,2024-06-03,Wrong size/fit,49.31
2577,50601,2025-01-23,Not as described,127.18
2578,50605,2025-04-13,Wrong size/fit,29.59
2579,50615,2024-10-30,Defective/damaged,438.16
2580,50627,2023-09-05,Defective/damaged,324.16
2581,50629,2023-10-20,Changed mind,50.34
2582,50630,2023-10-19,Changed mind,91.26
2583,50634,2024-02-27,Changed mind,40.92
2584,50654,2023-11-20,Changed mind,38.06
2585,50660,2023-08-30,Not as described,55.55
2586,50707,2023-10-22,Changed mind,34.29
2587,50780,2025-07-03,Not as described,267.07
2588,50801,2025-12-06,Not as described,76.38
2589,50842,2023-02-19,Not as described,27.26
2590,50846,2023-05-08,Changed mind,657.42
2591,50885,2023-06-01,Wrong size/fit,359.05
2592,50903,2023-12-11,Wrong size/fit,143.84
2593,50909,2024-03-07,Defective/damaged,26.0
2594,50918,2024-06-20,Not as described,171.21
2595,50935,2025-05-17,Changed mind,218.09
2596,50956,2025-12-14,Wrong size/fit,42.89
2597,50980,2025-01-11,Changed mind,146.64
2598,51017,2026-06-09,Wrong size/fit,136.48
2599,51025,2025-11-01,Defective/damaged,17.29
2600,51056,2024-08-20,Defective/damaged,155.91
2601,51080,2024-02-13,Changed mind,46.56
2602,51100,2024-11-22,Changed mind,257.79
2603,51111,2025-04-17,Not as described,272.88
2604,51196,2024-04-04,Not as described,45.59
2605,51198,2024-04-07,Not as described,181.13
2606,51211,2024-12-04,Not as described,1008.35
2607,51226,2025-05-15,Not as described,74.36
2608,51261,2024-05-28,Changed mind,107.23
2609,51314,2026-03-28,Not as described,153.44
2610,51348,2025-04-13,Changed mind,52.05
2611,51359,2024-12-21,Wrong size/fit,90.42
2612,51365,2025-06-09,Not as described,680.34
2613,51374,2024-10-01,Changed mind,163.25
2614,51389,2025-07-22,Wrong size/fit,50.54
2615,51403,2026-05-14,Defective/damaged,26.6
2616,51413,2023-10-13,Not as described,199.88
2617,51425,2024-10-05,Changed mind,141.91
2618,51430,2024-12-05,Changed mind,578.29
2619,51432,2025-01-08,Changed mind,232.22
2620,51446,2025-04-11,Wrong size/fit,117.78
2621,51468,2025-01-31,Wrong size/fit,81.1
2622,51479,2026-02-16,Defective/damaged,107.43
2623,51490,2026-05-30,Defective/damaged,278.23
2624,51498,2026-04-16,Not as described,45.25
2625,51544,2024-01-14,Changed mind,1959.93
2626,51557,2025-01-08,Changed mind,106.06
2627,51562,2023-02-20,Changed mind,558.24
2628,51573,2026-05-07,Changed mind,114.82
2629,51600,2023-12-19,Defective/damaged,17.43
2630,51636,2024-04-14,Not as described,142.69
2631,51650,2023-10-10,Wrong size/fit,36.33
2632,51667,2025-01-01,Wrong size/fit,90.08
2633,51677,2025-02-27,Not as described,27.06
2634,51733,2025-07-26,Changed mind,49.31
2635,51738,2025-08-12,Changed mind,63.44
2636,51742,2025-09-04,Not as described,27.65
2637,51749,2026-01-06,Not as described,199.88
2638,51752,2026-03-31,Changed mind,339.04
2639,51818,2023-01-29,Wrong size/fit,269.64
2640,51824,2023-06-04,Wrong size/fit,79.97
2641,51825,2023-06-09,Changed mind,38.5
2642,51832,2023-09-27,Changed mind,129.41
2643,51838,2023-11-16,Not as described,72.79
2644,51870,2024-02-07,Not as described,549.72
2645,51876,2024-09-22,Wrong size/fit,152.2
2646,51923,2026-03-11,Not as described,799.38
2647,51964,2025-03-16,Wrong size/fit,127.18
2648,51967,2025-05-20,Not as described,78.17
2649,51987,2026-03-10,Wrong size/fit,162.66
2650,51988,2026-05-28,Changed mind,27.13
2651,52018,2025-02-23,Wrong size/fit,37.56
2652,52019,2025-07-10,Wrong size/fit,14.08
2653,52022,2025-07-10,Changed mind,66.67
2654,52049,2025-01-04,Not as described,95.14
2655,52090,2025-03-14,Changed mind,438.75
2656,52094,2025-06-26,Changed mind,202.03
2657,52125,2023-08-19,Wrong size/fit,59.01
2658,52127,2024-03-28,Wrong size/fit,53.26
2659,52148,2024-03-28,Defective/damaged,298.97
2660,52155,2025-06-24,Wrong size/fit,27.89
2661,52157,2025-07-09,Changed mind,29.0
2662,52161,2025-08-08,Wrong size/fit,155.39
2663,52170,2024-09-02,Not as described,71.0
2664,52187,2025-02-08,Wrong size/fit,29.59
2665,52196,2026-06-27,Changed mind,273.54
2666,52286,2024-06-11,Wrong size/fit,63.26
2667,52325,2024-08-31,Defective/damaged,191.34
2668,52345,2025-05-26,Changed mind,298.97
2669,52375,2024-01-21,Changed mind,369.86
2670,52378,2024-02-08,Defective/damaged,174.62
2671,52388,2024-10-23,Changed mind,421.98
2672,52415,2026-01-09,Wrong size/fit,124.64
2673,52450,2024-07-01,Changed mind,156.14
2674,52467,2025-10-12,Wrong size/fit,82.49
2675,52547,2024-11-28,Changed mind,339.04
2676,52561,2024-11-04,Defective/damaged,279.12
2677,52571,2025-03-29,Not as described,150.76
2678,52576,2025-05-15,Defective/damaged,27.55
2679,52611,2024-11-08,Changed mind,223.2
2680,52618,2024-12-01,Not as described,103.79
2681,52623,2025-01-27,Defective/damaged,201.16
2682,52655,2026-01-08,Defective/damaged,215.04
2683,52694,2024-04-15,Changed mind,52.83
2684,52705,2023-07-24,Wrong size/fit,77.35
2685,52749,2024-04-05,Not as described,94.0
2686,52764,2026-07-14,Defective/damaged,663.62
2687,52766,2026-02-15,Changed mind,34.48
2688,52775,2024-12-26,Not as described,120.1
2689,52785,2024-07-06,Wrong size/fit,171.38
2690,52839,2025-12-12,Changed mind,290.1
2691,52908,2025-09-29,Changed mind,489.8
2692,52915,2025-01-25,Wrong size/fit,33.16
2693,52918,2026-05-18,Defective/damaged,588.85
2694,52977,2024-07-20,Wrong size/fit,109.86
2695,52993,2024-02-21,Changed mind,77.35
2696,52994,2024-03-30,Wrong size/fit,112.64
2697,53041,2025-05-22,Wrong size/fit,30.82
2698,53090,2026-07-04,Defective/damaged,14.66
2699,53141,2025-12-13,Changed mind,122.92
2700,53154,2024-02-11,Wrong size/fit,114.92
2701,53222,2025-05-14,Defective/damaged,79.07
2702,53257,2024-01-27,Wrong size/fit,126.91
2703,53291,2024-04-16,Not as described,14.4
2704,53308,2025-05-10,Changed mind,270.05
2705,53312,2025-08-22,Not as described,473.04
2706,53384,2024-07-21,Not as described,667.48
2707,53406,2025-05-27,Defective/damaged,251.37
2708,53453,2024-12-03,Not as described,109.24
2709,53489,2024-01-30,Not as described,9.39
2710,53501,2024-09-09,Not as described,12.7
2711,53508,2026-04-30,Changed mind,201.72
2712,53514,2026-05-24,Changed mind,143.53
2713,53538,2026-06-29,Not as described,34.84
2714,53540,2026-07-30,Changed mind,16.47
2715,53555,2025-09-06,Defective/damaged,47.03
2716,53614,2026-07-24,Defective/damaged,566.32
2717,53649,2023-02-16,Changed mind,52.62
2718,53669,2025-08-05,Changed mind,37.77
2719,53674,2025-11-16,Not as described,291.77
2720,53766,2026-01-25,Not as described,653.31
2721,53792,2026-04-28,Not as described,119.12
2722,53828,2024-04-28,Wrong size/fit,76.1
2723,53832,2024-09-19,Wrong size/fit,55.57
2724,53872,2026-02-01,Wrong size/fit,78.43
2725,53935,2025-07-21,Not as described,78.08
2726,53953,2024-12-26,Changed mind,61.07
2727,53974,2024-08-04,Wrong size/fit,225.28
2728,53980,2026-06-18,Changed mind,89.75
2729,54003,2025-07-21,Wrong size/fit,52.68
2730,54019,2025-03-02,Changed mind,83.49
2731,54052,2025-09-25,Defective/damaged,168.58
2732,54055,2026-01-01,Defective/damaged,1255.35
2733,54063,2023-10-07,Not as described,414.14
2734,54077,2023-03-14,Defective/damaged,138.45
2735,54150,2023-11-13,Changed mind,92.82
2736,54165,2025-04-27,Not as described,220.74
2737,54177,2024-04-27,Changed mind,66.67
2738,54178,2024-04-30,Wrong size/fit,51.51
2739,54191,2025-11-11,Wrong size/fit,41.63
2740,54192,2025-11-06,Changed mind,225.28
2741,54233,2026-02-07,Wrong size/fit,167.53
2742,54257,2024-06-09,Wrong size/fit,142.28
2743,54274,2026-05-01,Wrong size/fit,103.18
2744,54285,2026-07-21,Wrong size/fit,76.22
2745,54310,2026-06-08,Changed mind,377.03
2746,54325,2023-12-28,Changed mind,739.72
2747,54340,2023-04-01,Wrong size/fit,130.86
2748,54348,2023-11-16,Changed mind,42.77
2749,54358,2024-09-01,Wrong size/fit,47.0
2750,54368,2026-04-29,Changed mind,197.39
2751,54373,2026-05-21,Not as described,690.82
2752,54375,2025-05-14,Not as described,195.88
2753,54406,2025-06-04,Wrong size/fit,447.92
2754,54407,2025-07-19,Not as described,460.32
2755,54412,2025-10-19,Changed mind,204.85
2756,54419,2026-03-16,Defective/damaged,246.16
2757,54424,2026-06-04,Not as described,151.8
2758,54436,2023-05-22,Not as described,300.83
2759,54440,2024-06-26,Not as described,71.76
2760,54452,2024-09-08,Changed mind,303.6
2761,54469,2025-03-14,Changed mind,153.44
2762,54495,2026-04-01,Not as described,308.7
2763,54523,2023-03-22,Changed mind,173.48
2764,54543,2023-08-02,Changed mind,319.75
2765,54557,2024-03-07,Changed mind,163.47
2766,54617,2023-11-08,Wrong size/fit,217.88
2767,54633,2023-09-06,Defective/damaged,241.32
2768,54638,2023-10-26,Not as described,517.79
2769,54642,2024-02-26,Changed mind,45.12
2770,54649,2025-07-25,Defective/damaged,90.78
2771,54677,2025-02-06,Changed mind,315.78
2772,54757,2026-03-25,Not as described,25.14
2773,54826,2025-11-24,Not as described,170.97
2774,54848,2024-04-12,Wrong size/fit,117.01
2775,54911,2024-01-09,Not as described,57.28
2776,54920,2023-03-30,Changed mind,276.27
2777,54924,2023-06-27,Changed mind,239.55
2778,54953,2024-10-31,Not as described,195.81
2779,54988,2024-10-28,Defective/damaged,47.78
2780,55006,2025-08-18,Changed mind,486.96
2781,55084,2023-05-07,Not as described,380.8
2782,55086,2023-05-10,Changed mind,583.55
2783,55099,2023-10-18,Changed mind,89.48
2784,55100,2023-10-24,Wrong size/fit,16.9
2785,55104,2024-06-04,Not as described,91.26
2786,55119,2026-06-21,Not as described,17.82
2787,55148,2025-11-26,Defective/damaged,30.54
2788,55150,2025-12-20,Changed mind,23.7
2789,55182,2026-03-30,Changed mind,346.08
2790,55239,2024-06-02,Not as described,127.62
2791,55260,2024-06-27,Wrong size/fit,155.97
2792,55272,2026-07-09,Changed mind,94.11
2793,55289,2026-09-14,Defective/damaged,316.75
2794,55308,2025-03-04,Defective/damaged,52.53
2795,55330,2025-12-05,Not as described,73.48
2796,55333,2024-07-07,Not as described,431.22
2797,55334,2024-10-18,Wrong size/fit,133.0
2798,55353,2024-10-11,Wrong size/fit,102.17
2799,55361,2025-08-18,Not as described,41.86
2800,55375,2025-01-19,Changed mind,601.66
2801,55397,2025-06-06,Not as described,54.84
2802,55400,2025-12-12,Changed mind,150.54
2803,55409,2025-12-13,Not as described,79.68
2804,55465,2025-12-24,Changed mind,104.92
2805,55470,2025-06-23,Not as described,143.53
2806,55497,2026-03-25,Wrong size/fit,306.21
2807,55498,2026-03-21,Changed mind,154.78
2808,55561,2026-04-12,Changed mind,473.04
2809,55575,2024-02-20,Changed mind,250.2
2810,55590,2025-01-10,Defective/damaged,107.53
2811,55605,2024-02-24,Wrong size/fit,149.39
2812,55631,2025-01-23,Not as described,304.95
2813,55655,2023-06-16,Defective/damaged,541.38
2814,55660,2023-11-19,Changed mind,106.47
2815,55676,2024-10-26,Wrong size/fit,22.27
2816,55680,2024-12-20,Changed mind,16.57
2817,55682,2024-12-27,Wrong size/fit,141.45
2818,55704,2025-11-26,Wrong size/fit,52.08
2819,55715,2024-11-23,Wrong size/fit,95.08
2820,55721,2024-11-04,Wrong size/fit,98.62
2821,55737,2025-09-02,Defective/damaged,232.22
2822,55743,2025-08-18,Wrong size/fit,303.6
2823,55744,2025-08-16,Changed mind,287.06
2824,55779,2025-12-15,Wrong size/fit,37.79
2825,55797,2024-04-21,Not as described,279.01
2826,55808,2024-11-03,Changed mind,27.69
2827,55809,2024-10-27,Changed mind,70.37
2828,55812,2025-02-12,Changed mind,21.47
2829,55825,2024-01-18,Not as described,72.7
2830,55830,2024-05-23,Changed mind,52.32
2831,55857,2024-09-08,Not as described,431.22
2832,55858,2024-09-12,Changed mind,26.0
2833,55891,2024-05-23,Not as described,88.27
2834,55904,2025-06-12,Changed mind,16.79
2835,55917,2023-08-12,Defective/damaged,552.32
2836,55920,2023-08-11,Changed mind,162.08
2837,55926,2024-07-02,Wrong size/fit,179.86
2838,55945,2024-05-12,Not as described,94.06
2839,55948,2024-06-14,Defective/damaged,584.55
2840,55949,2024-06-17,Changed mind,166.75
2841,56090,2025-05-21,Changed mind,46.12
2842,56112,2023-10-28,Wrong size/fit,77.3
2843,56118,2024-02-14,Not as described,32.89
2844,56125,2023-07-08,Changed mind,109.16
2845,56137,2023-04-24,Not as described,144.67
2846,56140,2023-05-18,Not as described,32.89
2847,56159,2025-05-14,Wrong size/fit,180.22
2848,56160,2025-05-14,Wrong size/fit,43.38
2849,56163,2025-05-27,Wrong size/fit,154.7
2850,56189,2026-03-27,Wrong size/fit,72.7
2851,56233,2025-01-18,Defective/damaged,623.09
2852,56239,2025-05-18,Not as described,62.98
2853,56311,2025-08-07,Changed mind,157.68
2854,56316,2025-12-20,Changed mind,120.63
2855,56327,2026-05-08,Not as described,26.33
2856,56333,2026-06-11,Not as described,72.62
2857,56347,2025-07-12,Not as described,6.24
2858,56356,2025-06-03,Wrong size/fit,134.28
2859,56362,2026-01-24,Wrong size/fit,25.53
2860,56366,2026-03-03,Wrong size/fit,91.8
2861,56371,2026-06-03,Not as described,58.26
2862,56388,2025-12-02,Wrong size/fit,147.3
2863,56389,2026-01-01,Changed mind,130.53
2864,56432,2025-06-14,Changed mind,12.36
2865,56444,2025-11-26,Wrong size/fit,161.79
2866,56470,2023-03-25,Not as described,108.6
2867,56558,2025-03-18,Changed mind,77.57
2868,56587,2025-10-10,Changed mind,19.21
2869,56592,2026-06-11,Not as described,438.16
2870,56603,2024-07-23,Wrong size/fit,242.44
2871,56632,2026-05-19,Not as described,251.37
2872,56658,2026-02-16,Wrong size/fit,156.34
2873,56668,2023-06-22,Changed mind,311.6
2874,56671,2023-09-16,Changed mind,246.49
2875,56709,2024-09-29,Changed mind,1202.85
2876,56731,2026-05-11,Not as described,320.95
2877,56758,2024-07-07,Not as described,37.63
2878,56795,2023-05-26,Changed mind,20.12
2879,56811,2023-12-07,Changed mind,34.84
2880,56818,2024-02-03,Wrong size/fit,133.75
2881,56819,2024-01-31,Wrong size/fit,12.84
2882,56824,2024-02-01,Changed mind,161.85
2883,56830,2024-03-04,Not as described,39.55
2884,56855,2023-07-05,Changed mind,81.78
2885,56889,2023-12-29,Changed mind,680.34
2886,56915,2024-11-09,Not as described,61.23
2887,56940,2025-04-01,Not as described,544.27
2888,56972,2024-10-02,Changed mind,190.93
2889,57026,2024-04-23,Wrong size/fit,272.96
2890,57071,2024-10-04,Changed mind,29.38
2891,57090,2025-03-03,Defective/damaged,40.6
2892,57110,2025-05-07,Defective/damaged,35.59
2893,57130,2025-11-27,Defective/damaged,39.44
2894,57164,2024-11-13,Defective/damaged,79.07
2895,57182,2024-10-11,Changed mind,467.91
2896,57196,2025-03-17,Not as described,220.98
2897,57204,2025-09-11,Defective/damaged,23.7
2898,57229,2026-05-10,Wrong size/fit,176.38
2899,57248,2024-09-06,Wrong size/fit,451.99
2900,57253,2024-12-11,Defective/damaged,73.32
2901,57311,2026-04-04,Wrong size/fit,158.41
2902,57360,2024-05-24,Defective/damaged,269.25
2903,57362,2024-06-11,Defective/damaged,11.96
2904,57432,2024-06-10,Not as described,189.78
2905,57540,2026-04-27,Defective/damaged,109.25
2906,57636,2026-06-05,Not as described,46.73
2907,57729,2026-02-03,Changed mind,140.43
2908,57741,2026-05-13,Defective/damaged,54.0
2909,57751,2023-11-15,Wrong size/fit,80.37
2910,57768,2024-08-02,Not as described,50.61
